{
  "timestamp": "20260429_035338",
  "config": {
    "model_size": "125M",
    "batch_size": 4,
    "gradient_accumulation": 4,
    "max_steps": 500,
    "max_seq_len": 1024,
    "learning_rate": 0.0006,
    "Kx": 1,
    "Ku": 1,
    "Kv": 1
  },
  "results": {
    "DDP": {
      "final_loss": 3.5069397389888763,
      "avg_loss": 3.0237243814766406,
      "total_time_seconds": 177.0532009601593,
      "tokens_per_second_per_gpu": 46268.57891060311,
      "tokens_per_second_cluster": 138805.73673180933,
      "peak_memory_gb": 5.65778432,
      "mfu": 0.04566520138935824,
      "gpu_name": "NVIDIA H100 NVL",
      "sync_counts": {
        "all": 500
      },
      "losses": [
        10.942081451416016,
        10.898723602294922,
        10.772764205932617,
        10.57779312133789,
        10.316810607910156,
        10.098785400390625,
        9.670963287353516,
        9.505542755126953,
        9.304136276245117,
        9.193090438842773,
        8.788864135742188,
        12.686836242675781,
        8.784204483032227,
        8.72347640991211,
        8.585559844970703,
        8.661504745483398,
        8.698829650878906,
        8.532197952270508,
        8.640531539916992,
        9.592235565185547,
        8.583135604858398,
        8.437311172485352,
        8.336694717407227,
        8.507036209106445,
        8.452678680419922,
        8.500190734863281,
        8.334917068481445,
        8.375757217407227,
        8.440927505493164,
        8.346294403076172,
        8.490224838256836,
        8.269096374511719,
        8.268522262573242,
        8.239301681518555,
        8.36492919921875,
        8.472057342529297,
        8.40390396118164,
        8.202543258666992,
        8.287801742553711,
        8.160945892333984,
        8.288814544677734,
        8.20852279663086,
        8.258157730102539,
        8.099664688110352,
        8.315202713012695,
        8.253450393676758,
        8.17326545715332,
        8.049968719482422,
        8.2344970703125,
        8.166522979736328,
        8.16501235961914,
        8.224325180053711,
        8.034261703491211,
        7.983665466308594,
        8.012590408325195,
        8.164493560791016,
        8.095638275146484,
        8.03846549987793,
        7.945318222045898,
        7.968957901000977,
        7.90711784362793,
        8.044757843017578,
        7.935585021972656,
        8.086915969848633,
        7.960443496704102,
        7.956459045410156,
        7.991842269897461,
        7.814125061035156,
        7.920322418212891,
        7.929433822631836,
        7.900051116943359,
        7.803936004638672,
        7.948432922363281,
        7.867021560668945,
        7.772218704223633,
        7.755826950073242,
        7.81694221496582,
        7.776832580566406,
        7.803062438964844,
        7.748224258422852,
        7.697164535522461,
        7.780124664306641,
        7.713630676269531,
        7.758441925048828,
        7.724035263061523,
        7.667680740356445,
        7.773191452026367,
        7.52070426940918,
        7.6580963134765625,
        7.661090850830078,
        7.7184295654296875,
        7.681035995483398,
        7.717704772949219,
        7.620445251464844,
        7.682332992553711,
        7.549854278564453,
        7.667009353637695,
        7.55928897857666,
        7.676723480224609,
        7.701839447021484,
        7.655130386352539,
        7.667474746704102,
        7.538562774658203,
        7.5626068115234375,
        7.516687393188477,
        7.489166259765625,
        7.419137001037598,
        7.585243225097656,
        7.487462997436523,
        7.486278533935547,
        7.538721084594727,
        7.5325927734375,
        7.495576858520508,
        7.498960494995117,
        7.562246322631836,
        7.590618133544922,
        7.445451736450195,
        7.4210357666015625,
        7.41270637512207,
        7.46037483215332,
        7.576606750488281,
        7.561862945556641,
        7.396158218383789,
        7.27540397644043,
        7.334901809692383,
        7.37211799621582,
        7.411968231201172,
        7.235518455505371,
        7.335375785827637,
        7.265695571899414,
        7.386680603027344,
        7.253610610961914,
        7.20173454284668,
        7.2871809005737305,
        7.102630615234375,
        7.305605888366699,
        7.221704483032227,
        7.24794864654541,
        7.216544151306152,
        7.332529067993164,
        7.193743705749512,
        7.261617660522461,
        7.228282928466797,
        7.1196441650390625,
        7.019194602966309,
        7.13189697265625,
        7.071999549865723,
        7.142618179321289,
        7.197105407714844,
        6.865311622619629,
        7.113508224487305,
        6.980551719665527,
        6.969029426574707,
        6.9739885330200195,
        6.978727340698242,
        7.071098327636719,
        6.689093589782715,
        6.869224548339844,
        6.549355506896973,
        7.080801010131836,
        6.661118507385254,
        6.937648773193359,
        6.700691223144531,
        6.912837028503418,
        6.743981838226318,
        6.645179748535156,
        6.663156986236572,
        6.739455223083496,
        6.052760124206543,
        6.123218536376953,
        6.231688737869263,
        6.518061876296997,
        6.530052661895752,
        6.291166543960571,
        6.7821245193481445,
        5.758098840713501,
        5.907935857772827,
        5.940897107124329,
        6.250746011734009,
        6.53125,
        6.007214784622192,
        6.096991539001465,
        6.058372497558594,
        5.828600168228149,
        6.179583430290222,
        5.696495294570923,
        6.177505135536194,
        6.406074047088623,
        6.417606830596924,
        5.6924275159835815,
        5.7789729833602905,
        5.307465553283691,
        5.590700626373291,
        5.877818822860718,
        6.141826629638672,
        6.406072616577148,
        5.832104325294495,
        5.353387951850891,
        5.275210797786713,
        5.600969433784485,
        5.887749791145325,
        5.510853290557861,
        6.024681925773621,
        5.967248916625977,
        5.939801454544067,
        6.371460556983948,
        5.768540978431702,
        5.5698336362838745,
        5.996533155441284,
        4.829229831695557,
        5.449439764022827,
        6.094305157661438,
        5.511188387870789,
        4.948422133922577,
        4.098826766014099,
        5.186618089675903,
        5.002040505409241,
        5.186314344406128,
        5.124315977096558,
        5.772900283336639,
        5.5399603843688965,
        5.817620038986206,
        5.170010030269623,
        5.097018122673035,
        4.946227192878723,
        4.745033383369446,
        5.267005801200867,
        5.551035761833191,
        5.5806814432144165,
        5.746147871017456,
        5.120097577571869,
        5.535379409790039,
        5.233003497123718,
        4.592279076576233,
        4.954645872116089,
        4.9307039976119995,
        5.423451781272888,
        5.603384733200073,
        5.0183762311935425,
        4.738819718360901,
        4.848730444908142,
        5.487696647644043,
        5.216607689857483,
        5.482486724853516,
        4.942498683929443,
        4.4682323932647705,
        5.447054505348206,
        5.082302451133728,
        4.224158048629761,
        4.705635190010071,
        5.511062860488892,
        5.172311425209045,
        5.610400676727295,
        5.166599750518799,
        3.424691617488861,
        3.75471568107605,
        3.8532447814941406,
        4.224435925483704,
        4.747952342033386,
        5.179102778434753,
        5.163553953170776,
        3.8358892798423767,
        4.6024192571640015,
        4.67570436000824,
        5.218140244483948,
        4.682573676109314,
        5.477180242538452,
        4.129460692405701,
        5.168035507202148,
        4.527020514011383,
        3.8930059671401978,
