{
  "timestamp": "20260424_075437",
  "config": {
    "model_size": "700M",
    "batch_size": 4,
    "gradient_accumulation": 4,
    "max_steps": 500,
    "max_seq_len": 1024,
    "learning_rate": 0.0006,
    "Kx": 1,
    "Ku": 1,
    "Kv": 1
  },
  "results": {
    "DDP": {
      "final_loss": 8.127550601959229,
      "avg_loss": 8.155568823814392,
      "total_time_seconds": 889.4015338420868,
      "tokens_per_second_per_gpu": 9210.687960714142,
      "tokens_per_second_cluster": 27632.063882142425,
      "peak_memory_gb": 26.510022144,
      "mfu": 0.056551822877583625,
      "gpu_name": "NVIDIA H100 NVL",
      "sync_counts": {
        "all": 500
      },
      "losses": [
        11.075492858886719,
        10.832587242126465,
        10.670502662658691,
        10.187843561172485,
        9.924445867538452,
        9.707105875015259,
        9.290431022644043,
        9.2069833278656,
        9.156444549560547,
        9.306681156158447,
        8.855527639389038,
        8.958360433578491,
        8.841185808181763,
        15.629533529281616,
        8.71579885482788,
        8.807604312896729,
        8.77397894859314,
        8.584317445755005,
        8.772461414337158,
        8.490350723266602,
        8.699877262115479,
        8.54721999168396,
        8.399166584014893,
        8.614508628845215,
        8.563830852508545,
        8.57967472076416,
        8.476377725601196,
        8.492280960083008,
        8.53538203239441,
        8.471160888671875,
        8.52238655090332,
        8.3942551612854,
        8.427358150482178,
        8.35153317451477,
        8.506550312042236,
        8.591800451278687,
        8.524036645889282,
        8.276490688323975,
        8.394660472869873,
        8.314253568649292,
        8.398234367370605,
        8.419488191604614,
        8.333540916442871,
        8.253369092941284,
        8.520090341567993,
        8.408350229263306,
        8.40842866897583,
        8.230595588684082,
        8.479963779449463,
        8.337777614593506,
        8.368853330612183,
        8.438230991363525,
        8.252539157867432,
        8.221921682357788,
        8.293769598007202,
        8.459722518920898,
        8.418774366378784,
        8.288713693618774,
        8.258480787277222,
        8.260998010635376,
        8.181129455566406,
        8.381346702575684,
        8.278297662734985,
        8.38854455947876,
        8.332138538360596,
        8.37295150756836,
        8.328324317932129,
        8.178051233291626,
        8.358060598373413,
        8.324782848358154,
        8.3417067527771,
        8.288479566574097,
        8.387250185012817,
        8.268821001052856,
        8.349976062774658,
        8.261382818222046,
        8.328051090240479,
        8.226582288742065,
        8.31260061264038,
        8.178235292434692,
        8.272940874099731,
        8.311667203903198,
        8.306360721588135,
        8.447978973388672,
        8.260337829589844,
        8.241484642028809,
        8.312488079071045,
        8.160866260528564,
        8.253809690475464,
        8.318485260009766,
        8.313184261322021,
        8.299750566482544,
        8.256984949111938,
        8.205868482589722,
        8.22268271446228,
        8.257186651229858,
        8.294593572616577,
        8.219286441802979,
        8.310991764068604,
        8.288464307785034,
        8.240084886550903,
        8.333781242370605,
        8.241003036499023,
        8.275742053985596,
        8.130408525466919,
        8.269781827926636,
        8.187056303024292,
        8.272201299667358,
        8.260426759719849,
        8.178202629089355,
        8.29899549484253,
        8.24847674369812,
        8.231091976165771,
        8.200200319290161,
        8.346824169158936,
        8.297520399093628,
        8.137926578521729,
        8.290318727493286,
        8.281779050827026,
        8.315890550613403,
        8.281702518463135,
        8.336443662643433,
        8.173911809921265,
        8.184978485107422,
        8.249624490737915,
        8.217165231704712,
        8.20789361000061,
        8.305450201034546,
        8.3387131690979,
        8.14825177192688,
        8.350869178771973,
        8.236184120178223,
        8.224155187606812,
        8.188071489334106,
        8.203570127487183,
        8.260361194610596,
        8.367585182189941,
        8.195297718048096,
        8.18257188796997,
        8.286229610443115,
        8.260980367660522,
        8.251290321350098,
        8.296210527420044,
        8.26853084564209,
        8.15529465675354,
        8.201649904251099,
        8.337673902511597,
        8.2798593044281,
        8.225968360900879,
        8.125724792480469,
        8.235442876815796,
        8.322715759277344,
        8.269859313964844,
        8.226500749588013,
        8.170302867889404,
        8.18681526184082,
        8.300209760665894,
        8.222267150878906,
        8.198789358139038,
        8.279630422592163,
        8.207818269729614,
        8.315112352371216,
        8.191282987594604,
        8.13913869857788,
        8.205672264099121,
        8.17369794845581,
        8.204087734222412,
        8.336781740188599,
        8.339630365371704,
        8.303419351577759,
        8.238993406295776,
        8.17526364326477,
        8.203306198120117,
        8.09345817565918,
        8.252789497375488,
        8.225147008895874,
        8.308698892593384,
        8.379784345626831,
        8.292456150054932,
        8.26375961303711,
        8.216451406478882,
        8.245392084121704,
        8.207071781158447,
        8.229513168334961,
        8.176594018936157,
        8.11142373085022,
        8.346421003341675,
        8.199168682098389,
        8.315162420272827,
        8.285953998565674,
        8.200467109680176,
        8.214832067489624,
        8.159220218658447,
        8.252241373062134,
        8.33898639678955,
        8.067628145217896,
        8.262274026870728,
        8.280789375305176,
        8.135485649108887,
        8.176939249038696,
        8.207822322845459,
        8.220160961151123,
        8.206828594207764,
        8.321455240249634,
        8.294965505599976,
        8.352738857269287,
        8.292809247970581,
        8.227571725845337,
        8.21593976020813,
        8.223746299743652,
        8.297169208526611,
        8.241908311843872,
        8.334619760513306,
        8.29921293258667,
        8.096713304519653,
        8.17747163772583,
        8.356505632400513,
        8.135201692581177,
        8.201882362365723,
        8.348830461502075,
        8.242692470550537,
        8.206782579421997,
        8.288740873336792,
        8.226037979125977,
        8.176401138305664,
        8.213584899902344,
        8.235445976257324,
        8.158885955810547,
        8.284486293792725,
        8.201422691345215,
        8.234236717224121,
        8.162095308303833,
        8.267070531845093,
        8.236471176147461,
        8.144433975219727,
        8.225206851959229,
        8.207315683364868,
        8.18774938583374,
        8.15774416923523,
        8.225612163543701,
        8.242624521255493,
        8.224684238433838,
        8.195022344589233,
        8.236816883087158,
        8.211365222930908,
        8.160022974014282,
        8.231346607208252,
        8.147873401641846,
        8.161454200744629,
        8.191670656204224,
        8.11900806427002,
        8.24449348449707,
        8.227033138275146,
        8.221437215805054,
        8.188605070114136,
        8.222448348999023,
        8.18644094467163,
        8.291646242141724,
        8.136968851089478,
        8.170797348022461,
        8.195897102355957,
        8.163326978683472,
        8.060243368148804,
        8.275259256362915,
        8.128765344619751,
        8.14999008178711,
        8.292745113372803,
        8.242069721221924,
        8.091699361801147,
        8.186929702758789,
        8.178340435028076,
        8.242225408554077,
