{
  "timestamp": "20260429_033712",
  "config": {
    "model_size": "125M",
    "batch_size": 4,
    "gradient_accumulation": 4,
    "max_steps": 50,
    "max_seq_len": 1024,
    "learning_rate": 0.0006,
    "Kx": 32,
    "Ku": 96,
    "Kv": 192
  },
  "results": {
    "DESLOC": {
      "final_loss": 8.269515991210938,
      "avg_loss": 9.141127700805663,
      "total_time_seconds": 16.141759395599365,
      "tokens_per_second_per_gpu": 50750.35378258294,
      "tokens_per_second_cluster": 152251.06134774882,
      "peak_memory_gb": 6.652626944,
      "mfu": 0.05008853050232184,
      "gpu_name": "NVIDIA H100 NVL",
      "sync_counts": {
        "x": 19,
        "u": 0,
        "v": 19
      },
      "losses": [
        11.000591278076172,
        10.859672546386719,
        10.766159057617188,
        10.658775329589844,
        10.58419418334961,
        10.506549835205078,
        10.347423553466797,
        10.203643798828125,
        10.127429962158203,
        9.86895751953125,
        9.911571502685547,
        9.746780395507812,
        9.490245819091797,
        9.608573913574219,
        9.410274505615234,
        9.284278869628906,
        9.360452651977539,
        9.228437423706055,
        9.078849792480469,
        9.173442840576172,
        9.141077041625977,
        8.924888610839844,
        8.796403884887695,
        8.895099639892578,
        8.770151138305664,
        8.772758483886719,
        8.760919570922852,
        8.791688919067383,
        8.764673233032227,
        8.600530624389648,
        8.651142120361328,
        8.795583724975586,
        8.60162353515625,
        8.572731018066406,
        8.673152923583984,
        8.509910583496094,
        8.538867950439453,
        8.501468658447266,
        8.559656143188477,
        8.462717056274414,
        8.352739334106445,
        8.557600021362305,
        8.364128112792969,
        8.465993881225586,
        8.536674499511719,
        8.42525863647461,
        8.319450378417969,
        8.220874786376953,
        8.242799758911133,
        8.269515991210938
      ]
    }
  }
}