{
  "timestamp": "20260422_093457",
  "config": {
    "model_size": "125M",
    "batch_size": 4,
    "gradient_accumulation": 4,
    "max_steps": 300,
    "max_seq_len": 1024,
    "learning_rate": 0.0006,
    "Kx": 1,
    "Ku": 1,
    "Kv": 1
  },
  "results": {
    "DDP": {
      "final_loss": 6.8170952796936035,
      "avg_loss": 6.856744141578674,
      "total_time_seconds": 142.49482655525208,
      "tokens_per_second_per_gpu": 34493.883875104344,
      "tokens_per_second_cluster": 68987.76775020869,
      "peak_memory_gb": 10.311691264,
      "mfu": 0.08249136972861815,
      "gpu_name": "NVIDIA A100 80GB PCIe",
      "sync_counts": {
        "all": 300
      },
      "losses": [
        10.938788414001465,
        10.883248329162598,
        10.725069522857666,
        10.548383235931396,
        10.370680809020996,
        10.301161527633667,
        9.933233976364136,
        9.582979679107666,
        9.468279600143433,
        9.528114557266235,
        9.184642791748047,
        9.161128520965576,
        9.050389766693115,
        8.90329909324646,
        8.83182978630066,
        8.944767236709595,
        8.780678510665894,
        8.650007724761963,
        8.784772634506226,
        8.72126030921936,
        8.522850751876831,
        8.763616561889648,
        8.486145734786987,
        8.719029188156128,
        8.647583723068237,
        8.762128353118896,
        8.610565900802612,
        8.692918539047241,
        8.682068824768066,
        8.532256126403809,
        8.45691442489624,
        8.246304273605347,
        8.318149328231812,
        8.424141883850098,
        8.40408444404602,
        8.400527715682983,
        8.372032165527344,
        8.369957685470581,
        8.511549711227417,
        8.459486484527588,
        8.548464059829712,
        8.430389165878296,
        8.329611778259277,
        8.362477540969849,
        8.339061737060547,
        8.373571395874023,
        8.225385665893555,
        8.24196195602417,
        8.23047924041748,
        8.36229944229126,
        8.165207624435425,
        8.24996018409729,
        8.353275060653687,
        8.131110191345215,
        8.209477186203003,
        8.29019021987915,
        8.155722618103027,
        7.9962849617004395,
        8.129039287567139,
        8.198195934295654,
        8.23371696472168,
        8.161442041397095,
        8.057281017303467,
        8.154740333557129,
        8.066529035568237,
        7.98490571975708,
        8.134143829345703,
        8.060670137405396,
        7.9819371700286865,
        8.056052684783936,
        8.079556465148926,
        8.078879117965698,
        8.024579763412476,
        8.154483079910278,
        8.015750408172607,
        7.9880921840667725,
        7.9638097286224365,
        8.000319004058838,
        8.012293577194214,
        7.957925796508789,
        7.966226577758789,
        8.038004159927368,
        7.994213581085205,
        7.945516109466553,
        7.956472873687744,
        7.964442729949951,
        7.944360256195068,
        7.866042137145996,
        7.942197799682617,
        7.87242317199707,
        7.9109461307525635,
        7.881404161453247,
        7.857431173324585,
        7.944055557250977,
        7.889688491821289,
        7.951493501663208,
        7.9210591316223145,
        7.870557069778442,
        7.874793767929077,
        7.849095582962036,
        7.806100368499756,
        7.781141042709351,
        7.832828760147095,
        7.827848196029663,
        7.857883930206299,
        7.888493061065674,
        7.7872724533081055,
        7.80606746673584,
        7.845515251159668,
        7.725441932678223,
        7.632993459701538,
        7.830224514007568,
        7.8037238121032715,
        7.906733989715576,
        7.739894151687622,
        7.811976194381714,
        7.753347873687744,
        7.804022312164307,
        7.724325656890869,
        7.773045778274536,
        7.772374629974365,
        7.743297815322876,
        7.732715368270874,
        7.862599849700928,
        7.784668803215027,
        7.754949331283569,
        7.826894760131836,
        7.6428680419921875,
        7.686405658721924,
        7.728438377380371,
        7.683035850524902,
        7.768548965454102,
        7.64697527885437,
        7.787335157394409,
        7.708171129226685,
        7.800145387649536,
        7.70246434211731,
        7.66814398765564,
        7.732493162155151,
        7.617791414260864,
        7.738133192062378,
        7.666106700897217,
        7.661702632904053,
        7.634878635406494,
        7.742560863494873,
        7.713206052780151,
        7.685343027114868,
        7.677665710449219,
        7.604378938674927,
        7.687991142272949,
        7.598108768463135,
        7.6303019523620605,
        7.698967456817627,
        7.82403564453125,
        7.642592906951904,
        7.749317169189453,
        7.600317478179932,
        7.684595584869385,
        7.612404108047485,
        7.745591163635254,
        7.624644756317139,
        7.665340185165405,
        7.642847061157227,
        7.795111417770386,
        7.545152425765991,
        7.718278646469116,
        7.483186721801758,
        7.574329853057861,
        7.643161296844482,
        7.695391654968262,
        7.543689250946045,
        7.5891711711883545,
        7.599928617477417,
        7.6160595417022705,
        7.649776220321655,
        7.593416929244995,
        7.471397161483765,
        7.494174242019653,
        7.374758243560791,
        7.559075355529785,
        7.509765625,
        7.4888596534729,
        7.561522006988525,
        7.498163104057312,
        7.5264599323272705,
        7.601527094841003,
        7.467499017715454,
        7.572383165359497,
        7.474368691444397,
        7.4772727489471436,
        7.615588188171387,
        7.5398242473602295,
        7.321974754333496,
        7.471666574478149,
        7.366591453552246,
        7.553680896759033,
        7.577906608581543,
        7.486884355545044,
        7.374307036399841,
        7.466262102127075,
        7.452417373657227,
        7.4647605419158936,
        7.246462345123291,
        7.5502097606658936,
        7.4419718980789185,
        7.409146070480347,
        7.318182945251465,
        7.210194945335388,
        7.376150608062744,
        7.31851851940155,
        7.328383922576904,
        7.3404200077056885,
        7.385505795478821,
        7.278644442558289,
        7.421334981918335,
        7.105876445770264,
        7.4016419649124146,
        7.351522445678711,
        7.342258810997009,
        7.26922345161438,
        7.160475850105286,
        7.295614123344421,
        7.2665064334869385,
        7.129857778549194,
        7.237110614776611,
        7.199306607246399,
        7.100102066993713,
        7.302508115768433,
        7.071804046630859,
        7.076782822608948,
        7.092616319656372,
        7.240099191665649,
        7.097837448120117,
        6.982773065567017,
        6.9647780656814575,
        6.982018709182739,
        6.882362008094788,
        6.883241772651672,
        7.230957627296448,
        6.863624811172485,
        6.8576778173446655,
        6.793638586997986,
        6.780133008956909,
        6.804230332374573,
        6.851806640625,
        6.798370718955994,
        7.0729488134384155,
        6.9079060554504395,
        7.101399540901184,
        6.927331209182739,
        6.879135727882385,
        6.696943998336792,
        6.702380180358887,
        6.845401048660278,
        7.026513934135437,
        6.433569669723511,
        6.7891892194747925,
        6.720094799995422,
        6.916419506072998,
        6.646551847457886,
        7.096433877944946,
        6.467055320739746,
        7.029148101806641,
        6.043555855751038,
        6.766310095787048,
        6.01082718372345,
        7.019367933273315,
        6.580612301826477,
        6.314105153083801,
        6.920931935310364,
