{
  "timestamp": "20260424_071232",
  "config": {
    "model_size": "125M",
    "batch_size": 4,
    "gradient_accumulation": 1,
    "max_steps": 10,
    "max_seq_len": 1024,
    "learning_rate": 0.0006,
    "Kx": 1,
    "Ku": 1,
    "Kv": 1
  },
  "results": {
    "DDP": {
      "final_loss": 9.457594871520996,
      "avg_loss": 10.3953067779541,
      "total_time_seconds": 1.620483636856079,
      "tokens_per_second_per_gpu": 25276.40456738398,
      "tokens_per_second_cluster": 75829.21370215193,
      "peak_memory_gb": 6.168989696,
      "mfu": 0.024946780993612288,
      "gpu_name": "NVIDIA H100 NVL",
      "sync_counts": {
        "all": 10
      },
      "losses": [
        10.93910026550293,
        10.845331192016602,
        10.888137817382812,
        10.748048782348633,
        10.500268936157227,
        10.480457305908203,
        10.289058685302734,
        9.796622276306152,
        10.008447647094727,
        9.457594871520996
      ]
    }
  }
}