{
  "timestamp": "20260424_071029",
  "config": {
    "model_size": "125M",
    "batch_size": 4,
    "gradient_accumulation": 1,
    "max_steps": 10,
    "max_seq_len": 1024,
    "learning_rate": 0.0006,
    "Kx": 32,
    "Ku": 96,
    "Kv": 192
  },
  "results": {
    "DESLOC": {
      "final_loss": 10.290397644042969,
      "avg_loss": 10.665160751342773,
      "total_time_seconds": 2.2552852630615234,
      "tokens_per_second_per_gpu": 18161.782312361353,
      "tokens_per_second_cluster": 54485.34693708406,
      "peak_memory_gb": 5.67688448,
      "mfu": 0.01792493883345973,
      "gpu_name": "NVIDIA H100 NVL",
      "sync_counts": {
        "x": 6,
        "u": 0,
        "v": 6
      },
      "losses": [
        10.93910026550293,
        10.802127838134766,
        10.811870574951172,
        10.739461898803711,
        10.638311386108398,
        10.764062881469727,
        10.65281867980957,
        10.52933120727539,
        10.484125137329102,
        10.290397644042969
      ]
    }
  }
}