{
  "timestamp": "20260422_101350",
  "config": {
    "model_size": "125M",
    "batch_size": 4,
    "gradient_accumulation": 4,
    "max_steps": 500,
    "max_seq_len": 1024,
    "learning_rate": 0.0006,
    "Kx": 32,
    "Ku": 96,
    "Kv": 192
  },
  "results": {
    "DDP": {
      "final_loss": 4.536666572093964,
      "avg_loss": 4.782985667586327,
      "total_time_seconds": 239.85025000572205,
      "tokens_per_second_per_gpu": 34154.64440751913,
      "tokens_per_second_cluster": 68309.28881503826,
      "peak_memory_gb": 10.311691264,
      "mfu": 0.08168008595296572,
      "gpu_name": "NVIDIA A100 80GB PCIe",
      "sync_counts": {
        "all": 500
      },
      "losses": [
        11.027018547058105,
        10.912112712860107,
        10.75277328491211,
        10.62749433517456,
        10.404268264770508,
        10.139869451522827,
        9.922447204589844,
        9.645556211471558,
        9.458456039428711,
        9.246065378189087,
        9.193890571594238,
        9.13584017753601,
        9.262999057769775,
        9.008655309677124,
        8.826136112213135,
        8.931623697280884,
        8.818322658538818,
        8.98995590209961,
        8.80429220199585,
        8.826465845108032,
        8.720566987991333,
        9.825565099716187,
        8.761099338531494,
        8.56687617301941,
        8.770628929138184,
        8.639000415802002,
        8.51491928100586,
        8.620125770568848,
        8.48928427696228,
        8.592533588409424,
        8.41775894165039,
        8.278770208358765,
        8.366114377975464,
        8.42358660697937,
        8.564045429229736,
        8.354735374450684,
        8.421818494796753,
        8.400675296783447,
        8.409257173538208,
        8.459844827651978,
        8.297240257263184,
        8.451465845108032,
        9.13981294631958,
        8.30216360092163,
        8.330321311950684,
        8.217349767684937,
        8.282143115997314,
        8.18001937866211,
        8.454544067382812,
        8.328928709030151,
        8.196922779083252,
        8.177642345428467,
        8.307862520217896,
        8.353298902511597,
        8.392935037612915,
        8.395710706710815,
        8.278797388076782,
        8.295517206192017,
        8.325851917266846,
        8.251975536346436,
        8.248412370681763,
        8.254736185073853,
        8.139268398284912,
        8.272363901138306,
        8.229244947433472,
        8.19109320640564,
        8.20417046546936,
        8.13599157333374,
        8.283087730407715,
        8.280066728591919,
        8.387896537780762,
        8.160733461380005,
        8.256816148757935,
        8.101629734039307,
        8.144616842269897,
        8.31413221359253,
        8.204196453094482,
        8.125149488449097,
        8.14563798904419,
        8.210994243621826,
        8.120849847793579,
        8.106782913208008,
        8.113935947418213,
        8.176182985305786,
        8.04808521270752,
        8.00682783126831,
        8.140089988708496,
        7.982174634933472,
        8.079023361206055,
        8.000684261322021,
        8.091340065002441,
        8.119236469268799,
        8.134266138076782,
        8.061262607574463,
        8.019813060760498,
        7.935436248779297,
        8.022115707397461,
        8.214397430419922,
        8.030081272125244,
        7.9784095287323,
        7.96781325340271,
        8.099923372268677,
        8.12121868133545,
        8.031639814376831,
        8.026031494140625,
        7.986096382141113,
        7.986181974411011,
        7.998050689697266,
        8.003009796142578,
        7.9106056690216064,
        7.908367395401001,
        7.923601150512695,
        7.870216369628906,
        7.988286733627319,
        7.994647979736328,
        8.063980102539062,
        7.870898246765137,
        7.8247880935668945,
        7.927868604660034,
        7.923945903778076,
        7.95088005065918,
        7.8567469120025635,
        7.9298624992370605,
        7.948008060455322,
        7.975635051727295,
        7.832166910171509,
        7.938101530075073,
        7.921248197555542,
        7.855672836303711,
        7.90372896194458,
        7.832622289657593,
        7.806880950927734,
        7.874299049377441,
        7.905774354934692,
        7.886949777603149,
        7.7849767208099365,
        7.937212705612183,
        7.825360059738159,
        7.819576978683472,
        7.91720986366272,
        7.91789174079895,
        7.888170480728149,
        7.951953411102295,
        7.787784099578857,
        7.874171018600464,
        7.736853122711182,
        7.857062101364136,
        7.643336772918701,
        7.862119913101196,
        7.792362689971924,
        7.834792375564575,
        7.849728107452393,
        7.753691911697388,
        7.723464488983154,
        7.6979310512542725,
        7.799819469451904,
        7.78082799911499,
        7.7501935958862305,
        7.85615611076355,
        7.821950197219849,
        7.745145082473755,
        7.783160924911499,
        7.786923885345459,
        7.844090461730957,
        7.708008766174316,
        7.714365243911743,
        7.593620538711548,
        7.859274864196777,
        7.673162937164307,
        7.6849730014801025,
        7.754758596420288,
        7.762953281402588,
        7.814359903335571,
        7.758381366729736,
        7.7379069328308105,
        7.786271095275879,
        7.720213890075684,
        7.784559011459351,
        7.724495887756348,
        7.817168235778809,
        7.7844767570495605,
        7.7371745109558105,
        7.846662759780884,
        7.82421612739563,
        7.759739398956299,
        7.767579793930054,
        7.714475393295288,
        7.649184465408325,
        7.768263339996338,
        7.69590425491333,
        7.727859973907471,
        7.633307695388794,
        7.537564516067505,
        7.586892604827881,
        7.6325109004974365,
        7.7498390674591064,
        7.740802526473999,
        7.651134252548218,
        7.636826038360596,
        7.607093095779419,
        7.679724454879761,
        7.63825535774231,
        7.592985391616821,
        7.5568366050720215,
        7.636033535003662,
        7.624666213989258,
        7.608580112457275,
        7.686086177825928,
        7.511274337768555,
        7.556759834289551,
        7.632520914077759,
        7.504741430282593,
        7.586279392242432,
        7.58668065071106,
        7.655550241470337,
        7.603492736816406,
        7.518262624740601,
        7.57215142250061,
        7.585136413574219,
        7.454783916473389,
        7.422966957092285,
        7.602596044540405,
        7.53951096534729,
        7.2785468101501465,
        7.479902744293213,
        7.589935064315796,
        7.454348564147949,
        7.421474099159241,
        7.527888536453247,
        7.473324298858643,
        7.497344732284546,
        7.428565263748169,
        7.505771160125732,
        7.448989391326904,
        7.451994895935059,
        7.390920519828796,
        7.513704299926758,
        7.456976413726807,
        7.491837382316589,
        7.46402633190155,
        7.330693244934082,
        7.357098579406738,
        7.474156141281128,
        7.515042424201965,
        7.3418848514556885,
        7.366234064102173,
        7.3423991203308105,
        7.394967436790466,
        7.255684852600098,
        7.163597941398621,
        7.144788980484009,
        7.090909719467163,
        7.631463170051575,
        7.387882709503174,
        7.340137600898743,
        7.352733254432678,
        7.441415071487427,
        7.073968887329102,
        7.190800905227661,
        7.137235045433044,
        7.237375974655151,
        6.907770752906799,
        7.1860809326171875,
        6.689150810241699,
        7.326847434043884,
        7.302515029907227,
        7.2273677587509155,
        7.304403185844421,
        7.063512325286865,
        7.133821368217468,
