{
  "timestamp": "20260424_072744",
  "config": {
    "model_size": "700M",
    "batch_size": 4,
    "gradient_accumulation": 4,
    "max_steps": 500,
    "max_seq_len": 1024,
    "learning_rate": 0.0006,
    "Kx": 1,
    "Ku": 1,
    "Kv": 1
  },
  "results": {
    "DDP": {
      "final_loss": 7.658277750015259,
      "avg_loss": 7.6300259733200075,
      "total_time_seconds": 887.9319713115692,
      "tokens_per_second_per_gpu": 9225.932013574815,
      "tokens_per_second_cluster": 27677.796040724446,
      "peak_memory_gb": 26.510022144,
      "mfu": 0.056645418381088934,
      "gpu_name": "NVIDIA H100 NVL",
      "sync_counts": {
        "all": 500
      },
      "losses": [
        11.102102756500244,
        10.819382667541504,
        10.50679087638855,
        10.231000423431396,
        9.864376068115234,
        9.637584447860718,
        9.21602177619934,
        9.230995416641235,
        9.183263301849365,
        9.277184963226318,
        8.84972858428955,
        8.937165260314941,
        15.658753156661987,
        8.7548828125,
        8.711896657943726,
        8.863730430603027,
        8.837156534194946,
        8.659738063812256,
        8.798367500305176,
        8.609997987747192,
        8.748934268951416,
        8.494643449783325,
        8.421918869018555,
        8.551430940628052,
        8.623224258422852,
        8.63260817527771,
        8.539421319961548,
        8.520312309265137,
        8.581433296203613,
        8.458786249160767,
        8.492649793624878,
        8.37636661529541,
        8.398885011672974,
        8.347588777542114,
        8.508898735046387,
        8.570982456207275,
        8.495096206665039,
        8.33401894569397,
        8.364813804626465,
        8.31448769569397,
        8.363207578659058,
        8.347594022750854,
        8.35603666305542,
        8.25893259048462,
        8.490106105804443,
        8.3826162815094,
        8.331781387329102,
        8.220865249633789,
        8.49375057220459,
        8.344741582870483,
        8.351624727249146,
        8.445127725601196,
        8.24990725517273,
        8.198591470718384,
        8.28429365158081,
        8.393214225769043,
        8.332449913024902,
        8.253482341766357,
        8.242341041564941,
        8.234503507614136,
        8.1690673828125,
        8.346208810806274,
        8.235776901245117,
        8.369349718093872,
        8.294500350952148,
        8.300590515136719,
        8.310724020004272,
        8.138340711593628,
        8.339576721191406,
        8.295619249343872,
        8.282637596130371,
        8.208103895187378,
        8.338289976119995,
        8.231682300567627,
        8.33096432685852,
        8.187283992767334,
        8.303918361663818,
        8.20792269706726,
        8.269394874572754,
        8.148796796798706,
        8.211217164993286,
        8.272428512573242,
        8.238124370574951,
        8.389968156814575,
        8.213128328323364,
        8.200459480285645,
        8.282924175262451,
        8.09453558921814,
        8.195114612579346,
        8.240798473358154,
        8.283123254776001,
        8.272902727127075,
        8.213233232498169,
        8.167050123214722,
        8.172456502914429,
        8.219162940979004,
        8.237147331237793,
        8.165700912475586,
        8.212894201278687,
        8.213745832443237,
        8.13747501373291,
        8.229020357131958,
        8.19318699836731,
        8.215583324432373,
        8.07560396194458,
        8.121961116790771,
        8.103842973709106,
        8.163864374160767,
        8.214001417160034,
        8.096893310546875,
        8.19141936302185,
        8.169573068618774,
        8.164889574050903,
        8.141639709472656,
        8.21360158920288,
        8.215773105621338,
        8.088789224624634,
        8.206297397613525,
        8.195411682128906,
        8.140924215316772,
        8.190099954605103,
        8.257527589797974,
        8.145952224731445,
        8.097670555114746,
        8.100218057632446,
        8.15204930305481,
        8.102155685424805,
        8.14588212966919,
        8.211353540420532,
        8.033724784851074,
        8.146448135375977,
        8.132543802261353,
        8.09937596321106,
        8.0995192527771,
        8.030912637710571,
        8.137094974517822,
        8.168014287948608,
        8.018773078918457,
        8.002710103988647,
        8.142158508300781,
        8.095897674560547,
        8.115838766098022,
        8.096949338912964,
        8.08884572982788,
        8.003972053527832,
        7.987127780914307,
        8.079689502716064,
        8.110449075698853,
        8.018381834030151,
        7.939435720443726,
        8.048537731170654,
        8.070294618606567,
        8.054954290390015,
        8.044795513153076,
        8.020654916763306,
        8.025445222854614,
        8.044768810272217,
        8.049095392227173,
        8.005248546600342,
        8.06658673286438,
        7.99521803855896,
        8.022587060928345,
        8.017050504684448,
        7.936814308166504,
        8.03987455368042,
        7.983980417251587,
        7.9875218868255615,
        8.045618057250977,
        8.022267580032349,
        8.026336908340454,
        8.012345314025879,
        7.978955268859863,
        8.025331497192383,
        7.930122137069702,
        7.971343040466309,
        7.967186212539673,
        8.044988632202148,
        8.009151697158813,
        7.982338190078735,
        7.9737548828125,
        8.003205299377441,
        7.969552278518677,
        7.990328311920166,
        7.992687702178955,
        7.897859334945679,
        7.903866529464722,
        8.048662662506104,
        7.930509090423584,
        8.00511646270752,
        8.00142526626587,
        7.9071619510650635,
        7.942307949066162,
        7.906447887420654,
        7.9653027057647705,
        7.986697673797607,
        7.8523108959198,
        8.010892868041992,
        7.987447023391724,
        7.892557144165039,
        7.922319173812866,
        7.942218780517578,
        7.915220260620117,
        7.9285807609558105,
        7.984594106674194,
        7.964036226272583,
        7.966947317123413,
        7.96943211555481,
        7.930224180221558,
        7.9552764892578125,
        7.885194778442383,
        7.975886106491089,
        7.863243818283081,
        7.941930294036865,
        7.968663692474365,
        7.8772594928741455,
        7.89643931388855,
        7.976300001144409,
        7.910735368728638,
        7.89617919921875,
        7.961998701095581,
        7.875540733337402,
        7.901650428771973,
        7.923680067062378,
        7.935780048370361,
        7.871171951293945,
        7.90620231628418,
        7.919778823852539,
        7.858032941818237,
        7.921819448471069,
        7.896213054656982,
        7.85875391960144,
        7.922393798828125,
        7.9144127368927,
        7.879985094070435,
        7.870563983917236,
        7.890092849731445,
        7.901859521865845,
        7.889475584030151,
        7.879390239715576,
        7.83027458190918,
        7.908560514450073,
        7.8833513259887695,
        7.868243455886841,
        7.890099048614502,
        7.8830955028533936,
        7.8877482414245605,
        7.841000318527222,
        7.890740633010864,
        7.8332908153533936,
        7.950899124145508,
        7.925292491912842,
        7.855197906494141,
        7.84318208694458,
        7.878204584121704,
        7.852997779846191,
        7.873228549957275,
        7.83821964263916,
        7.943410873413086,
        7.8506457805633545,
        7.865586280822754,
        7.85176944732666,
        7.815693140029907,
        7.813117027282715,
        7.86953592300415,
        7.81914496421814,
        7.8201024532318115,
        7.855560064315796,
        7.872509956359863,
        7.805768013000488,
        7.8732287883758545,
        7.866081476211548,
        7.839871644973755,
