{
  "timestamp": "20260424_122130",
  "config": {
    "model_size": "1.3B",
    "batch_size": 2,
    "gradient_accumulation": 8,
    "max_steps": 500,
    "max_seq_len": 1024,
    "learning_rate": 0.0006,
    "Kx": 1,
    "Ku": 1,
    "Kv": 1
  },
  "results": {
    "DDP": {
      "final_loss": 7.869945049285889,
      "avg_loss": 7.87264728307724,
      "total_time_seconds": 2149.902169942856,
      "tokens_per_second_per_gpu": 3810.4059405725156,
      "tokens_per_second_cluster": 11431.217821717546,
      "peak_memory_gb": 30.452337152,
      "mfu": 0.03971240586667347,
      "gpu_name": "NVIDIA H100 NVL",
      "sync_counts": {
        "all": 500
      },
      "losses": [
        11.160517692565918,
        10.985995531082153,
        10.553274869918823,
        10.131507635116577,
        9.727403402328491,
        9.75868010520935,
        9.174804449081421,
        9.3903329372406,
        9.321524620056152,
        9.400493860244751,
        9.059935569763184,
        9.138162612915039,
        8.977638483047485,
        8.93623661994934,
        8.838714599609375,
        8.840099096298218,
        8.990315437316895,
        8.678564071655273,
        8.977929592132568,
        8.760348558425903,
        8.877321243286133,
        8.610951900482178,
        8.59725046157837,
        8.748830080032349,
        8.756922721862793,
        8.725842237472534,
        8.569391250610352,
        8.678476572036743,
        8.69566011428833,
        8.579776525497437,
        8.61473798751831,
        8.519166707992554,
        8.585716009140015,
        8.472922325134277,
        8.577212572097778,
        8.690253257751465,
        8.643422842025757,
        8.416674375534058,
        8.502177000045776,
        8.437179327011108,
        8.484180927276611,
        8.435781240463257,
        8.479294538497925,
        8.360414505004883,
        8.583645820617676,
        8.46903920173645,
        8.441652059555054,
        8.353504180908203,
        8.590101718902588,
        8.422536373138428,
        8.468823432922363,
        8.587844610214233,
        8.383075475692749,
        8.364478826522827,
        8.423203468322754,
        8.524756669998169,
        8.513673305511475,
        8.344903707504272,
        8.351423978805542,
        8.353932857513428,
        8.283192157745361,
        8.458875894546509,
        8.34774374961853,
        8.444612264633179,
        8.403190851211548,
        8.413843393325806,
        8.414752960205078,
        8.267571926116943,
        8.491313695907593,
        8.429717063903809,
        8.448419332504272,
        8.32993459701538,
        8.460953712463379,
        8.358799457550049,
        8.439615488052368,
        8.337072610855103,
        8.396422386169434,
        8.296794176101685,
        8.345200061798096,
        8.240119457244873,
        8.31969165802002,
        8.415253162384033,
        8.351592779159546,
        8.49834394454956,
        8.31583547592163,
        8.271456956863403,
        8.353999614715576,
        8.212050676345825,
        8.325250625610352,
        8.370077848434448,
        8.3650381565094,
        8.372082233428955,
        8.302230596542358,
        8.261410236358643,
        8.268303394317627,
        8.31886911392212,
        8.354901552200317,
        8.276055812835693,
        8.33565902709961,
        8.31142783164978,
        8.245765447616577,
        8.386106252670288,
        8.253462076187134,
        8.301440000534058,
        8.15493893623352,
        8.305830955505371,
        8.22081995010376,
        8.282472372055054,
        8.279955863952637,
        8.222664594650269,
        8.312668561935425,
        8.25753116607666,
        8.244287014007568,
        8.238221406936646,
        8.312059164047241,
        8.28001856803894,
        8.134807825088501,
        8.284402132034302,
        8.29393720626831,
        8.327781200408936,
        8.325462102890015,
        8.382264375686646,
        8.209933519363403,
        8.197393417358398,
        8.285026788711548,
        8.188380002975464,
        8.211873769760132,
        8.320560932159424,
        8.345245838165283,
        8.192538261413574,
        8.28919768333435,
        8.233184099197388,
        8.235112190246582,
        8.201189517974854,
        8.181559801101685,
        8.299466609954834,
        8.324512958526611,
        8.184879779815674,
        8.182838916778564,
        8.28564977645874,
        8.238278865814209,
        8.230094194412231,
        8.30239200592041,
        8.305123090744019,
        8.160320043563843,
        8.16513466835022,
        8.330383062362671,
        8.271136999130249,
        8.224273204803467,
        8.100287437438965,
        8.248311758041382,
        8.267831087112427,
        8.287286043167114,
        8.203049659729004,
        8.166738986968994,
        8.188060283660889,
        8.263655424118042,
        8.1787588596344,
        8.199150800704956,
        8.304764986038208,
        8.15896725654602,
        8.296233654022217,
        8.155804872512817,
        8.158575296401978,
        8.239274024963379,
        8.166460037231445,
        8.151068210601807,
        8.323761701583862,
        8.288277626037598,
        8.277831792831421,
        8.217329978942871,
        8.148552894592285,
        8.193050622940063,
        8.096114873886108,
        8.201996564865112,
        8.161517143249512,
        8.284749746322632,
        8.26523208618164,
        8.2549889087677,
        8.215909242630005,
        8.175229787826538,
        8.235602140426636,
        8.149559259414673,
        8.23709511756897,
        8.089154243469238,
        8.078517436981201,
        8.287766456604004,
        8.142786741256714,
        8.258263111114502,
        8.245177745819092,
        8.200626373291016,
        8.1855309009552,
        8.088612079620361,
        8.209953308105469,
        8.31154179573059,
        8.005077123641968,
        8.195054531097412,
        8.228318214416504,
        8.031779527664185,
        8.06922698020935,
        8.128982543945312,
        8.160863161087036,
        8.142722368240356,
        8.323912143707275,
        8.231462478637695,
        8.241931438446045,
        8.202068090438843,
        8.117730855941772,
        8.090774297714233,
        8.111756086349487,
        8.233840942382812,
        8.182465076446533,
        8.190110206604004,
        8.251344203948975,
        8.03900671005249,
        8.140045642852783,
        8.193522453308105,
        8.100237846374512,
        8.111374616622925,
        8.213276147842407,
        8.10705852508545,
        8.129144668579102,
        8.150481224060059,
        8.134167194366455,
        8.116705894470215,
        8.081395626068115,
        8.083648920059204,
        7.9905571937561035,
        8.09728717803955,
        8.124363660812378,
        8.07074761390686,
        8.008553504943848,
        8.06225872039795,
        8.11641550064087,
        8.026675462722778,
        8.065667390823364,
        8.12608289718628,
        8.086151599884033,
        8.037548065185547,
        8.032933950424194,
        8.05077314376831,
        8.070571184158325,
        8.055460453033447,
        8.025991678237915,
        8.06130599975586,
        8.013241529464722,
        8.007090330123901,
        8.027257204055786,
        7.978731632232666,
        8.064796924591064,
        8.029008865356445,
        7.994860410690308,
        7.9814043045043945,
        8.014045476913452,
        8.054266929626465,
        7.9943907260894775,
        8.023241519927979,
        8.185689926147461,
        7.993438243865967,
        8.037008285522461,
        8.017575025558472,
        7.9752418994903564,
        7.979292631149292,
        8.04476547241211,
        7.950703382492065,
        7.960248708724976,
        8.01246428489685,
        7.975087881088257,
        7.949540615081787,
        8.004010915756226,
        7.9830851554870605,
        7.994235277175903,
