{
  "timestamp": "20260423_101330",
  "config": {
    "model_size": "125M",
    "batch_size": 4,
    "gradient_accumulation": 8,
    "max_steps": 500,
    "max_seq_len": 1024,
    "learning_rate": 0.0006,
    "Kx": 32,
    "Ku": 96,
    "Kv": 192
  },
  "results": {
    "DESLOC": {
      "final_loss": 3.4141150414943695,
      "avg_loss": 3.606053441017866,
      "total_time_seconds": 278.47888588905334,
      "tokens_per_second_per_gpu": 58833.90386202358,
      "tokens_per_second_cluster": 117667.80772404716,
      "peak_memory_gb": 6.180077056,
      "mfu": 0.1644134782282863,
      "gpu_name": "NVIDIA H100 NVL",
      "sync_counts": {
        "x": 47,
        "u": 5,
        "v": 47
      },
      "losses": [
        10.944478750228882,
        10.83848261833191,
        10.740502834320068,
        10.555432558059692,
        10.407862186431885,
        10.323887825012207,
        10.1539466381073,
        9.97774052619934,
        9.885244607925415,
        9.686677694320679,
        9.577416181564331,
        10.124378681182861,
        9.426337718963623,
        9.324108004570007,
        9.972648620605469,
        9.188156604766846,
        9.051472187042236,
        8.99968707561493,
        8.898657321929932,
        8.821970224380493,
        8.796637654304504,
        8.743336796760559,
        8.705777049064636,
        9.228569030761719,
        8.66624104976654,
        8.609328389167786,
        8.634355783462524,
        8.496782183647156,
        8.471123456954956,
        8.55466628074646,
        8.469144701957703,
        8.434198260307312,
        8.377336740493774,
        8.31416141986847,
        8.363022327423096,
        8.366414427757263,
        8.294813513755798,
        8.219369053840637,
        8.17721164226532,
        8.178800106048584,
        8.216360569000244,
        8.128733158111572,
        8.187733888626099,
        8.147571325302124,
        8.193923711776733,
        8.159753799438477,
        8.115628361701965,
        8.09205949306488,
        8.12052595615387,
        8.112990140914917,
        8.059935688972473,
        8.136325597763062,
        8.092918992042542,
        8.039934396743774,
        7.955310702323914,
        7.964561939239502,
        7.9933319091796875,
        8.01486349105835,
        7.913769483566284,
        7.978781461715698,
        7.9353930950164795,
        7.852111220359802,
        7.887449026107788,
        7.839679718017578,
        7.826662182807922,
        7.921900272369385,
        7.876969337463379,
        7.793243050575256,
        7.793018221855164,
        7.7615684270858765,
        7.77560830116272,
        7.758523106575012,
        7.860665917396545,
        7.8444390296936035,
        7.858734369277954,
        7.725756049156189,
        7.764354586601257,
        7.811139702796936,
        7.755883455276489,
        7.748045921325684,
        7.704827904701233,
        7.697935342788696,
        7.683896064758301,
        7.678913712501526,
        7.657192826271057,
        7.684113383293152,
        7.6670873165130615,
        7.661452054977417,
        7.612852096557617,
        7.6001609563827515,
        7.65640652179718,
        7.64944052696228,
        7.605121731758118,
        7.55169415473938,
        7.611197471618652,
        7.650635838508606,
        7.681854844093323,
        7.601566672325134,
        7.640448808670044,
        7.584622740745544,
        7.709001898765564,
        7.762735962867737,
        7.771265506744385,
        7.813403964042664,
        7.834699392318726,
        7.8448415994644165,
        7.923923015594482,
        7.845370054244995,
        7.863244533538818,
        7.794883489608765,
        7.821579813957214,
        7.7594698667526245,
        7.831772565841675,
        7.797543525695801,
        7.810349464416504,
        7.793509364128113,
        7.826823115348816,
        7.811122179031372,
        7.784572005271912,
        7.77608585357666,
        7.774181962013245,
        7.762366414070129,
        7.69414484500885,
        7.723818302154541,
        7.764686822891235,
        7.74485969543457,
        7.709795951843262,
        7.708771347999573,
        7.634959936141968,
        7.551596283912659,
        7.538900136947632,
        7.507363438606262,
        7.485060334205627,
        7.464866995811462,
        7.542718768119812,
        7.487447023391724,
        7.381234049797058,
        7.532720327377319,
        7.468532919883728,
        7.5093910694122314,
        7.469337105751038,
        7.533878684043884,
        7.595898270606995,
        7.563407063484192,
        7.485800385475159,
        7.472555875778198,
        7.453604578971863,
        7.495904088020325,
        7.479254484176636,
        7.411652088165283,
        7.4700844287872314,
        7.481807708740234,
        7.417585492134094,
        7.5387104749679565,
        7.4607173204422,
        7.404693245887756,
        7.508146286010742,
        7.439527750015259,
        7.428394079208374,
        7.446630001068115,
        7.238076090812683,
        7.284889101982117,
        7.179800033569336,
        7.250103712081909,
        7.229334592819214,
        7.256488800048828,
        7.210538029670715,
        7.124509692192078,
        7.1926352977752686,
        7.21393609046936,
        7.037522912025452,
        7.193895041942596,
        7.159286916255951,
        7.178220152854919,
        7.2324700355529785,
        7.296714723110199,
        7.203060507774353,
        7.146364748477936,
        7.139845907688141,
        7.123063385486603,
        7.192675948143005,
        7.228299856185913,
        7.177664279937744,
        7.1821300983428955,
        7.126877069473267,
        7.153426349163055,
        7.1073631048202515,
        7.124484419822693,
        7.202441334724426,
        7.076064825057983,
        7.1034064292907715,
        7.017669975757599,
        7.054923892021179,
        7.093761920928955,
        6.895088195800781,
        6.867810845375061,
        6.946461319923401,
        6.9151946902275085,
        6.841786026954651,
        7.01995450258255,
        6.833122372627258,
        6.839344501495361,
        6.768024384975433,
        6.638455927371979,
        6.827454507350922,
        6.677458167076111,
        6.827059209346771,
        6.79219126701355,
        6.790493428707123,
        6.735908031463623,
        6.629276633262634,
        6.703215479850769,
        6.782315731048584,
        6.6394131779670715,
        6.839532494544983,
        6.5672465562820435,
        6.6274110078811646,
        6.664729118347168,
        6.732064425945282,
        6.715565860271454,
        6.600387275218964,
        6.5729551911354065,
        6.7141066789627075,
        6.691621661186218,
        6.337833762168884,
        6.385166943073273,
        6.309923231601715,
        6.4316999316215515,
        6.592807948589325,
        6.410008609294891,
        6.091990172863007,
        6.394980013370514,
        6.2496373653411865,
        6.107485592365265,
        6.198495924472809,
        6.24611359834671,
        6.298463582992554,
        6.293397128582001,
        6.1532275676727295,
        6.16137957572937,
        6.051565587520599,
        6.142109215259552,
        6.154609858989716,
        5.852962493896484,
        5.85116970539093,
        6.014532685279846,
        5.950607657432556,
        5.847561717033386,
        5.597927451133728,
        5.650137662887573,
        5.722380042076111,
        5.519147753715515,
        6.0969114899635315,
        5.975027084350586,
        5.701671242713928,
        5.655791401863098,
        5.83357447385788,
        5.3170483112335205,
        4.74679708480835,
        5.604990601539612,
        5.003119766712189,
        5.427454113960266,
        5.351655662059784,
        5.34982168674469,
        4.998580753803253,
        5.422230243682861,
        5.339034765958786,
        4.865492820739746,
        5.587924540042877,
