{
  "timestamp": "20260424_084822",
  "config": {
    "model_size": "700M",
    "batch_size": 4,
    "gradient_accumulation": 4,
    "max_steps": 500,
    "max_seq_len": 1024,
    "learning_rate": 0.0006,
    "Kx": 1,
    "Ku": 1,
    "Kv": 1
  },
  "results": {
    "DDP": {
      "final_loss": 7.9690611362457275,
      "avg_loss": 8.01349147081375,
      "total_time_seconds": 889.3292698860168,
      "tokens_per_second_per_gpu": 9211.436390764411,
      "tokens_per_second_cluster": 27634.309172293233,
      "peak_memory_gb": 26.510022144,
      "mfu": 0.05655641809173262,
      "gpu_name": "NVIDIA H100 NVL",
      "sync_counts": {
        "all": 500
      },
      "losses": [
        11.081168174743652,
        10.9396812915802,
        10.599589586257935,
        10.308921575546265,
        9.841372728347778,
        9.640720844268799,
        9.221325159072876,
        9.213599443435669,
        9.187496185302734,
        9.261310815811157,
        8.802306890487671,
        9.059246063232422,
        8.899724245071411,
        8.826380968093872,
        8.723060369491577,
        8.754024267196655,
        8.791650533676147,
        8.55683183670044,
        8.786241292953491,
        8.527793884277344,
        8.6782066822052,
        8.477103233337402,
        8.403404951095581,
        8.581753730773926,
        8.583434820175171,
        8.578796625137329,
        8.470487833023071,
        8.523425579071045,
        8.586726903915405,
        8.443612813949585,
        8.545849800109863,
        8.345897436141968,
        8.38534164428711,
        8.327619791030884,
        8.493957042694092,
        8.592496633529663,
        8.51528263092041,
        8.289196252822876,
        8.382522344589233,
        8.331184387207031,
        8.379530429840088,
        8.32366681098938,
        8.354490756988525,
        8.218770027160645,
        8.491747617721558,
        8.391206502914429,
        8.346015453338623,
        8.236269474029541,
        8.466976165771484,
        8.3499915599823,
        8.374659061431885,
        8.47346568107605,
        8.28672194480896,
        8.231076955795288,
        8.29300045967102,
        8.415649175643921,
        8.397732496261597,
        8.282931327819824,
        8.28096342086792,
        8.25625729560852,
        8.187519550323486,
        8.375860929489136,
        8.255434274673462,
        8.378874063491821,
        8.297106981277466,
        8.33237338066101,
        8.356471538543701,
        8.193292379379272,
        8.353204011917114,
        8.334598779678345,
        8.351399898529053,
        8.282694101333618,
        8.393388032913208,
        8.262880802154541,
        8.349281549453735,
        8.249015808105469,
        8.313766717910767,
        8.239135265350342,
        8.290436744689941,
        8.177582502365112,
        8.247988224029541,
        8.334378242492676,
        8.269722700119019,
        8.427281618118286,
        8.273717880249023,
        8.23820161819458,
        8.290451526641846,
        8.159472942352295,
        8.217644691467285,
        8.26930022239685,
        8.306856632232666,
        8.26302719116211,
        8.2307767868042,
        8.198452711105347,
        8.214171886444092,
        8.237241744995117,
        8.25556206703186,
        8.224263429641724,
        8.29128384590149,
        8.266757488250732,
        8.215811729431152,
        8.298168897628784,
        8.23279356956482,
        8.250464677810669,
        8.134239673614502,
        8.25776195526123,
        8.157884359359741,
        8.235772848129272,
        8.250177383422852,
        8.143547058105469,
        8.295159578323364,
        8.246503114700317,
        8.207377433776855,
        8.191633939743042,
        8.316184043884277,
        8.268932580947876,
        8.114500045776367,
        8.255739212036133,
        8.215678930282593,
        8.2780282497406,
        8.282880544662476,
        8.334206342697144,
        8.172534704208374,
        8.150658369064331,
        8.255566835403442,
        8.220692157745361,
        8.22379469871521,
        8.294981956481934,
        8.315236568450928,
        8.102017879486084,
        8.365307807922363,
        8.296834230422974,
        8.253910303115845,
        8.235360622406006,
        8.233633279800415,
        8.216655969619751,
        8.39945673942566,
        8.219457149505615,
        8.237441539764404,
        8.296334028244019,
        8.232432126998901,
        8.220075368881226,
        8.283175468444824,
        8.226305484771729,
        8.165670394897461,
        8.152482748031616,
        8.280606746673584,
        8.179981708526611,
        8.181629180908203,
        8.06695032119751,
        8.133613348007202,
        8.299109697341919,
        8.269442319869995,
        8.212553024291992,
        8.09757399559021,
        8.186847925186157,
        8.244717359542847,
        8.24446177482605,
        8.10889196395874,
        8.230346918106079,
        8.190338373184204,
        8.257025241851807,
        8.148072719573975,
        8.124971628189087,
        8.188791513442993,
        8.155494451522827,
        8.179514646530151,
        8.30023193359375,
        8.30311632156372,
        8.288468360900879,
        8.25056004524231,
        8.162128925323486,
        8.199146747589111,
        8.096205949783325,
        8.23404049873352,
        8.228183031082153,
        8.268317937850952,
        8.36956524848938,
        8.308828353881836,
        8.26390790939331,
        8.194075345993042,
        8.237303733825684,
        8.207515716552734,
        8.162212133407593,
        8.208581686019897,
        8.10549521446228,
        8.339099884033203,
        8.203537464141846,
        8.297570705413818,
        8.268264055252075,
        8.186210870742798,
        8.197199583053589,
        8.151373863220215,
        8.219964742660522,
        8.351389646530151,
        8.076208353042603,
        8.245438814163208,
        8.250441074371338,
        8.138206243515015,
        8.20242977142334,
        8.260441780090332,
        8.222388505935669,
        8.184649467468262,
        8.27541971206665,
        8.30949068069458,
        8.326603174209595,
        8.295621871948242,
        8.234304904937744,
        8.157309770584106,
        8.17440676689148,
        8.257182359695435,
        8.249946594238281,
        8.274711608886719,
        8.250780582427979,
        8.07898736000061,
        8.138182163238525,
        8.271060466766357,
        8.113816976547241,
        8.204874277114868,
        8.296848773956299,
        8.242065668106079,
        8.173234701156616,
        8.283164501190186,
        8.215041875839233,
        8.144236087799072,
        8.185002326965332,
        8.2409029006958,
        8.164427280426025,
        8.294880390167236,
        8.18843698501587,
        8.215192317962646,
        8.119166851043701,
        8.21091628074646,
        8.201828479766846,
        8.114466428756714,
        8.217381000518799,
        8.209571361541748,
        8.1328706741333,
        8.119900703430176,
        8.244547128677368,
        8.210896015167236,
        8.193127393722534,
        8.135464906692505,
        8.243491172790527,
        8.193878650665283,
        8.235011577606201,
        8.239542245864868,
        8.148815155029297,
        8.155523777008057,
        8.17431116104126,
        8.094905614852905,
        8.227831840515137,
        8.1965970993042,
        8.207698106765747,
        8.149153709411621,
        8.198736190795898,
        8.211817979812622,
        8.247997760772705,
        8.138825178146362,
        8.167853116989136,
        8.18499207496643,
        8.144144058227539,
        8.079912185668945,
        8.264130353927612,
        8.159107208251953,
        8.15581488609314,
        8.317096710205078,
        8.259268283843994,
        8.116023063659668,
        8.190547227859497,
        8.212560653686523,
        8.228859663009644,
