{
  "timestamp": "20260423_134446",
  "config": {
    "model_size": "700M",
    "batch_size": 4,
    "gradient_accumulation": 8,
    "max_steps": 500,
    "max_seq_len": 1024,
    "learning_rate": 0.0006,
    "Kx": 32,
    "Ku": 96,
    "Kv": 192
  },
  "results": {
    "DDP": {
      "final_loss": 7.567959785461426,
      "avg_loss": 7.646686271429062,
      "total_time_seconds": 1562.8397378921509,
      "tokens_per_second_per_gpu": 10483.480553225243,
      "tokens_per_second_cluster": 20966.961106450486,
      "peak_memory_gb": 26.511113728,
      "mfu": 0.1822512715109291,
      "gpu_name": "NVIDIA H100 NVL",
      "sync_counts": {
        "all": 500
      },
      "losses": [
        11.050992488861084,
        10.834081292152405,
        10.511797547340393,
        9.980996251106262,
        9.580684423446655,
        9.33346700668335,
        9.25958788394928,
        8.94700038433075,
        8.75368845462799,
        8.858464002609253,
        8.743174195289612,
        8.799986124038696,
        8.739595174789429,
        8.671776413917542,
        15.778580904006958,
        8.64398193359375,
        8.571907877922058,
        8.524614572525024,
        8.555148720741272,
        8.454450726509094,
        8.410380721092224,
        8.495361328125,
        8.487428069114685,
        8.438450932502747,
        8.48135507106781,
        8.348290801048279,
        8.564299941062927,
        8.277251482009888,
        8.377851963043213,
        8.490841627120972,
        8.414470434188843,
        8.393919467926025,
        8.420780897140503,
        8.274282097816467,
        8.418915033340454,
        8.397050142288208,
        8.423454403877258,
        8.329000353813171,
        8.235021352767944,
        8.296376943588257,
        8.343693971633911,
        8.319014072418213,
        8.315628290176392,
        8.27937388420105,
        8.318995356559753,
        8.32279348373413,
        8.300723433494568,
        8.27262806892395,
        8.359633922576904,
        8.301813960075378,
        8.298389077186584,
        8.420660495758057,
        8.355387687683105,
        8.290141582489014,
        8.242628335952759,
        8.258136510848999,
        8.256867051124573,
        8.39244294166565,
        8.27178704738617,
        8.304842114448547,
        8.286407232284546,
        8.252679467201233,
        8.194985628128052,
        8.240540862083435,
        8.230486750602722,
        8.339667558670044,
        8.248936176300049,
        8.183570146560669,
        8.212692618370056,
        8.245110511779785,
        8.253730058670044,
        8.179658055305481,
        8.340037822723389,
        8.388438701629639,
        8.281518459320068,
        8.265978455543518,
        8.281281471252441,
        8.393907308578491,
        8.244175553321838,
        8.239747524261475,
        8.220973253250122,
        8.274273753166199,
        8.235875606536865,
        8.216936707496643,
        8.227019190788269,
        8.328561902046204,
        8.224024415016174,
        8.197024583816528,
        8.146336436271667,
        8.172728061676025,
        8.218245148658752,
        8.353103518486023,
        8.220607161521912,
        8.195064902305603,
        8.29341197013855,
        8.239097356796265,
        8.274821519851685,
        8.246264457702637,
        8.226853847503662,
        8.244099736213684,
        8.266319394111633,
        8.303046703338623,
        8.263815999031067,
        8.242552518844604,
        8.278096437454224,
        8.259987354278564,
        8.239692091941833,
        8.196727991104126,
        8.202761173248291,
        8.171727061271667,
        8.154580354690552,
        8.153931856155396,
        8.244616031646729,
        8.147416234016418,
        8.221296668052673,
        8.241196274757385,
        8.21213185787201,
        8.20771074295044,
        8.194156885147095,
        8.201325416564941,
        8.224017977714539,
        8.235259294509888,
        8.205702185630798,
        8.204638481140137,
        8.20402979850769,
        8.209422588348389,
        8.156372666358948,
        8.252433061599731,
        8.220714449882507,
        8.218433260917664,
        8.251490235328674,
        8.172467589378357,
        8.228017568588257,
        8.187997579574585,
        8.226329803466797,
        8.247163891792297,
        8.118073105812073,
        8.190766453742981,
        8.116442918777466,
        8.16933786869049,
        8.178068161010742,
        8.231424331665039,
        8.243970155715942,
        8.157281875610352,
        8.106497764587402,
        8.1423841714859,
        8.198831915855408,
        8.12187385559082,
        8.142165660858154,
        8.147728443145752,
        8.14025604724884,
        8.155042052268982,
        8.108653664588928,
        8.147195219993591,
        8.11684238910675,
        8.041391849517822,
        8.084835767745972,
        8.091320514678955,
        8.085488557815552,
        8.159131288528442,
        8.1135333776474,
        8.216433048248291,
        8.02229905128479,
        8.126089572906494,
        8.057364821434021,
        8.079883933067322,
        8.090659022331238,
        8.045516967773438,
        8.00940716266632,
        8.080415725708008,
        8.007518649101257,
        8.148303270339966,
        8.110176086425781,
        8.074178695678711,
        8.017173886299133,
        8.08611249923706,
        8.055972695350647,
        8.029016375541687,
        7.983094930648804,
        8.04436457157135,
        7.981224775314331,
        8.00223159790039,
        8.026421189308167,
        8.02675724029541,
        8.074485540390015,
        7.971390128135681,
        8.019433975219727,
        7.950141906738281,
        8.09289038181305,
        7.967509984970093,
        7.954051613807678,
        8.02531623840332,
        8.026249527931213,
        8.000398635864258,
        8.009678840637207,
        7.95449960231781,
        8.035413265228271,
        7.96321177482605,
        7.944841265678406,
        7.999733805656433,
        8.00585651397705,
        7.9547200202941895,
        7.955196261405945,
        7.937811255455017,
        7.9617462158203125,
        7.9324400424957275,
        7.992365479469299,
        7.90450131893158,
        7.956749081611633,
        7.940691947937012,
        7.960694193840027,
        7.942781448364258,
        7.903941869735718,
        7.942651033401489,
        7.940498232841492,
        7.923954725265503,
        7.92114794254303,
        7.945745944976807,
        7.886736750602722,
        7.957379221916199,
        7.892542481422424,
        7.925215840339661,
        7.90384829044342,
        7.896114826202393,
        7.879739761352539,
        7.906017422676086,
        7.908254981040955,
        7.943943381309509,
        7.924368619918823,
        7.937739968299866,
        7.903793454170227,
        7.850979566574097,
        7.901761770248413,
        7.880720853805542,
        7.901329040527344,
        7.851883053779602,
        7.876996636390686,
        7.929331660270691,
        7.893715739250183,
        7.888197660446167,
        7.893847465515137,
        7.876107335090637,
        7.892632007598877,
        7.903521656990051,
        7.882120609283447,
        7.873757362365723,
        7.905519008636475,
        7.934649467468262,
        7.935948371887207,
        7.901847958564758,
        7.862785339355469,
        7.89304780960083,
        7.883805513381958,
        7.836572647094727,
        7.894782185554504,
        7.819312930107117,
        7.827226519584656,
        7.8546223640441895,
        7.8502339124679565,
        7.842805862426758,
        7.921651721000671,
        7.9028390645980835,
        7.85889208316803,
        7.853881359100342,
        7.870329260826111,
        7.911934971809387,
        7.899390339851379,
        7.8418039083480835,
        7.872356176376343,
        7.888400197029114,
        7.836125612258911,
