{
  "timestamp": "20260429_034513",
  "config": {
    "model_size": "125M",
    "batch_size": 4,
    "gradient_accumulation": 4,
    "max_steps": 500,
    "max_seq_len": 1024,
    "learning_rate": 0.0006,
    "Kx": 32,
    "Ku": 96,
    "Kv": 192
  },
  "results": {
    "DESLOC": {
      "final_loss": 5.538582921028137,
      "avg_loss": 5.377978274822235,
      "total_time_seconds": 146.19236969947815,
      "tokens_per_second_per_gpu": 56035.756290427256,
      "tokens_per_second_cluster": 168107.26887128176,
      "peak_memory_gb": 6.652639232,
      "mfu": 0.055305007334490536,
      "gpu_name": "NVIDIA H100 NVL",
      "sync_counts": {
        "x": 47,
        "u": 5,
        "v": 47
      },
      "losses": [
        10.942081451416016,
        10.86410140991211,
        10.740028381347656,
        10.695064544677734,
        10.569652557373047,
        10.508193969726562,
        10.281673431396484,
        10.23105239868164,
        10.154338836669922,
        9.991458892822266,
        9.787010192871094,
        9.692554473876953,
        9.590900421142578,
        9.534919738769531,
        9.426406860351562,
        9.312049865722656,
        9.30120849609375,
        9.36744499206543,
        9.15780258178711,
        9.003082275390625,
        9.07427978515625,
        8.939455032348633,
        10.482391357421875,
        8.97744369506836,
        8.848636627197266,
        8.839237213134766,
        8.789731979370117,
        8.67253303527832,
        8.706489562988281,
        8.716508865356445,
        8.671707153320312,
        8.600683212280273,
        8.605300903320312,
        8.549030303955078,
        8.617794036865234,
        8.656517028808594,
        8.59769058227539,
        8.518743515014648,
        8.832210540771484,
        8.386333465576172,
        8.482751846313477,
        8.443912506103516,
        8.389795303344727,
        8.26348876953125,
        8.482637405395508,
        8.35177993774414,
        8.317342758178711,
        8.225912094116211,
        8.36703872680664,
        8.301231384277344,
        8.333902359008789,
        8.323614120483398,
        8.237773895263672,
        8.16244125366211,
        8.20947265625,
        8.30235481262207,
        8.373411178588867,
        8.165786743164062,
        8.115829467773438,
        8.14803695678711,
        8.083391189575195,
        8.239818572998047,
        8.384038925170898,
        8.24783706665039,
        8.18269157409668,
        8.215076446533203,
        8.134134292602539,
        8.066129684448242,
        8.113859176635742,
        8.12208366394043,
        8.064901351928711,
        8.174556732177734,
        8.120079040527344,
        8.052347183227539,
        8.165578842163086,
        7.994895935058594,
        8.033180236816406,
        8.030437469482422,
        8.060579299926758,
        7.967039108276367,
        7.928159713745117,
        8.029211044311523,
        8.005233764648438,
        8.171941757202148,
        7.985330581665039,
        7.953670501708984,
        8.026388168334961,
        7.867841720581055,
        7.835319519042969,
        7.9955596923828125,
        7.982532501220703,
        7.941810607910156,
        7.902067184448242,
        7.798795700073242,
        7.900672912597656,
        7.892127990722656,
        7.9065399169921875,
        7.872581481933594,
        8.03630256652832,
        8.038978576660156,
        8.048450469970703,
        9.050918579101562,
        8.065557479858398,
        8.13972282409668,
        7.968357086181641,
        8.486152648925781,
        8.018232345581055,
        8.150835037231445,
        8.172109603881836,
        8.027791976928711,
        8.162435531616211,
        8.219446182250977,
        8.139970779418945,
        8.157110214233398,
        8.771137237548828,
        8.26156234741211,
        8.076271057128906,
        8.258687973022461,
        8.190742492675781,
        8.301265716552734,
        8.200544357299805,
        8.359437942504883,
        8.201345443725586,
        8.1756591796875,
        8.273473739624023,
        8.143787384033203,
        8.183830261230469,
        8.224266052246094,
        8.124406814575195,
        7.938806533813477,
        8.156717300415039,
        8.06396484375,
        8.033941268920898,
        8.003589630126953,
        7.985845565795898,
        8.091312408447266,
        8.129112243652344,
        8.017473220825195,
        8.044046401977539,
        8.081449508666992,
        8.016950607299805,
        8.007068634033203,
        8.087738037109375,
        8.050792694091797,
        7.983377456665039,
        8.072820663452148,
        8.079139709472656,
        8.055118560791016,
        8.033954620361328,
        7.9534149169921875,
        8.010040283203125,
        8.093097686767578,
        8.036373138427734,
        8.072690963745117,
        7.9455413818359375,
        8.01723861694336,
        8.020807266235352,
        8.068584442138672,
        7.908697128295898,
        8.08000373840332,
        7.813974380493164,
        7.883762359619141,
        7.781450271606445,
        7.782930374145508,
        7.832851409912109,
        7.721458435058594,
        7.775882720947266,
        7.952362060546875,
        7.8792572021484375,
        7.808799743652344,
        7.848289489746094,
        7.798816680908203,
        7.828084945678711,
        7.742824554443359,
        7.85057258605957,
        7.848003387451172,
        7.900815963745117,
        7.950933456420898,
        7.92436408996582,
        7.862863540649414,
        7.818630218505859,
        7.893138885498047,
        7.828348159790039,
        7.787290573120117,
        7.877056121826172,
        7.748546600341797,
        7.925411224365234,
        7.852575302124023,
        7.904218673706055,
        7.889392852783203,
        7.797046661376953,
        7.780771255493164,
        7.6249847412109375,
        7.659799575805664,
        7.770368576049805,
        7.619302749633789,
        7.643548965454102,
        7.654230117797852,
        7.550687789916992,
        7.635200500488281,
        7.630895614624023,
        7.661846160888672,
        7.616275787353516,
        7.772003173828125,
        7.665077209472656,
        7.811563491821289,
        7.678518295288086,
        7.715364456176758,
        7.609643936157227,
        7.679431915283203,
        7.806690216064453,
        7.7254486083984375,
        7.827911376953125,
        7.813884735107422,
        7.636196136474609,
        7.6708984375,
        7.762939453125,
        7.771123886108398,
        7.677762985229492,
        7.832172393798828,
        7.745586395263672,
        7.784585952758789,
        7.748954772949219,
        7.730173110961914,
        7.453792572021484,
        7.434778213500977,
        7.530269622802734,
        7.535682678222656,
        7.553716659545898,
        7.42915153503418,
        7.455678939819336,
        7.452291488647461,
        7.543363571166992,
        7.509248733520508,
        7.5216217041015625,
        7.4684295654296875,
        7.569820404052734,
        7.505495071411133,
        7.504949569702148,
        7.49824333190918,
        7.595500946044922,
        7.495725631713867,
        7.552364349365234,
        7.667997360229492,
        7.5209808349609375,
        7.52454948425293,
        7.646455764770508,
        7.61651611328125,
        7.515758514404297,
        7.593677520751953,
        7.541219711303711,
        7.67005729675293,
        7.589427947998047,
        7.656513214111328,
        7.678955078125,
        7.535419464111328,
        7.2468414306640625,
        7.285068511962891,
        7.392414093017578,
        7.457677841186523,
        7.368597030639648,
        7.26513671875,
        7.3007965087890625,
        7.389122009277344,
        7.357891082763672,
        7.297492980957031,
        7.368053436279297,
        7.382928848266602,
        7.392438888549805,
        7.347076416015625,
