{
  "timestamp": "20260424_073917",
  "config": {
    "model_size": "700M",
    "batch_size": 4,
    "gradient_accumulation": 4,
    "max_steps": 500,
    "max_seq_len": 1024,
    "learning_rate": 0.0006,
    "Kx": 32,
    "Ku": 96,
    "Kv": 192
  },
  "results": {
    "DESLOC": {
      "final_loss": 8.116502285003662,
      "avg_loss": 8.148864023685455,
      "total_time_seconds": 678.1464347839355,
      "tokens_per_second_per_gpu": 12079.986828523335,
      "tokens_per_second_cluster": 36239.96048557,
      "peak_memory_gb": 23.413277184,
      "mfu": 0.07416875681859793,
      "gpu_name": "NVIDIA H100 NVL",
      "sync_counts": {
        "x": 47,
        "u": 5,
        "v": 47
      },
      "losses": [
        11.102102756500244,
        10.825454235076904,
        10.703381061553955,
        10.590778350830078,
        10.322102069854736,
        10.269624710083008,
        9.958823919296265,
        9.86207628250122,
        9.758723020553589,
        9.5824875831604,
        9.30780839920044,
        9.22718071937561,
        9.12563419342041,
        9.060857057571411,
        9.01003360748291,
        8.899730920791626,
        8.900781393051147,
        8.851949214935303,
        8.792880058288574,
        8.630641460418701,
        8.74373745918274,
        8.64486575126648,
        8.4812912940979,
        8.671634197235107,
        9.953324794769287,
        8.583252906799316,
        8.530120611190796,
        8.480787992477417,
        8.539951086044312,
        8.526958703994751,
        8.518338680267334,
        8.41856336593628,
        8.421706914901733,
        8.423812866210938,
        8.528613567352295,
        8.583101034164429,
        8.480661392211914,
        8.411603927612305,
        8.506324052810669,
        8.297046422958374,
        8.44287395477295,
        8.377331495285034,
        8.350111246109009,
        8.231346607208252,
        8.523719072341919,
        8.36061954498291,
        8.31587290763855,
        8.212250471115112,
        8.387734651565552,
        8.28791069984436,
        8.326468467712402,
        8.382922172546387,
        8.234970808029175,
        8.173232078552246,
        8.227003335952759,
        8.379878282546997,
        13.134742975234985,
        8.233852863311768,
        8.212510108947754,
        8.17321252822876,
        8.132886171340942,
        8.324553728103638,
        8.226027965545654,
        8.340193748474121,
        8.24512267112732,
        8.300482273101807,
        8.248165845870972,
        8.173774242401123,
        8.266547679901123,
        8.22187614440918,
        8.238857507705688,
        8.290353775024414,
        8.290965557098389,
        8.200890064239502,
        8.374152183532715,
        8.195782899856567,
        8.231901168823242,
        8.187653064727783,
        8.268419742584229,
        8.092172145843506,
        8.138644218444824,
        8.249037027359009,
        8.200390338897705,
        8.395585536956787,
        8.199848890304565,
        8.133755683898926,
        8.21457815170288,
        8.104890823364258,
        8.104706287384033,
        8.212149858474731,
        8.21559739112854,
        8.175000190734863,
        8.164623737335205,
        8.04740285873413,
        8.137609243392944,
        8.144449472427368,
        8.175822496414185,
        8.11842393875122,
        8.249256610870361,
        8.204521179199219,
        8.218978643417358,
        8.34258246421814,
        8.319274187088013,
        8.355998754501343,
        8.259815692901611,
        8.462822914123535,
        8.327211141586304,
        8.41640830039978,
        8.415171384811401,
        8.353827238082886,
        8.473307132720947,
        8.44524598121643,
        8.387242555618286,
        8.456386089324951,
        8.53127121925354,
        8.461223363876343,
        8.321711540222168,
        8.40386700630188,
        8.388297080993652,
        8.542279958724976,
        8.41063928604126,
        8.52644157409668,
        8.523665189743042,
        8.449371099472046,
        8.524360656738281,
        8.380924940109253,
        8.533018112182617,
        8.55834412574768,
        8.333751440048218,
        8.098731756210327,
        8.385879278182983,
        8.26844835281372,
        8.226045370101929,
        8.28223705291748,
        8.276973962783813,
        8.39553689956665,
        8.500089883804321,
        8.337736129760742,
        8.412615776062012,
        8.548087120056152,
        8.500427961349487,
        8.505416631698608,
        8.629756450653076,
        8.45255160331726,
        8.426896810531616,
        8.511009931564331,
        8.59024453163147,
        8.528948545455933,
        8.378949642181396,
        8.35177731513977,
        8.405083894729614,
        8.470159769058228,
        8.450689792633057,
        8.410285949707031,
        8.284250259399414,
        8.365127086639404,
        8.433686971664429,
        8.474497079849243,
        8.375439405441284,
        8.480942726135254,
        8.202770709991455,
        8.295221090316772,
        8.158831596374512,
        8.152620077133179,
        8.190877437591553,
        8.227368116378784,
        8.290337800979614,
        8.413047790527344,
        8.476238250732422,
        8.403979778289795,
        8.399763584136963,
        8.361063241958618,
        8.406206607818604,
        8.27923035621643,
        8.46327543258667,
        8.495590925216675,
        8.515705108642578,
        8.512670755386353,
        8.48295283317566,
        8.385814905166626,
        8.323730230331421,
        8.432408332824707,
        8.37012243270874,
        8.355660200119019,
        8.365857601165771,
        8.23915719985962,
        8.383349657058716,
        8.306257009506226,
        8.386867761611938,
        8.437349081039429,
        8.388339519500732,
        8.388046264648438,
        8.151771545410156,
        8.247141122817993,
        8.32875370979309,
        8.094897031784058,
        8.229254961013794,
        8.251144886016846,
        8.17379093170166,
        8.238736867904663,
        8.230769395828247,
        8.331544876098633,
        8.26351022720337,
        8.413771867752075,
        8.411059379577637,
        8.452170610427856,
        8.409648656845093,
        8.37572169303894,
        8.300559282302856,
        8.397048711776733,
        8.423502922058105,
        8.400269985198975,
        8.518183469772339,
        8.404025793075562,
        8.188566207885742,
        8.214640855789185,
        8.39976692199707,
        8.303261756896973,
        8.321641445159912,
        8.399986743927002,
        8.329037427902222,
        8.377077341079712,
        8.353741884231567,
        8.337857007980347,
        8.155171394348145,
        8.18093991279602,
        8.210068941116333,
        8.169370174407959,
        8.267277002334595,
        8.17888331413269,
        8.2169508934021,
        8.135987997055054,
        8.306205749511719,
        8.24894380569458,
        8.234209537506104,
        8.300025463104248,
        8.247100591659546,
        8.287540435791016,
        8.262162208557129,
        8.304195165634155,
        8.323850154876709,
        8.303138971328735,
        8.300727367401123,
        8.370573997497559,
        8.307935237884521,
        8.253818988800049,
        8.29787564277649,
        8.20461630821228,
        8.23202633857727,
        8.224935531616211,
        8.188607215881348,
        8.320134162902832,
        8.26511287689209,
        8.294695138931274,
        8.268263816833496,
        8.23279619216919,
        8.160444736480713,
        8.23403549194336,
        8.142346382141113,
        8.141641855239868,
        8.154380083084106,
        8.18120551109314,
        8.058668851852417,
        8.232168436050415,
        8.135786294937134,
        8.13692045211792,
        8.317186832427979,
        8.279317855834961,
        8.14137053489685,
        8.24693775177002,
        8.215646028518677,
