{
  "timestamp": "20260423_014815",
  "config": {
    "model_size": "125M",
    "batch_size": 4,
    "gradient_accumulation": 8,
    "max_steps": 500,
    "max_seq_len": 1024,
    "learning_rate": 0.0006,
    "Kx": 1,
    "Ku": 1,
    "Kv": 1
  },
  "results": {
    "DDP": {
      "final_loss": 2.190840132534504,
      "avg_loss": 2.6850959140434862,
      "total_time_seconds": 632.0643658638,
      "tokens_per_second_per_gpu": 25921.410674068113,
      "tokens_per_second_cluster": 51842.821348136225,
      "peak_memory_gb": 10.365803008,
      "mfu": 0.07243832228951093,
      "gpu_name": "NVIDIA H100 NVL",
      "sync_counts": {
        "all": 500
      },
      "losses": [
        10.944474220275879,
        10.788408517837524,
        10.637189388275146,
        10.320858001708984,
        9.94768488407135,
        9.651784658432007,
        10.137664318084717,
        9.158607125282288,
        8.985990405082703,
        8.929842472076416,
        8.82011342048645,
        8.810806393623352,
        8.748427271842957,
        9.696022987365723,
        8.55009937286377,
        8.592722058296204,
        8.453972578048706,
        8.403313875198364,
        8.430925130844116,
        8.328091621398926,
        8.328788876533508,
        8.365056991577148,
        8.302314043045044,
        8.282100081443787,
        8.288479685783386,
        8.187628388404846,
        8.309965133666992,
        8.11459994316101,
        8.158554196357727,
        8.232102155685425,
        8.108762741088867,
        8.140265583992004,
        8.110195755958557,
        8.001156091690063,
        8.067650437355042,
        7.992189288139343,
        8.006022214889526,
        7.932589530944824,
        7.872172832489014,
        7.888462662696838,
        7.925243973731995,
        7.868910431861877,
        7.923152804374695,
        7.81876528263092,
        7.826833724975586,
        7.79803740978241,
        7.771600604057312,
        7.741600275039673,
        7.845908284187317,
        7.783464193344116,
        7.7494670152664185,
        7.7552114725112915,
        7.6913135051727295,
        7.7092894315719604,
        7.694558024406433,
        7.614713549613953,
        7.663068056106567,
        7.706945538520813,
        7.581544995307922,
        7.634864449501038,
        7.6097332239151,
        7.577171087265015,
        7.551790118217468,
        7.571318984031677,
        7.56378698348999,
        7.554310083389282,
        7.537520527839661,
        7.507028222084045,
        7.491637468338013,
        7.46707022190094,
        7.499091982841492,
        7.496453046798706,
        7.57716977596283,
        7.480235576629639,
        7.557054877281189,
        7.383339047431946,
        7.443122148513794,
        7.491178274154663,
        7.42336630821228,
        7.48230516910553,
        7.394736170768738,
        7.4534860253334045,
        7.382691979408264,
        7.403863728046417,
        7.389668345451355,
        7.367490291595459,
        7.309319853782654,
        7.357896685600281,
        7.330761969089508,
        7.29178261756897,
        7.410999596118927,
        7.378790736198425,
        7.289570093154907,
        7.232484579086304,
        7.23187255859375,
        7.268366694450378,
        7.391798555850983,
        7.27118307352066,
        7.289439022541046,
        7.249531984329224,
        7.246299743652344,
        7.275094628334045,
        7.235031187534332,
        7.195424795150757,
        7.120639979839325,
        7.047459661960602,
        7.153473913669586,
        7.086952984333038,
        7.090016424655914,
        7.127384185791016,
        7.014196217060089,
        6.99501359462738,
        7.088298320770264,
        7.07406085729599,
        6.985477983951569,
        7.015325665473938,
        6.939543902873993,
        6.893451690673828,
        6.870676279067993,
        6.7781752943992615,
        6.868291139602661,
        6.913147866725922,
        6.710218966007233,
        6.662016272544861,
        6.801822245121002,
        6.77791303396225,
        6.6438353061676025,
        6.492359399795532,
        6.822589874267578,
        6.619702637195587,
        6.477861285209656,
        6.327718675136566,
        6.03242039680481,
        6.52463036775589,
        6.533363878726959,
        6.356726884841919,
        6.100560784339905,
        6.050438106060028,
        6.146474659442902,
        5.884880721569061,
        6.267861902713776,
        6.173741579055786,
        6.24571567773819,
        6.627883970737457,
        5.97145277261734,
        5.986191630363464,
        5.548904776573181,
        5.755989849567413,
        5.5969743728637695,
        5.703606486320496,
        5.603491544723511,
        5.104538440704346,
        6.088268041610718,
        6.0444910526275635,
        5.553965210914612,
        5.0647411942481995,
        5.380500227212906,
        5.107664942741394,
        5.752429246902466,
        5.269626259803772,
        5.46792858839035,
        5.558930367231369,
        5.490542232990265,
        5.89079874753952,
        5.132630705833435,
        5.277381509542465,
        5.287504822015762,
        5.310955703258514,
        5.827638208866119,
        5.089304447174072,
        4.576611697673798,
        4.955950886011124,
        5.113753855228424,
        5.3316479325294495,
        5.2264626026153564,
        5.344112932682037,
        4.571297109127045,
        4.769223272800446,
        5.104192286729813,
        5.1608805656433105,
        5.522662699222565,
        5.0146324634552,
        4.797969967126846,
        4.837779104709625,
        4.465474545955658,
        5.166817665100098,
        4.439043641090393,
        4.2944116294384,
        4.874780833721161,
        4.692163646221161,
        4.440418750047684,
        4.85737818479538,
        4.793577790260315,
        4.974222958087921,
        4.577707499265671,
        5.203764259815216,
        4.953530579805374,
        4.891689419746399,
        4.631895989179611,
        5.394362092018127,
        4.508893668651581,
        4.3727671802043915,
        4.531808078289032,
        4.077675938606262,
        4.737123429775238,
        4.08808296918869,
        4.613653898239136,
        4.69670557975769,
        5.029411107301712,
        4.607286751270294,
        4.147862285375595,
        3.797426551580429,
        4.670163065195084,
        4.421126425266266,
        4.896886199712753,
        3.3206263557076454,
        4.79087096452713,
        4.557257413864136,
        4.7962168753147125,
        4.305837959051132,
        4.653894066810608,
        3.990263909101486,
        4.844365894794464,
        4.640689343214035,
        3.7636746615171432,
        4.180074781179428,
        3.981330096721649,
        4.17149892449379,
        4.99131977558136,
        4.018768161535263,
        3.1036646366119385,
        4.08541014790535,
        3.993322044610977,
        3.591978281736374,
        3.908055990934372,
        4.018943101167679,
        4.551494628190994,
        4.2723158448934555,
        4.045078665018082,
        3.9244382828474045,
        3.967530995607376,
        4.282156765460968,
        4.060746610164642,
        3.5932983458042145,
        3.6763104051351547,
        4.07518008351326,
        4.066304713487625,
        3.8033440709114075,
        3.091141253709793,
        3.442662075161934,
        3.60604590177536,
        3.257608339190483,
        4.476241290569305,
        4.1937810480594635,
        3.9800206422805786,
        3.793222576379776,
        4.5787373483181,
        3.422428250312805,
        3.0310193598270416,
        3.6774160861968994,
        3.106275886297226,
        3.9267192482948303,
        3.7227237820625305,
        3.72503799200058,
        3.4107524007558823,
        3.88828307390213,
        3.8745211958885193,
        3.273152306675911,
        4.255875587463379,
        4.399340510368347,
        4.16784730553627,
