{
  "timestamp": "20260424_114157",
  "config": {
    "model_size": "125M",
    "batch_size": 4,
    "gradient_accumulation": 1,
    "max_steps": 10,
    "max_seq_len": 1024,
    "learning_rate": 0.0006,
    "Kx": 32,
    "Ku": 96,
    "Kv": 192
  },
  "results": {
    "DESLOC": {
      "final_loss": 10.290369033813477,
      "avg_loss": 10.665164375305176,
      "total_time_seconds": 2.1518666744232178,
      "tokens_per_second_per_gpu": 19034.636525972892,
      "tokens_per_second_cluster": 57103.909577918675,
      "peak_memory_gb": 5.67688448,
      "mfu": 0.018786410363093996,
      "gpu_name": "NVIDIA H100 NVL",
      "sync_counts": {
        "x": 6,
        "u": 0,
        "v": 6
      },
      "losses": [
        10.93910026550293,
        10.802167892456055,
        10.811891555786133,
        10.739456176757812,
        10.638273239135742,
        10.764060974121094,
        10.65281867980957,
        10.529327392578125,
        10.48417854309082,
        10.290369033813477
      ]
    }
  }
}