{
  "timestamp": "20260423_151104",
  "config": {
    "model_size": "700M",
    "batch_size": 4,
    "gradient_accumulation": 8,
    "max_steps": 500,
    "max_seq_len": 1024,
    "learning_rate": 0.0006,
    "Kx": 32,
    "Ku": 96,
    "Kv": 192
  },
  "results": {
    "DDP": {
      "final_loss": 7.544707179069519,
      "avg_loss": 7.6346584475040435,
      "total_time_seconds": 1562.5936694145203,
      "tokens_per_second_per_gpu": 10485.13143288161,
      "tokens_per_second_cluster": 20970.26286576322,
      "peak_memory_gb": 26.511113728,
      "mfu": 0.18227997141788813,
      "gpu_name": "NVIDIA H100 NVL",
      "sync_counts": {
        "all": 500
      },
      "losses": [
        11.050992488861084,
        10.834088802337646,
        10.511797428131104,
        9.98100233078003,
        9.580684304237366,
        9.333458304405212,
        9.25959837436676,
        8.947003960609436,
        8.753693342208862,
        8.858469367027283,
        8.74317467212677,
        8.799992203712463,
        8.739604949951172,
        8.671785593032837,
        15.783496618270874,
        8.643998742103577,
        8.57199478149414,
        8.524836897850037,
        8.555334448814392,
        8.455219745635986,
        8.410539388656616,
        8.495542049407959,
        8.487446069717407,
        8.438502430915833,
        8.481436371803284,
        8.348251223564148,
        8.564360737800598,
        8.277220249176025,
        8.377748608589172,
        8.490692973136902,
        8.414307117462158,
        8.393821716308594,
        8.420743465423584,
        8.274333715438843,
        8.418912172317505,
        8.397004127502441,
        8.42343294620514,
        8.32898223400116,
        8.234977126121521,
        8.296443581581116,
        8.343843936920166,
        8.31890618801117,
        8.315590381622314,
        8.279367327690125,
        8.318905115127563,
        8.322860836982727,
        8.300723314285278,
        8.272613644599915,
        8.35964322090149,
        8.301695704460144,
        8.29829227924347,
        8.42053484916687,
        8.355258464813232,
        8.289998412132263,
        8.242595791816711,
        8.258013844490051,
        8.256783246994019,
        8.392300486564636,
        8.271626830101013,
        8.304702758789062,
        8.286282420158386,
        8.252419710159302,
        8.194875121116638,
        8.240379452705383,
        8.230370283126831,
        8.339471459388733,
        8.248666644096375,
        8.183270454406738,
        8.212421298027039,
        8.2447589635849,
        8.253137826919556,
        8.179807424545288,
        8.339161396026611,
        8.387226581573486,
        8.280701041221619,
        8.265035033226013,
        8.279352068901062,
        8.391626954078674,
        8.241133570671082,
        8.237653970718384,
        8.218205213546753,
        8.271953821182251,
        8.234220385551453,
        8.214369773864746,
        8.224045395851135,
        8.326896786689758,
        8.221233367919922,
        8.192643761634827,
        8.145409941673279,
        8.16390585899353,
        8.213485956192017,
        8.353628277778625,
        8.222045660018921,
        8.188640236854553,
        8.30182945728302,
        8.240760803222656,
        8.280197381973267,
        8.254993319511414,
        8.23548710346222,
        8.251038670539856,
        8.27684485912323,
        8.315939784049988,
        8.273371577262878,
        8.257886409759521,
        8.297553539276123,
        8.285537600517273,
        8.248409390449524,
        8.204288125038147,
        8.197815775871277,
        8.180149793624878,
        8.155311822891235,
        8.158117055892944,
        8.257735252380371,
        8.163609147071838,
        8.229733109474182,
        8.24770987033844,
        8.218645691871643,
        8.20798373222351,
        8.18980062007904,
        8.191995739936829,
        8.222431063652039,
        8.224838972091675,
        8.19883906841278,
        8.191946268081665,
        8.192270994186401,
        8.18964409828186,
        8.151748180389404,
        8.243512868881226,
        8.19751262664795,
        8.21348774433136,
        8.235983610153198,
        8.172049403190613,
        8.224942207336426,
        8.193116664886475,
        8.229245066642761,
        8.241519331932068,
        8.104431629180908,
        8.182267904281616,
        8.120630025863647,
        8.191269755363464,
        8.173475503921509,
        8.233619332313538,
        8.238069772720337,
        8.169444799423218,
        8.100263714790344,
        8.148077249526978,
        8.2014821767807,
        8.11818552017212,
        8.142398953437805,
        8.148614883422852,
        8.140292882919312,
        8.154010772705078,
        8.1230149269104,
        8.147229790687561,
        8.107548117637634,
        8.046573638916016,
        8.099939942359924,
        8.111616492271423,
        8.100033402442932,
        8.171709060668945,
        8.12048327922821,
        8.211416244506836,
        8.058278799057007,
        8.13590693473816,
        8.064610123634338,
        8.080545902252197,
        8.076048374176025,
        8.07301664352417,
        8.024287700653076,
        8.096256136894226,
        8.020864009857178,
        8.167540550231934,
        8.114313960075378,
        8.095651507377625,
        8.020846247673035,
        8.10831069946289,
        8.092270731925964,
        8.052831053733826,
        8.001875400543213,
        8.05917227268219,
        8.003036975860596,
        8.034389972686768,
        8.045020580291748,
        8.053215503692627,
        8.106205344200134,
        8.002662420272827,
        8.02914035320282,
        7.968065500259399,
        8.119454264640808,
        7.992088556289673,
        7.974674940109253,
        8.018797159194946,
        8.044697880744934,
        8.027968406677246,
        8.007447361946106,
        7.981497168540955,
        8.058252215385437,
        7.997896313667297,
        7.96864652633667,
        8.0195072889328,
        8.038261413574219,
        7.9791247844696045,
        7.967433333396912,
        7.959064722061157,
        7.979509949684143,
        7.93596613407135,
        8.001702070236206,
        7.910273313522339,
        7.960550427436829,
        7.957175254821777,
        7.964977383613586,
        7.960199952125549,
        7.908103108406067,
        7.973004341125488,
        7.98492705821991,
        7.938354134559631,
        7.954057693481445,
        7.9777443408966064,
        7.910218596458435,
        7.999437689781189,
        7.906261563301086,
        7.950657844543457,
        7.944746255874634,
        7.9179527759552,
        7.887270092964172,
        7.935191631317139,
        7.913847088813782,
        7.964489579200745,
        7.978603363037109,
        7.975382089614868,
        7.926636457443237,
        7.872820734977722,
        7.9421281814575195,
        7.905254602432251,
        7.93785560131073,
        7.870276570320129,
        7.919139504432678,
        7.936747670173645,
        7.913397789001465,
        7.895418405532837,
        7.89695417881012,
        7.887884497642517,
        7.9063310623168945,
        7.9105565547943115,
        7.8893314599990845,
        7.879786849021912,
        7.924117088317871,
        7.942931652069092,
        7.9581180810928345,
        7.912037014961243,
        7.884567737579346,
        7.910175561904907,
        7.900190711021423,
        7.855100750923157,
        7.923812985420227,
        7.839027523994446,
        7.836670875549316,
        7.8628987073898315,
        7.874486446380615,
        7.861082553863525,
        7.925318360328674,
        7.927206039428711,
        7.8794039487838745,
        7.877714991569519,
        7.887087345123291,
        7.913391470909119,
        7.889499664306641,
        7.858950972557068,
        7.886812806129456,
        7.900282979011536,
        7.863307595252991,
