{
  "timestamp": "20260424_132044",
  "config": {
    "model_size": "1.3B",
    "batch_size": 2,
    "gradient_accumulation": 8,
    "max_steps": 500,
    "max_seq_len": 1024,
    "learning_rate": 0.0006,
    "Kx": 1,
    "Ku": 1,
    "Kv": 1
  },
  "results": {
    "DDP": {
      "final_loss": 7.7300004959106445,
      "avg_loss": 7.727260411977768,
      "total_time_seconds": 2148.682750940323,
      "tokens_per_second_per_gpu": 3812.5684196119482,
      "tokens_per_second_cluster": 11437.705258835846,
      "peak_memory_gb": 30.452337152,
      "mfu": 0.039734943424779214,
      "gpu_name": "NVIDIA H100 NVL",
      "sync_counts": {
        "all": 500
      },
      "losses": [
        11.249393701553345,
        10.908947944641113,
        10.441538333892822,
        10.105152606964111,
        9.782280206680298,
        9.656213283538818,
        9.207056999206543,
        9.35849642753601,
        9.304944038391113,
        9.27550482749939,
        9.059444665908813,
        9.111780405044556,
        9.017991781234741,
        8.957979679107666,
        8.84608769416809,
        8.94199538230896,
        8.926501512527466,
        8.700315475463867,
        8.973832130432129,
        8.737318992614746,
        8.85173773765564,
        8.63066840171814,
        8.615735530853271,
        8.72104287147522,
        8.729161262512207,
        8.721101999282837,
        8.577340126037598,
        8.655733585357666,
        8.66185998916626,
        8.629043340682983,
        8.561061382293701,
        8.544474363327026,
        8.566268920898438,
        8.460357427597046,
        8.615094661712646,
        8.685744524002075,
        8.614248514175415,
        8.42727017402649,
        8.494761943817139,
        8.436332941055298,
        8.47541880607605,
        8.418753385543823,
        8.484753847122192,
        8.303417444229126,
        8.603565692901611,
        8.46563196182251,
        8.44286298751831,
        8.332118511199951,
        8.594440937042236,
        8.394969940185547,
        8.461914300918579,
        8.586530447006226,
        8.351635456085205,
        8.332425832748413,
        8.428842067718506,
        8.482863187789917,
        8.479652404785156,
        8.35946011543274,
        8.36575698852539,
        8.344290256500244,
        8.2841637134552,
        8.442766904830933,
        8.339381456375122,
        8.431430578231812,
        8.379222631454468,
        8.40537691116333,
        8.4140465259552,
        8.26322889328003,
        8.491641283035278,
        8.407683610916138,
        8.431744813919067,
        8.331008911132812,
        8.457592010498047,
        8.339407682418823,
        8.41802716255188,
        8.317888498306274,
        8.388322591781616,
        8.302552700042725,
        8.349822521209717,
        8.205078363418579,
        8.316872119903564,
        8.378927946090698,
        8.360381364822388,
        8.490605592727661,
        8.302685737609863,
        8.260368347167969,
        8.349510669708252,
        8.215242385864258,
        8.318389892578125,
        8.360665559768677,
        8.772352695465088,
        8.38506531715393,
        8.303991317749023,
        8.289402961730957,
        8.284228563308716,
        8.325234174728394,
        8.398350238800049,
        8.282582998275757,
        8.336341142654419,
        8.342808723449707,
        8.262058734893799,
        8.410084962844849,
        8.274513721466064,
        8.320984125137329,
        8.1712806224823,
        8.320425748825073,
        8.243553638458252,
        8.304795026779175,
        8.29137635231018,
        8.23711109161377,
        8.333143949508667,
        8.273671865463257,
        8.253854751586914,
        8.252577066421509,
        8.369890689849854,
        8.327791690826416,
        8.141479969024658,
        8.331201553344727,
        8.322336196899414,
        8.35508942604065,
        8.339752912521362,
        8.395093202590942,
        8.23262357711792,
        8.220327854156494,
        8.302196741104126,
        8.237494707107544,
        8.240149021148682,
        8.339635133743286,
        8.354179382324219,
        8.202533483505249,
        8.365100145339966,
        8.261834383010864,
        8.229145288467407,
        8.207346439361572,
        8.201144218444824,
        8.32161545753479,
        8.377029657363892,
        8.199535846710205,
        8.22314167022705,
        8.310524702072144,
        8.279024124145508,
        8.282459497451782,
        8.352962255477905,
        8.326402187347412,
        8.163731336593628,
        8.189320087432861,
        8.370563507080078,
        8.284966468811035,
        8.24728512763977,
        8.130008697509766,
        8.268339157104492,
        8.361997127532959,
        8.332662105560303,
        8.220109701156616,
        8.17687702178955,
        8.211450338363647,
        8.301410675048828,
        8.22444462776184,
        8.228381156921387,
        8.300163269042969,
        8.20831561088562,
        8.316204309463501,
        8.191033840179443,
        8.158580303192139,
        8.240149974822998,
        8.17537260055542,
        8.191612243652344,
        8.330610513687134,
        8.31849193572998,
        8.28956651687622,
        8.23865556716919,
        8.198462963104248,
        8.19883131980896,
        8.095534563064575,
        8.235263347625732,
        8.188332319259644,
        8.279070377349854,
        8.313675165176392,
        8.2286376953125,
        8.234655618667603,
        8.203744173049927,
        8.238703727722168,
        8.186192750930786,
        8.245475769042969,
        8.143558263778687,
        8.078099012374878,
        8.317758560180664,
        8.196644067764282,
        8.316415309906006,
        8.32029938697815,
        8.221115350723267,
        8.219449520111084,
        8.122401237487793,
        8.223659753799438,
        8.34000015258789,
        8.022037744522095,
        8.234598875045776,
        8.311845064163208,
        8.124011754989624,
        8.122248649597168,
        8.166467189788818,
        8.228290557861328,
        8.189238548278809,
        8.279143333435059,
        8.261844396591187,
        8.272254943847656,
        8.21502685546875,
        8.151468992233276,
        8.132329940795898,
        8.151711702346802,
        8.275525093078613,
        8.227339267730713,
        8.234619855880737,
        8.285655736923218,
        8.054659843444824,
        8.148678302764893,
        8.229485273361206,
        8.115991353988647,
        8.164847135543823,
        8.238337993621826,
        8.159471988677979,
        8.183589935302734,
        8.241995096206665,
        8.164314985275269,
        8.158697366714478,
        8.132620096206665,
        8.13165545463562,
        8.035189151763916,
        8.15113615989685,
        8.148825883865356,
        8.097173929214478,
        8.024170160293579,
        8.117280721664429,
        8.140928506851196,
        8.025611877441406,
        8.086376190185547,
        8.138527154922485,
        8.113582372665405,
        8.040194034576416,
        8.051281452178955,
        8.104127883911133,
        8.082903385162354,
        8.066071033477783,
        8.064054489135742,
        8.07006573677063,
        8.018315076828003,
        8.059160232543945,
        8.020017623901367,
        7.980028390884399,
        8.065644264221191,
        8.028763771057129,
        8.038045406341553,
        8.060532569885254,
        8.033734321594238,
        8.038810968399048,
        7.996033430099487,
        7.99577784538269,
        8.171371221542358,
        7.987695693969727,
        8.060908079147339,
        8.033649206161499,
        7.933430433273315,
        7.9499876499176025,
        8.061157464981079,
        7.900807619094849,
        7.943656921386719,
        8.051531314849854,
        7.958009958267212,
        7.903599739074707,
        7.995930194854736,
        7.961968898773193,
        7.952530145645142,
