{
  "timestamp": "20260429_091129",
  "config": {
    "model_size": "7B",
    "batch_size": 1,
    "gradient_accumulation": 8,
    "max_steps": 200,
    "max_seq_len": 2048,
    "learning_rate": 0.0006,
    "Kx": 32,
    "Ku": 96,
    "Kv": 192
  },
  "results": {
    "DESLOC": {
      "final_loss": 8.601058959960938,
      "avg_loss": 8.657407722473145,
      "total_time_seconds": 2454.6390056610107,
      "tokens_per_second_per_gpu": 1334.9417134018,
      "tokens_per_second_cluster": 4004.8251402053997,
      "peak_memory_gb": 28.518426624,
      "mfu": 0.0705318012131631,
      "gpu_name": "NVIDIA H100 NVL",
      "sync_counts": {
        "x": 38,
        "u": 2,
        "v": 38
      },
      "losses": [
        11.593210220336914,
        10.948348999023438,
        10.916574478149414,
        10.441629409790039,
        10.245498657226562,
        10.260120391845703,
        9.998750686645508,
        10.091102600097656,
        9.976541519165039,
        9.577537536621094,
        9.638227462768555,
        9.445966720581055,
        9.297588348388672,
        9.153177261352539,
        9.33975601196289,
        8.931419372558594,
        8.864812850952148,
        9.594278335571289,
        9.104564666748047,
        9.15545654296875,
        9.449655532836914,
        8.89599609375,
        9.041942596435547,
        8.85378646850586,
        8.901456832885742,
        8.947628021240234,
        8.576799392700195,
        8.748462677001953,
        8.596517562866211,
        9.109153747558594,
        8.73271369934082,
        8.558408737182617,
        8.992025375366211,
        8.610513687133789,
        8.709121704101562,
        8.848155975341797,
        8.44691276550293,
        8.868858337402344,
        8.703605651855469,
        8.503149032592773,
        8.823123931884766,
        8.757818222045898,
        8.558631896972656,
        8.38405990600586,
        8.49433708190918,
        8.421491622924805,
        8.50881576538086,
        8.320133209228516,
        8.411554336547852,
        8.457788467407227,
        8.397623062133789,
        8.387977600097656,
        8.312089920043945,
        8.515954971313477,
        8.23951530456543,
        8.68338394165039,
        8.479827880859375,
        8.320074081420898,
        8.243206024169922,
        8.389766693115234,
        8.345846176147461,
        8.40943717956543,
        8.44295883178711,
        8.319133758544922,
        8.354469299316406,
        8.549640655517578,
        8.463699340820312,
        8.503389358520508,
        8.414155960083008,
        8.340131759643555,
        8.458154678344727,
        8.397197723388672,
        8.30345344543457,
        8.258729934692383,
        8.57609748840332,
        8.162897109985352,
        8.66390609741211,
        8.574178695678711,
        8.17288589477539,
        8.4300537109375,
        8.500995635986328,
        8.736167907714844,
        8.409004211425781,
        8.316446304321289,
        8.508955001831055,
        14.976680755615234,
        8.248987197875977,
        8.237085342407227,
        8.228384017944336,
        8.481605529785156,
        8.214609146118164,
        8.118085861206055,
        8.332540512084961,
        8.414390563964844,
        8.770608901977539,
        8.54840087890625,
        8.168403625488281,
        8.337587356567383,
        8.462278366088867,
        8.73914909362793,
        8.597816467285156,
        8.607257843017578,
        8.974952697753906,
        8.590383529663086,
        8.768545150756836,
        8.654802322387695,
        9.052141189575195,
        8.983415603637695,
        8.605121612548828,
        8.981075286865234,
        9.280967712402344,
        8.988540649414062,
        8.889127731323242,
        9.06431770324707,
        9.203071594238281,
        8.885379791259766,
        8.896434783935547,
        8.994110107421875,
        8.823814392089844,
        8.898672103881836,
        9.025814056396484,
        8.954935073852539,
        8.909114837646484,
        8.784646987915039,
        8.773443222045898,
        8.78774642944336,
        8.924928665161133,
        9.007719039916992,
        8.388069152832031,
        8.429780960083008,
        8.477888107299805,
        8.34164047241211,
        8.690067291259766,
        8.527692794799805,
        8.574377059936523,
        8.603893280029297,
        8.780696868896484,
        8.540182113647461,
        8.831575393676758,
        8.428964614868164,
        8.465999603271484,
        8.555854797363281,
        8.607149124145508,
        8.598470687866211,
        8.583883285522461,
        8.68983268737793,
        8.710474014282227,
        8.648797988891602,
        8.617069244384766,
        8.753677368164062,
        8.65562629699707,
        9.017696380615234,
        8.835660934448242,
        8.748416900634766,
        8.925823211669922,
        8.642709732055664,
        8.607505798339844,
        8.662302017211914,
        8.814083099365234,
        8.757303237915039,
        8.429101943969727,
        8.473718643188477,
        8.190145492553711,
        8.289670944213867,
        8.274251937866211,
        8.321161270141602,
        8.470230102539062,
        8.425376892089844,
        8.496179580688477,
        8.747024536132812,
        8.636941909790039,
        8.619817733764648,
        8.658462524414062,
        8.829315185546875,
        8.802482604980469,
        8.53237533569336,
        8.70897102355957,
        8.60628890991211,
        8.75008773803711,
        8.454700469970703,
        8.726507186889648,
        8.614349365234375,
        8.585674285888672,
        8.683496475219727,
        8.428092956542969,
        8.61252212524414,
        8.475189208984375,
        8.486736297607422,
        8.542438507080078,
        8.514350891113281,
        8.550559997558594,
        8.709081649780273,
        8.2164306640625,
        8.319375991821289,
        8.191133499145508,
        8.169591903686523,
        8.342184066772461,
        8.399606704711914,
        8.434625625610352,
        8.601058959960938
      ]
    }
  }
}