{
  "timestamp": "20260424_144233",
  "config": {
    "model_size": "1.3B",
    "batch_size": 2,
    "gradient_accumulation": 8,
    "max_steps": 500,
    "max_seq_len": 1024,
    "learning_rate": 0.0006,
    "Kx": 32,
    "Ku": 96,
    "Kv": 192
  },
  "results": {
    "DESLOC": {
      "final_loss": 8.166897535324097,
      "avg_loss": 8.183679759502411,
      "total_time_seconds": 1333.5590643882751,
      "tokens_per_second_per_gpu": 6142.960007367804,
      "tokens_per_second_cluster": 18428.88002210341,
      "peak_memory_gb": 31.791302656,
      "mfu": 0.06402250175966287,
      "gpu_name": "NVIDIA H100 NVL",
      "sync_counts": {
        "x": 47,
        "u": 5,
        "v": 47
      },
      "losses": [
        11.212368965148926,
        10.855951309204102,
        10.657204151153564,
        10.405601978302002,
        10.150878190994263,
        10.079979658126831,
        9.596029281616211,
        9.556700229644775,
        9.488709449768066,
        9.379359245300293,
        9.015685796737671,
        8.98975157737732,
        8.899997234344482,
        8.830652236938477,
        8.832738399505615,
        8.728208541870117,
        8.774984121322632,
        8.70645523071289,
        8.678778409957886,
        8.480401277542114,
        8.694198369979858,
        8.534299373626709,
        8.36457347869873,
        8.617530584335327,
        8.486133813858032,
        8.508834838867188,
        8.447739601135254,
        8.374801397323608,
        8.469741344451904,
        8.447383165359497,
        8.481008768081665,
        8.354105949401855,
        8.367221117019653,
        8.31020450592041,
        10.932881593704224,
        8.533935070037842,
        8.438389301300049,
        8.343362808227539,
        8.470511436462402,
        8.245718479156494,
        8.403386116027832,
        8.351653337478638,
        15.271825075149536,
        8.187326431274414,
        8.491695165634155,
        8.383143901824951,
        8.341848373413086,
        8.218246698379517,
        8.38935136795044,
        8.294312953948975,
        8.34071683883667,
        8.409252643585205,
        8.22832703590393,
        8.217164993286133,
        8.257463216781616,
        8.378878831863403,
        8.370553970336914,
        8.219175577163696,
        8.206452369689941,
        8.189711093902588,
        8.13599419593811,
        8.306206941604614,
        8.225874900817871,
        8.35617184638977,
        8.238609313964844,
        8.319530010223389,
        8.278153896331787,
        8.166666984558105,
        8.2980215549469,
        8.242367267608643,
        8.269725561141968,
        8.292192935943604,
        8.326804637908936,
        8.191555500030518,
        8.41916298866272,
        8.219884157180786,
        8.257485628128052,
        8.22107982635498,
        8.28522539138794,
        8.116693496704102,
        8.183194398880005,
        8.274609804153442,
        8.226540565490723,
        8.444312572479248,
        8.461443185806274,
        8.189460754394531,
        8.24521017074585,
        8.148676872253418,
        8.155974864959717,
        8.302291631698608,
        8.25985050201416,
        8.24833345413208,
        8.252302408218384,
        8.10023045539856,
        8.166715145111084,
        8.216059684753418,
        8.23439621925354,
        8.215475082397461,
        8.277577877044678,
        8.279768943786621,
        8.336650609970093,
        8.481329679489136,
        8.403165817260742,
        9.316036224365234,
        8.499475240707397,
        8.669630289077759,
        8.506764650344849,
        8.536887407302856,
        8.567594528198242,
        8.463626146316528,
        8.623363971710205,
        8.612598180770874,
        8.560587644577026,
        8.674411058425903,
        8.751264095306396,
        8.676087379455566,
        8.476694107055664,
        8.601158142089844,
        8.602831840515137,
        8.81938624382019,
        8.680104970932007,
        8.825420379638672,
        8.762158155441284,
        8.591167211532593,
        8.681923866271973,
        8.473523616790771,
        8.617157220840454,
        8.652019500732422,
        8.427160501480103,
        8.201243877410889,
        8.407949924468994,
        8.325365543365479,
        8.27614450454712,
        8.384958028793335,
        8.413218259811401,
        8.524895429611206,
        8.648059129714966,
        8.44194507598877,
        8.546069622039795,
        8.652425765991211,
        8.6251859664917,
        8.595486640930176,
        8.69311785697937,
        8.49971628189087,
        8.476243734359741,
        8.496699333190918,
        8.630820751190186,
        8.589107990264893,
        8.359880685806274,
        17.527087688446045,
        8.395282506942749,
        8.504197597503662,
        8.494410514831543,
        8.525869131088257,
        8.415239334106445,
        8.490590333938599,
        8.666335105895996,
        8.73009991645813,
        8.636714696884155,
        8.839991092681885,
        8.267536163330078,
        8.39112901687622,
        8.192911624908447,
        8.186735391616821,
        8.291345357894897,
        8.299081802368164,
        8.351966381072998,
        8.56833791732788,
        8.669052124023438,
        8.586817741394043,
        8.628603219985962,
        8.557207822799683,
        8.559878826141357,
        8.365272521972656,
        8.5548095703125,
        8.580519914627075,
        8.541658163070679,
        8.497841119766235,
        8.498830318450928,
        8.404303312301636,
        8.415553569793701,
        8.467159032821655,
        8.486564636230469,
        8.468336820602417,
        8.460911750793457,
        8.331317901611328,
        8.514758586883545,
        8.388720512390137,
        8.460480451583862,
        8.584970712661743,
        8.527188062667847,
        8.483027458190918,
        8.170587062835693,
        8.26193881034851,
        8.368668556213379,
        8.108299732208252,
        8.257314205169678,
        8.30360221862793,
        8.216798305511475,
        8.306317329406738,
        8.287187814712524,
        8.409937381744385,
        8.361509799957275,
        8.49080491065979,
        8.495900869369507,
        8.521745443344116,
        8.45677638053894,
        8.447698831558228,
        8.353204488754272,
        8.426433086395264,
        8.497724294662476,
        8.492920398712158,
        8.586109161376953,
        8.48240327835083,
        8.25275468826294,
        8.30853796005249,
        8.506097555160522,
        8.400357007980347,
        8.461689472198486,
        8.482847452163696,
        8.394342184066772,
        8.468539237976074,
        8.416913270950317,
        8.390748023986816,
        8.202753067016602,
        8.223639965057373,
        8.236029148101807,
        8.188267230987549,
        8.299750566482544,
        8.21366548538208,
        8.233386754989624,
        8.17818546295166,
        8.36015248298645,
        8.323646306991577,
        8.28342056274414,
        8.38723874092102,
        8.306238889694214,
        8.355557680130005,
        8.311612129211426,
        8.344507694244385,
        8.346152305603027,
        8.359502077102661,
        8.335614681243896,
        8.388105630874634,
        10.775295495986938,
        8.31846308708191,
        8.380773782730103,
        8.283133268356323,
        8.294370651245117,
        8.299062967300415,
        8.24246883392334,
        8.397290468215942,
        8.340161323547363,
        8.384588241577148,
        8.364169836044312,
        8.317254066467285,
        8.183047533035278,
        8.277371644973755,
        8.154614210128784,
        8.158418893814087,
        8.17497706413269,
        8.205564260482788,
        8.097785472869873,
        8.283916473388672,
        8.175376176834106,
        8.186232328414917,
        8.362199068069458,
        8.345322132110596,
        8.20776915550232,
        8.320374011993408,
