{
  "timestamp": "20260520_092158",
  "config": {
    "model_size": "13B",
    "batch_size": 1,
    "gradient_accumulation": 8,
    "max_steps": 200,
    "max_seq_len": 1024,
    "learning_rate": 0.0006,
    "Kx": 1,
    "Ku": 1,
    "Kv": 1
  },
  "results": {
    "DESLOC": {
      "final_loss": 12.5,
      "avg_loss": 13.091875,
      "total_time_seconds": 1210.6363158226013,
      "tokens_per_second_per_gpu": 1353.3378923023158,
      "tokens_per_second_cluster": 4060.0136769069477,
      "peak_memory_gb": 34.25680128,
      "mfu": 2.6954084933980313,
      "gpu_name": "NVIDIA RTX A6000",
      "sync_counts": {
        "x": 0,
        "u": 0,
        "v": 0,
        "skips": 0,
        "reduction": 600.0
      },
      "losses": [
        11.9375,
        11.625,
        11.875,
        12.0625,
        12.3125,
        11.6875,
        12.125,
        11.4375,
        18.0,
        16.875,
        17.5,
        16.375,
        17.25,
        17.125,
        18.25,
        16.625,
        11.5,
        11.125,
        11.125,
        12.125,
        11.5625,
        11.3125,
        12.125,
        11.25,
        12.6875,
        12.0625,
        12.6875,
        12.4375,
        11.875,
        12.6875,
        12.5,
        12.9375,
        12.6875,
        12.875,
        11.5625,
        12.25,
        12.75,
        12.8125,
        12.9375,
        11.9375,
        12.0,
        13.75,
        13.3125,
        12.0,
        12.75,
        11.3125,
        12.125,
        12.0,
        13.0625,
        12.375,
        13.25,
        13.0625,
        13.6875,
        13.375,
        11.875,
        13.875,
        14.0,
        12.875,
        12.4375,
        14.375,
        12.75,
        14.0625,
        13.125,
        14.125,
        14.4375,
        13.6875,
        14.8125,
        12.9375,
        14.1875,
        13.3125,
        13.625,
        13.1875,
        14.625,
        13.375,
        13.1875,
        13.75,
        13.5,
        16.0,
        13.0,
        14.25,
        12.75,
        15.0,
        12.8125,
        14.4375,
        13.5625,
        13.6875,
        15.3125,
        12.75,
        13.3125,
        13.0,
        12.9375,
        13.5625,
        13.375,
        14.25,
        12.625,
        14.5,
        13.3125,
        14.125,
        15.4375,
        13.6875,
        13.9375,
        14.9375,
        13.0,
        14.5,
        13.8125,
        13.8125,
        12.5,
        11.9375,
        15.9375,
        14.625,
        13.875,
        14.0,
        14.125,
        13.25,
        14.5,
        13.875,
        14.125,
        14.1875,
        14.375,
        13.3125,
        13.1875,
        13.25,
        12.375,
        11.5,
        13.0,
        13.125,
        14.0625,
        12.8125,
        11.5625,
        13.3125,
        13.1875,
        13.75,
        13.4375,
        11.1875,
        12.125,
        13.125,
        14.75,
        14.75,
        14.6875,
        14.8125,
        14.0,
        13.6875,
        12.125,
        13.25,
        15.1875,
        13.0625,
        13.875,
        11.75,
        12.875,
        13.625,
        12.6875,
        12.25,
        13.25,
        11.875,
        13.75,
        12.5,
        12.4375,
        13.6875,
        13.3125,
        12.5625,
        13.1875,
        12.125,
        13.9375,
        12.8125,
        12.5,
        12.75,
        13.3125,
        12.3125,
        12.0,
        12.125,
        12.125,
        13.5625,
        12.9375,
        11.4375,
        12.4375,
        12.25,
        12.8125,
        13.5,
        13.1875,
        12.4375,
        12.4375,
        14.0,
        12.0625,
        13.0,
        12.1875,
        12.875,
        12.4375,
        11.6875,
        11.75,
        13.0,
        12.875,
        11.9375,
        12.4375,
        11.875,
        11.8125,
        14.0,
        12.1875,
        13.125,
        12.875,
        12.5
      ],
      "diagnostic_history": []
    }
  }
}