{
  "timestamp": "20260423_030444",
  "config": {
    "model_size": "125M",
    "batch_size": 4,
    "gradient_accumulation": 8,
    "max_steps": 500,
    "max_seq_len": 1024,
    "learning_rate": 0.0006,
    "Kx": 32,
    "Ku": 96,
    "Kv": 192
  },
  "results": {
    "DESLOC": {
      "final_loss": 6.978469014167786,
      "avg_loss": 7.342988747954369,
      "total_time_seconds": 276.9674725532532,
      "tokens_per_second_per_gpu": 59154.960865846115,
      "tokens_per_second_cluster": 118309.92173169223,
      "peak_memory_gb": 6.180077056,
      "mfu": 0.1653106836700977,
      "gpu_name": "NVIDIA H100 NVL",
      "sync_counts": {
        "x": 47,
        "u": 108,
        "v": 2
      },
      "losses": [
        10.922890901565552,
        10.837178230285645,
        10.690185189247131,
        17.674525260925293,
        13.224961042404175,
        11.62695562839508,
        10.097754001617432,
        10.580740690231323,
        17.529365062713623,
        11.042725920677185,
        10.644559383392334,
        10.181098699569702,
        9.831701278686523,
        11.669476509094238,
        23.097933530807495,
        10.926175594329834,
        10.471226692199707,
        10.117563247680664,
        9.464481472969055,
        9.172497510910034,
        8.987455129623413,
        8.764139771461487,
        14.067142248153687,
        14.24386477470398,
        8.689793348312378,
        8.552985548973083,
        11.010231971740723,
        8.423533082008362,
        10.527697563171387,
        13.539629936218262,
        8.397649884223938,
        8.403408527374268,
        8.437346935272217,
        8.320749402046204,
        8.399072527885437,
        8.560377955436707,
        8.387262463569641,
        8.298185110092163,
        8.216108322143555,
        8.22286605834961,
        8.308634519577026,
        14.418943405151367,
        8.32035493850708,
        8.239300727844238,
        12.704036951065063,
        8.3276127576828,
        8.270763039588928,
        8.209996819496155,
        8.333404660224915,
        10.273571968078613,
        10.005512952804565,
        8.335212588310242,
        12.55036473274231,
        17.41524624824524,
        8.817215085029602,
        11.924991130828857,
        11.635881185531616,
        8.60211956501007,
        8.39795732498169,
        8.380370020866394,
        8.322332262992859,
        8.286499381065369,
        8.210431694984436,
        8.188654065132141,
        8.186389565467834,
        8.297064900398254,
        8.199693441390991,
        8.181339502334595,
        8.159215331077576,
        8.181085705757141,
        8.200881123542786,
        8.119679808616638,
        8.309898376464844,
        8.294072270393372,
        8.23340654373169,
        8.216939568519592,
        8.23507821559906,
        8.413999199867249,
        8.225435018539429,
        8.348899483680725,
        8.302883982658386,
        8.215234279632568,
        8.214774489402771,
        8.208873867988586,
        8.211180448532104,
        8.290960788726807,
        10.70075249671936,
        8.199909806251526,
        8.130282402038574,
        8.196520209312439,
        8.24161183834076,
        14.493760824203491,
        14.00204348564148,
        8.171559691429138,
        15.28936219215393,
        14.855501890182495,
        8.237472891807556,
        8.20344603061676,
        8.224657773971558,
        8.206884980201721,
        8.254626154899597,
        8.27258050441742,
        8.240813612937927,
        8.271620869636536,
        8.301027655601501,
        8.27270781993866,
        8.25450325012207,
        8.212893843650818,
        8.212674498558044,
        8.172281622886658,
        8.196497559547424,
        8.17242169380188,
        8.23912489414215,
        8.168094038963318,
        8.258989214897156,
        8.271543741226196,
        8.283061504364014,
        8.24215292930603,
        8.216397404670715,
        8.220356702804565,
        8.237420558929443,
        8.241793513298035,
        8.181951999664307,
        8.194269180297852,
        8.216127514839172,
        8.2560316324234,
        8.220985770225525,
        8.321085572242737,
        8.186323642730713,
        13.4613356590271,
        13.568546772003174,
        13.031630754470825,
        12.426208734512329,
        11.657422542572021,
        10.852462410926819,
        10.025297045707703,
        9.140447854995728,
        8.739107370376587,
        8.393929481506348,
        8.42739725112915,
        8.343981862068176,
        9.70761775970459,
        8.535182118415833,
        9.735881805419922,
        8.647206544876099,
        8.509140729904175,
        8.855133891105652,
        8.26053786277771,
        9.073922991752625,
        9.234153032302856,
        8.903140902519226,
        8.549399852752686,
        8.396830558776855,
        8.915021419525146,
        8.297073602676392,
        8.351866602897644,
        8.287598967552185,
        8.63800835609436,
        9.049272179603577,
        8.906560897827148,
        8.83689260482788,
        9.337080955505371,
        9.96466875076294,
        8.727182269096375,
        9.13354754447937,
        9.765511155128479,
        10.748954772949219,
        9.3429616689682,
        9.559769988059998,
        8.251312732696533,
        8.222586989402771,
        8.2299165725708,
        8.217532873153687,
        8.209454894065857,
        8.187803983688354,
        8.231200575828552,
        8.21662950515747,
        8.217906951904297,
        8.119941711425781,
        8.222275972366333,
        8.108611941337585,
        8.20752203464508,
        8.188888549804688,
        8.232451796531677,
        8.255797386169434,
        8.180512428283691,
        8.236536502838135,
        8.177176237106323,
        8.306631565093994,
        8.20055890083313,
        8.169263482093811,
        8.117882370948792,
        8.212290287017822,
        8.244550824165344,
        8.205086588859558,
        8.1862233877182,
        8.178420901298523,
        8.187522530555725,
        8.139903545379639,
        8.200624346733093,
        8.10455071926117,
        8.05268669128418,
        8.061368346214294,
        8.132863759994507,
        8.128170609474182,
        8.103824257850647,
        8.083263397216797,
        8.05695903301239,
        8.133879899978638,
        8.105940103530884,
        8.116448521614075,
        8.11584758758545,
        8.143880248069763,
        8.017063021659851,
        8.173168063163757,
        8.121767044067383,
        8.059812188148499,
        8.097005009651184,
        8.064464569091797,
        8.218478918075562,
        8.062853693962097,
        8.035914421081543,
        8.099030137062073,
        8.150163292884827,
        8.066772103309631,
        8.122788429260254,
        8.133474111557007,
        8.145491123199463,
        8.217142343521118,
        8.138725519180298,
        7.997251510620117,
        8.23001754283905,
        8.088732242584229,
        8.077314138412476,
        8.024112820625305,
        8.037872910499573,
        8.069183468818665,
        8.03085458278656,
        7.962427973747253,
        8.021314144134521,
        8.014370203018188,
        8.049752593040466,
        8.073305368423462,
        8.126248836517334,
        7.9978819489479065,
        8.070828676223755,
        8.009809613227844,
        8.068772912025452,
        8.07720136642456,
        8.036606907844543,
        8.057173728942871,
        8.033479809761047,
        8.068881630897522,
        8.01375424861908,
        8.035549521446228,
        7.955806016921997,
        7.941594839096069,
        7.954217433929443,
        7.985545039176941,
        7.9635162353515625,
        8.022148847579956,
        8.001876890659332,
        7.926034510135651,
        7.954546809196472,
        7.944078803062439,
        7.942141115665436,
        7.876588582992554,
        7.842304110527039,
        7.921163737773895,
