{
  "timestamp": "20260424_224508",
  "config": {
    "model_size": "7B",
    "batch_size": 1,
    "gradient_accumulation": 16,
    "max_steps": 200,
    "max_seq_len": 1024,
    "learning_rate": 0.0006,
    "Kx": 32,
    "Ku": 96,
    "Kv": 192
  },
  "results": {
    "DESLOC": {
      "final_loss": 8.450294494628906,
      "avg_loss": 8.717213191986083,
      "total_time_seconds": 1389.0357639789581,
      "tokens_per_second_per_gpu": 2359.046530676397,
      "tokens_per_second_cluster": 4718.093061352794,
      "peak_memory_gb": 80.007530496,
      "mfu": 0.6362760114974839,
      "gpu_name": "NVIDIA H20",
      "sync_counts": {
        "x": 38,
        "u": 2,
        "v": 38
      },
      "losses": [
        11.60982894897461,
        11.068923950195312,
        10.936498641967773,
        10.620124816894531,
        10.265205383300781,
        10.246726989746094,
        9.789329528808594,
        9.80870246887207,
        9.990842819213867,
        9.57073974609375,
        9.046144485473633,
        9.500776290893555,
        9.348333358764648,
        8.99146842956543,
        9.126289367675781,
        8.943305969238281,
        9.057439804077148,
        9.107196807861328,
        8.782791137695312,
        8.864688873291016,
        9.010034561157227,
        8.693754196166992,
        8.412166595458984,
        8.856298446655273,
        8.607803344726562,
        8.49521255493164,
        8.747501373291016,
        8.70734977722168,
        8.892095565795898,
        8.886913299560547,
        8.670198440551758,
        8.501205444335938,
        8.516469955444336,
        8.488025665283203,
        8.553569793701172,
        8.642192840576172,
        8.558145523071289,
        8.530021667480469,
        8.588617324829102,
        8.594514846801758,
        8.421503067016602,
        8.647066116333008,
        8.474449157714844,
        8.692770004272461,
        8.598581314086914,
        8.426919937133789,
        8.452497482299805,
        8.596742630004883,
        8.460514068603516,
        8.386781692504883,
        8.498556137084961,
        8.343757629394531,
        8.451292037963867,
        8.498802185058594,
        8.327825546264648,
        8.704858779907227,
        8.689002990722656,
        8.505012512207031,
        8.340578079223633,
        8.351356506347656,
        8.484586715698242,
        8.397796630859375,
        8.438728332519531,
        8.416406631469727,
        8.385339736938477,
        8.248144149780273,
        8.581857681274414,
        8.346466064453125,
        8.301912307739258,
        8.361572265625,
        8.485939025878906,
        8.299188613891602,
        8.31641960144043,
        8.367734909057617,
        8.368974685668945,
        8.404312133789062,
        8.305744171142578,
        8.453651428222656,
        8.321313858032227,
        8.142614364624023,
        8.44382095336914,
        8.345169067382812,
        8.261592864990234,
        8.430551528930664,
        8.371805191040039,
        8.31594467163086,
        8.241470336914062,
        8.306787490844727,
        8.29217529296875,
        8.387321472167969,
        8.229835510253906,
        8.247140884399414,
        8.388395309448242,
        8.405267715454102,
        8.280405044555664,
        8.189765930175781,
        8.336908340454102,
        8.345638275146484,
        8.357011795043945,
        8.403875350952148,
        8.519428253173828,
        8.576959609985352,
        8.75491714477539,
        8.74343490600586,
        8.893196105957031,
        8.860309600830078,
        8.857473373413086,
        8.86153793334961,
        8.75632095336914,
        8.837141036987305,
        8.891307830810547,
        8.702629089355469,
        8.89822006225586,
        8.967811584472656,
        8.954809188842773,
        8.930990219116211,
        8.867942810058594,
        8.922601699829102,
        9.134227752685547,
        9.02946662902832,
        8.995101928710938,
        8.935674667358398,
        8.809972763061523,
        17.648162841796875,
        8.864788055419922,
        8.943077087402344,
        8.82723617553711,
        8.715499877929688,
        8.571916580200195,
        8.479997634887695,
        8.361139297485352,
        8.365468978881836,
        8.52757453918457,
        8.485984802246094,
        8.45366096496582,
        8.476007461547852,
        8.481281280517578,
        8.585954666137695,
        8.511478424072266,
        8.53066635131836,
        8.734996795654297,
        8.691715240478516,
        8.608068466186523,
        8.625244140625,
        8.632303237915039,
        8.555990219116211,
        8.63624382019043,
        8.754997253417969,
        8.520666122436523,
        8.576728820800781,
        8.361104965209961,
        8.514564514160156,
        8.486383438110352,
        8.593873977661133,
        8.743227005004883,
        8.716716766357422,
        8.603548049926758,
        8.619270324707031,
        8.639501571655273,
        8.592987060546875,
        8.259918212890625,
        8.445323944091797,
        8.35212516784668,
        8.425256729125977,
        8.429189682006836,
        8.443853378295898,
        8.580890655517578,
        8.41893196105957,
        8.451696395874023,
        8.592891693115234,
        8.57750129699707,
        8.494556427001953,
        8.59756088256836,
        8.61895751953125,
        8.644216537475586,
        8.606937408447266,
        8.531330108642578,
        8.564916610717773,
        8.469844818115234,
        8.588602066040039,
        8.555240631103516,
        8.697839736938477,
        8.785469055175781,
        8.641305923461914,
        8.618961334228516,
        8.638368606567383,
        8.477401733398438,
        8.746109008789062,
        8.654701232910156,
        8.720966339111328,
        8.724559783935547,
        8.597492218017578,
        8.455841064453125,
        8.328964233398438,
        8.333820343017578,
        8.275535583496094,
        8.51816177368164,
        8.182863235473633,
        8.483419418334961,
        8.450294494628906
      ]
    }
  }
}