{
  "timestamp": "20260424_210628",
  "config": {
    "model_size": "7B",
    "batch_size": 1,
    "gradient_accumulation": 16,
    "max_steps": 200,
    "max_seq_len": 1024,
    "learning_rate": 0.0006,
    "Kx": 1,
    "Ku": 1,
    "Kv": 1
  },
  "results": {
    "DDP": {
      "final_loss": 8.363508224487305,
      "avg_loss": 8.40850549697876,
      "total_time_seconds": 1511.0255615711212,
      "tokens_per_second_per_gpu": 2168.59336025585,
      "tokens_per_second_cluster": 4337.1867205117,
      "peak_memory_gb": 67.936103424,
      "mfu": 0.5849074682846076,
      "gpu_name": "NVIDIA H20",
      "sync_counts": {
        "all": 200
      },
      "losses": [
        11.602577209472656,
        11.493087768554688,
        11.42909049987793,
        11.129627227783203,
        10.531913757324219,
        10.498180389404297,
        10.228673934936523,
        10.104835510253906,
        10.414140701293945,
        10.091958999633789,
        9.808279037475586,
        10.063518524169922,
        10.138265609741211,
        9.769338607788086,
        9.901021957397461,
        9.800773620605469,
        9.789613723754883,
        9.945087432861328,
        9.78741455078125,
        9.693391799926758,
        9.47352409362793,
        9.40632438659668,
        9.285026550292969,
        9.537498474121094,
        9.636777877807617,
        9.275365829467773,
        9.431846618652344,
        9.411754608154297,
        9.602680206298828,
        9.44444465637207,
        9.456554412841797,
        9.27464485168457,
        9.216829299926758,
        9.162086486816406,
        9.205280303955078,
        9.33393669128418,
        9.331802368164062,
        9.249469757080078,
        9.021932601928711,
        9.364816665649414,
        9.105932235717773,
        9.20328140258789,
        9.118545532226562,
        9.254398345947266,
        9.187257766723633,
        8.902212142944336,
        8.899110794067383,
        9.188762664794922,
        8.946660995483398,
        8.981691360473633,
        8.950044631958008,
        8.780511856079102,
        9.007308959960938,
        8.871625900268555,
        8.745512008666992,
        9.093372344970703,
        8.999923706054688,
        8.992755889892578,
        8.796781539916992,
        8.689882278442383,
        8.810287475585938,
        8.717002868652344,
        8.849096298217773,
        8.853656768798828,
        8.902912139892578,
        8.608257293701172,
        9.08369255065918,
        8.692903518676758,
        8.647159576416016,
        8.76821517944336,
        8.80678939819336,
        8.616012573242188,
        8.571907043457031,
        8.662576675415039,
        8.556678771972656,
        8.814079284667969,
        8.654207229614258,
        8.601125717163086,
        8.618751525878906,
        8.545886993408203,
        8.663650512695312,
        8.70431137084961,
        8.425996780395508,
        8.71487808227539,
        8.548530578613281,
        8.579654693603516,
        8.481698989868164,
        8.691864013671875,
        8.623712539672852,
        8.60666275024414,
        8.512701034545898,
        8.518239974975586,
        8.606477737426758,
        8.643667221069336,
        8.523056030273438,
        8.29244613647461,
        8.54411506652832,
        8.661396026611328,
        8.614740371704102,
        8.518426895141602,
        8.537149429321289,
        8.513046264648438,
        8.698785781860352,
        8.415996551513672,
        8.321619033813477,
        8.451982498168945,
        8.495206832885742,
        8.504783630371094,
        8.478843688964844,
        8.380725860595703,
        8.56114387512207,
        8.463821411132812,
        8.596940994262695,
        8.637855529785156,
        8.795503616333008,
        8.470544815063477,
        8.289510726928711,
        8.426630020141602,
        8.705957412719727,
        8.532285690307617,
        8.587282180786133,
        8.554439544677734,
        8.468772888183594,
        8.557624816894531,
        8.56277084350586,
        8.438230514526367,
        8.372610092163086,
        8.157764434814453,
        8.508218765258789,
        8.53042221069336,
        8.40756607055664,
        8.432979583740234,
        8.521869659423828,
        8.423206329345703,
        8.501962661743164,
        8.37924575805664,
        8.335487365722656,
        8.429021835327148,
        8.322793960571289,
        8.375951766967773,
        8.515857696533203,
        8.476634979248047,
        8.39006233215332,
        8.319271087646484,
        8.443309783935547,
        8.371854782104492,
        8.436315536499023,
        8.520990371704102,
        8.330265045166016,
        8.382659912109375,
        8.255939483642578,
        8.368526458740234,
        8.250102996826172,
        8.288009643554688,
        8.568153381347656,
        8.518608093261719,
        8.377500534057617,
        8.368867874145508,
        8.386709213256836,
        8.333377838134766,
        8.35479736328125,
        8.513229370117188,
        8.33492660522461,
        8.503061294555664,
        8.365888595581055,
        8.347719192504883,
        8.378400802612305,
        8.325410842895508,
        8.265157699584961,
        8.395565032958984,
        8.33425521850586,
        8.398237228393555,
        8.379270553588867,
        8.304265975952148,
        8.418380737304688,
        8.39285659790039,
        8.37643814086914,
        8.371932983398438,
        8.269906997680664,
        8.2891845703125,
        8.282487869262695,
        8.362264633178711,
        8.45345687866211,
        8.351837158203125,
        8.302286148071289,
        8.27093505859375,
        8.187919616699219,
        8.293027877807617,
        8.297845840454102,
        8.32170295715332,
        8.439409255981445,
        8.258787155151367,
        8.38791275024414,
        8.287887573242188,
        8.289749145507812,
        8.259540557861328,
        8.460163116455078,
        8.182395935058594,
        8.428974151611328,
        8.363508224487305
      ]
    }
  }
}