{
  "timestamp": "20260427_092844",
  "config": {
    "model_size": "1.3B",
    "batch_size": 2,
    "gradient_accumulation": 8,
    "max_steps": 500,
    "max_seq_len": 1024,
    "learning_rate": 0.0006,
    "Kx": 32,
    "Ku": 96,
    "Kv": 192
  },
  "results": {
    "DESLOC": {
      "final_loss": 8.181341171264648,
      "avg_loss": 8.189505863189698,
      "total_time_seconds": 1096.5773706436157,
      "tokens_per_second_per_gpu": 7470.517101033973,
      "tokens_per_second_cluster": 22411.551303101918,
      "peak_memory_gb": 16.031204352,
      "mfu": 0.07785842552660174,
      "gpu_name": "NVIDIA H100 NVL",
      "sync_counts": {
        "x": 47,
        "u": 5,
        "v": 47
      },
      "losses": [
        11.160633087158203,
        10.868133544921875,
        10.674480438232422,
        10.405654907226562,
        10.135801315307617,
        10.036157608032227,
        9.574913024902344,
        9.518915176391602,
        9.499650955200195,
        9.350275039672852,
        9.011137008666992,
        9.008176803588867,
        8.954219818115234,
        8.845983505249023,
        8.835027694702148,
        8.745317459106445,
        8.77597427368164,
        8.676261901855469,
        8.682777404785156,
        8.493324279785156,
        8.66494369506836,
        8.545055389404297,
        8.368560791015625,
        8.640140533447266,
        8.492887496948242,
        8.526079177856445,
        8.460929870605469,
        8.3680419921875,
        8.486318588256836,
        8.460025787353516,
        8.475944519042969,
        8.378185272216797,
        8.350149154663086,
        8.33315658569336,
        8.459354400634766,
        8.525482177734375,
        8.415035247802734,
        8.335918426513672,
        10.853103637695312,
        8.227540969848633,
        8.382463455200195,
        8.3516845703125,
        8.2967529296875,
        8.168649673461914,
        8.486391067504883,
        8.314451217651367,
        8.285831451416016,
        8.211118698120117,
        8.362892150878906,
        8.284204483032227,
        8.335683822631836,
        8.389947891235352,
        8.19715690612793,
        8.18327522277832,
        8.225515365600586,
        8.359451293945312,
        8.328239440917969,
        8.202180862426758,
        8.173542022705078,
        8.17219352722168,
        8.142229080200195,
        8.274591445922852,
        8.209903717041016,
        8.361705780029297,
        8.262575149536133,
        8.331562042236328,
        8.273721694946289,
        8.145118713378906,
        8.303503036499023,
        8.207271575927734,
        8.226329803466797,
        8.284927368164062,
        8.296697616577148,
        8.177326202392578,
        8.67420768737793,
        9.269067764282227,
        8.275308609008789,
        8.234601974487305,
        8.280731201171875,
        8.116363525390625,
        8.180442810058594,
        10.965984344482422,
        8.230932235717773,
        8.41299819946289,
        8.212970733642578,
        8.212467193603516,
        8.297643661499023,
        8.150588989257812,
        8.182056427001953,
        8.291648864746094,
        8.266765594482422,
        8.257596969604492,
        8.261131286621094,
        8.109098434448242,
        8.16650390625,
        8.241418838500977,
        8.257196426391602,
        8.213605880737305,
        8.278453826904297,
        8.283008575439453,
        8.34196662902832,
        8.484132766723633,
        8.404701232910156,
        8.469104766845703,
        8.339340209960938,
        8.519367218017578,
        8.505447387695312,
        8.494672775268555,
        8.495368957519531,
        8.364274978637695,
        8.563699722290039,
        8.682205200195312,
        8.544363021850586,
        8.664321899414062,
        8.731420516967773,
        8.622270584106445,
        8.427446365356445,
        8.550552368164062,
        8.497676849365234,
        8.667112350463867,
        8.532438278198242,
        8.636764526367188,
        8.66740608215332,
        8.480531692504883,
        16.727981567382812,
        8.611120223999023,
        8.846237182617188,
        8.77419662475586,
        8.370635986328125,
        8.188879013061523,
        8.426136016845703,
        8.350055694580078,
        8.272844314575195,
        8.336177825927734,
        8.364784240722656,
        8.453664779663086,
        8.547464370727539,
        8.37822151184082,
        8.473796844482422,
        8.56706428527832,
        8.539630889892578,
        8.515682220458984,
        8.622110366821289,
        8.423727035522461,
        8.384174346923828,
        8.472070693969727,
        8.559341430664062,
        8.557586669921875,
        8.411750793457031,
        8.398099899291992,
        8.47744369506836,
        8.518232345581055,
        8.479957580566406,
        8.54886245727539,
        8.350959777832031,
        8.434858322143555,
        8.507322311401367,
        8.499778747558594,
        8.406084060668945,
        8.54463005065918,
        8.237600326538086,
        8.338203430175781,
        8.204011917114258,
        8.15576171875,
        8.231325149536133,
        8.250843048095703,
        8.315011978149414,
        8.458898544311523,
        8.504364013671875,
        8.426990509033203,
        8.449258804321289,
        8.395559310913086,
        8.406942367553711,
        8.288125991821289,
        8.472606658935547,
        8.45306396484375,
        8.508708953857422,
        8.52161979675293,
        8.959085464477539,
        8.450521469116211,
        8.355966567993164,
        8.542844772338867,
        8.452699661254883,
        8.394262313842773,
        8.455013275146484,
        8.314786911010742,
        8.522119522094727,
        8.370996475219727,
        8.478157043457031,
        8.579475402832031,
        8.522659301757812,
        8.525890350341797,
        8.163990020751953,
        8.275096893310547,
        8.36459732055664,
        8.081758499145508,
        8.239437103271484,
        8.289474487304688,
        8.212377548217773,
        8.267892837524414,
        8.269437789916992,
        8.405250549316406,
        8.303680419921875,
        8.45827865600586,
        8.510751724243164,
        8.502630233764648,
        8.463760375976562,
        8.41783332824707,
        8.380006790161133,
        8.425024032592773,
        8.462270736694336,
        8.454811096191406,
        8.538139343261719,
        8.439306259155273,
        8.207128524780273,
        8.252330780029297,
        8.469661712646484,
        8.342910766601562,
        8.406688690185547,
        8.48573112487793,
        8.409854888916016,
        8.478511810302734,
        8.38722038269043,
        8.393245697021484,
        8.183475494384766,
        8.209178924560547,
        8.224567413330078,
        8.187036514282227,
        8.29541015625,
        8.195381164550781,
        8.251800537109375,
        8.187442779541016,
        8.363739013671875,
        8.306102752685547,
        8.291309356689453,
        8.37478256225586,
        8.298727035522461,
        8.340837478637695,
        8.294450759887695,
        8.336503982543945,
        8.345556259155273,
        8.351480484008789,
        8.328554153442383,
        8.419332504272461,
        8.317564010620117,
        8.30659294128418,
        8.334552764892578,
        8.240232467651367,
        8.292135238647461,
        8.302955627441406,
        8.243637084960938,
        8.388025283813477,
        8.36370849609375,
        8.371797561645508,
        8.357658386230469,
        8.29865837097168,
        8.178213119506836,
        8.276721954345703,
        8.152454376220703,
        8.150842666625977,
        8.15910530090332,
        8.210390090942383,
        8.095367431640625,
        8.268167495727539,
        8.168081283569336,
        8.192644119262695,
        8.343938827514648,
        8.352575302124023,
        8.203834533691406,
        8.313457489013672,
