{
  "timestamp": "20260423_031429",
  "config": {
    "model_size": "125M",
    "batch_size": 4,
    "gradient_accumulation": 8,
    "max_steps": 500,
    "max_seq_len": 1024,
    "learning_rate": 0.0006,
    "Kx": 32,
    "Ku": 96,
    "Kv": 192
  },
  "results": {
    "DESLOC": {
      "final_loss": 7.510235249996185,
      "avg_loss": 7.6470194804668425,
      "total_time_seconds": 279.5142333507538,
      "tokens_per_second_per_gpu": 58615.977453428015,
      "tokens_per_second_cluster": 117231.95490685603,
      "peak_memory_gb": 6.180077056,
      "mfu": 0.16380447497534864,
      "gpu_name": "NVIDIA H100 NVL",
      "sync_counts": {
        "x": 47,
        "u": 108,
        "v": 2
      },
      "losses": [
        11.010971069335938,
        10.861077308654785,
        10.561216950416565,
        13.74026882648468,
        15.691584706306458,
        19.113313913345337,
        13.866721868515015,
        11.034165143966675,
        10.317716717720032,
        9.901874423027039,
        9.762045860290527,
        14.535963535308838,
        9.687251567840576,
        9.504272818565369,
        9.408864140510559,
        9.157785773277283,
        9.025854706764221,
        8.89961564540863,
        8.76996636390686,
        8.556352972984314,
        10.770143389701843,
        8.602079153060913,
        8.549886345863342,
        8.71403431892395,
        8.469420671463013,
        8.376797676086426,
        10.338240385055542,
        8.350659728050232,
        10.737499475479126,
        10.559345483779907,
        8.434109807014465,
        9.405320048332214,
        9.233863592147827,
        8.28415310382843,
        8.420954823493958,
        12.349153757095337,
        8.369777798652649,
        8.318548679351807,
        8.197372674942017,
        8.255966901779175,
        8.289975643157959,
        12.231080055236816,
        8.263417482376099,
        8.237810134887695,
        8.36545193195343,
        8.294369578361511,
        8.243648409843445,
        8.177368879318237,
        8.342398524284363,
        8.234201192855835,
        8.462502837181091,
        8.336397647857666,
        8.673231363296509,
        11.117071151733398,
        8.196087837219238,
        8.522764325141907,
        8.25124204158783,
        8.332205057144165,
        8.229415774345398,
        8.36826765537262,
        8.385875225067139,
        8.301128506660461,
        8.23182499408722,
        8.243943929672241,
        8.20252275466919,
        8.301781415939331,
        8.223413109779358,
        8.204257488250732,
        8.166070222854614,
        8.197058320045471,
        8.201461434364319,
        8.152892589569092,
        8.282690286636353,
        8.316023707389832,
        8.23262906074524,
        8.208762884140015,
        8.218335747718811,
        8.31209671497345,
        8.221037745475769,
        8.213009476661682,
        8.169310569763184,
        8.203914642333984,
        9.714887380599976,
        9.458293199539185,
        8.229619264602661,
        8.278562903404236,
        8.200223207473755,
        8.18406617641449,
        8.141453623771667,
        8.187898397445679,
        8.22382116317749,
        12.489388227462769,
        12.029696464538574,
        8.182788252830505,
        8.29068398475647,
        8.223984241485596,
        8.208152651786804,
        8.19982397556305,
        8.198662281036377,
        8.192794919013977,
        8.253487348556519,
        8.269495248794556,
        8.246935367584229,
        8.236419081687927,
        8.306543946266174,
        8.288033723831177,
        8.25054919719696,
        8.213957667350769,
        8.185062408447266,
        8.175850749015808,
        8.189234018325806,
        8.195370554924011,
        8.259201884269714,
        8.182375311851501,
        8.264445066452026,
        8.265686988830566,
        8.256874203681946,
        8.224735975265503,
        8.19531524181366,
        8.212219595909119,
        8.231793642044067,
        8.264837503433228,
        8.201745390892029,
        8.233588218688965,
        8.234153032302856,
        8.248149037361145,
        8.225912094116211,
        8.291134119033813,
        8.208673477172852,
        8.472076892852783,
        8.426747679710388,
        8.270166754722595,
        8.313251376152039,
        8.213243842124939,
        8.229870438575745,
        8.245392441749573,
        8.098025918006897,
        8.23760461807251,
        8.150411248207092,
        8.23309862613678,
        8.311461210250854,
        8.273200035095215,
        8.26703131198883,
        8.226287484169006,
        8.159223079681396,
        8.227309584617615,
        8.238094210624695,
        8.199641585350037,
        8.190622329711914,
        8.184496998786926,
        8.246411800384521,
        8.307726740837097,
        8.148764967918396,
        8.279773473739624,
        8.232527017593384,
        8.18530011177063,
        8.210913181304932,
        8.214290380477905,
        8.257904410362244,
        8.268371105194092,
        8.156220078468323,
        8.239357233047485,
        8.15979540348053,
        8.178391814231873,
        8.142089247703552,
        8.184589862823486,
        8.108583688735962,
        8.174012780189514,
        8.109554648399353,
        8.181660413742065,
        8.17013669013977,
        8.22724711894989,
        8.24697482585907,
        8.221139430999756,
        8.173162341117859,
        8.24625313282013,
        8.229572057723999,
        8.209458589553833,
        8.137887477874756,
        8.195356130599976,
        8.112911820411682,
        8.191746592521667,
        8.178288340568542,
        8.184262037277222,
        8.203701138496399,
        8.197150111198425,
        8.222055196762085,
        8.177871108055115,
        8.298286199569702,
        8.204005360603333,
        8.157041907310486,
        8.14138412475586,
        8.165254831314087,
        8.204432129859924,
        8.172915935516357,
        8.123766422271729,
        8.125576972961426,
        8.176067471504211,
        8.161260843276978,
        8.195618510246277,
        8.118539810180664,
        8.111598491668701,
        8.085831880569458,
        8.172732591629028,
        8.203692078590393,
        8.139372706413269,
        8.13623332977295,
        8.109727263450623,
        8.19350266456604,
        8.158295631408691,
        8.170872688293457,
        8.194854736328125,
        8.170143842697144,
        8.04868733882904,
        8.22903311252594,
        8.149461150169373,
        8.101715564727783,
        8.143949389457703,
        8.114152789115906,
        8.26055920124054,
        8.092534184455872,
        8.090311050415039,
        8.132524967193604,
        8.139995098114014,
        8.074154496192932,
        8.720052361488342,
        8.296786069869995,
        8.212823271751404,
        8.242920994758606,
        8.181930661201477,
        8.114683032035828,
        8.18886649608612,
        8.135307550430298,
        8.141599893569946,
        8.129552006721497,
        8.085995316505432,
        8.133971095085144,
        8.101140141487122,
        8.09627878665924,
        8.117361664772034,
        8.118341207504272,
        8.141365647315979,
        8.195768475532532,
        8.158747434616089,
        8.068580865859985,
        8.17892324924469,
        8.09613025188446,
        8.132902979850769,
        8.151257276535034,
        8.116599917411804,
        8.140217065811157,
        8.11180555820465,
        8.09401547908783,
        8.126229166984558,
        8.16516900062561,
        8.057515501976013,
        7.984960079193115,
        7.99153745174408,
        8.01791512966156,
        7.990292429924011,
        8.04552435874939,
        8.038768291473389,
        7.9346067905426025,
        8.001508831977844,
        7.989244222640991,
        8.023446559906006,
        7.999439239501953,
        7.984162092208862,
        8.034695744514465,
        8.007934808731079,
