{
  "timestamp": "20260429_035948",
  "config": {
    "model_size": "125M",
    "batch_size": 4,
    "gradient_accumulation": 4,
    "max_steps": 500,
    "max_seq_len": 1024,
    "learning_rate": 0.0006,
    "Kx": 1,
    "Ku": 1,
    "Kv": 1
  },
  "results": {
    "DDP": {
      "final_loss": 3.432182639837265,
      "avg_loss": 2.9703314197063446,
      "total_time_seconds": 176.72816920280457,
      "tokens_per_second_per_gpu": 46353.67432907237,
      "tokens_per_second_cluster": 139061.02298721712,
      "peak_memory_gb": 5.65778432,
      "mfu": 0.04574918709873606,
      "gpu_name": "NVIDIA H100 NVL",
      "sync_counts": {
        "all": 500
      },
      "losses": [
        11.00632095336914,
        10.929950714111328,
        10.715682983398438,
        10.490886688232422,
        10.317527770996094,
        10.0413818359375,
        9.625787734985352,
        9.514932632446289,
        9.254985809326172,
        9.213676452636719,
        8.906198501586914,
        8.870603561401367,
        8.828393936157227,
        8.744512557983398,
        8.595481872558594,
        8.624177932739258,
        8.63442611694336,
        9.227727890014648,
        8.608985900878906,
        8.414396286010742,
        8.59024429321289,
        8.42654800415039,
        8.34902572631836,
        8.529705047607422,
        8.477399826049805,
        8.496305465698242,
        8.397966384887695,
        8.404729843139648,
        8.44668197631836,
        8.368429183959961,
        8.437307357788086,
        8.29156494140625,
        8.31325912475586,
        8.22846794128418,
        11.121612548828125,
        8.496383666992188,
        8.448503494262695,
        8.269771575927734,
        8.353681564331055,
        8.244640350341797,
        8.339452743530273,
        8.271669387817383,
        8.233760833740234,
        8.170999526977539,
        8.439054489135742,
        8.308614730834961,
        8.2451171875,
        8.145910263061523,
        8.324420928955078,
        8.26266860961914,
        8.299507141113281,
        8.33119010925293,
        8.153799057006836,
        8.108707427978516,
        8.167888641357422,
        8.299013137817383,
        8.268699645996094,
        8.127628326416016,
        8.077177047729492,
        8.169368743896484,
        8.069477081298828,
        8.22817611694336,
        8.111064910888672,
        8.242801666259766,
        8.134700775146484,
        8.180475234985352,
        8.154939651489258,
        8.011360168457031,
        8.088741302490234,
        8.108564376831055,
        8.07192611694336,
        8.06608772277832,
        8.122308731079102,
        8.010894775390625,
        8.073234558105469,
        7.97300910949707,
        7.996067047119141,
        7.942531585693359,
        7.978977203369141,
        7.920679092407227,
        7.904947280883789,
        7.95466423034668,
        7.987876892089844,
        8.039012908935547,
        7.939453125,
        7.856298446655273,
        7.948625564575195,
        7.709323883056641,
        7.817377090454102,
        7.865547180175781,
        7.855033874511719,
        7.858543395996094,
        7.866247177124023,
        7.728811264038086,
        7.782176971435547,
        7.817792892456055,
        7.8488922119140625,
        7.744544982910156,
        7.841621398925781,
        7.8131561279296875,
        7.716829299926758,
        7.789646148681641,
        7.725496292114258,
        7.682294845581055,
        7.656675338745117,
        7.651714324951172,
        7.68751335144043,
        7.714914321899414,
        7.686702728271484,
        7.676277160644531,
        7.716344833374023,
        7.672163009643555,
        7.703777313232422,
        7.709362030029297,
        7.669538497924805,
        7.693447113037109,
        7.5563201904296875,
        7.608253479003906,
        7.600065231323242,
        7.594501495361328,
        7.667730331420898,
        7.749610900878906,
        7.437259674072266,
        7.465099334716797,
        7.48259162902832,
        7.539066314697266,
        7.465354919433594,
        7.497476577758789,
        7.476186752319336,
        7.449274063110352,
        7.598258972167969,
        7.508916854858398,
        7.403566360473633,
        7.46342658996582,
        7.282279014587402,
        7.458856582641602,
        7.46917724609375,
        7.379934310913086,
        7.334478378295898,
        7.457557678222656,
        7.36347770690918,
        7.425519943237305,
        7.440673828125,
        7.348197937011719,
        7.176933288574219,
        7.320647239685059,
        7.272028923034668,
        7.364108085632324,
        7.333622932434082,
        7.031689643859863,
        7.293331146240234,
        7.194099426269531,
        7.2041521072387695,
        7.124685287475586,
        7.192914009094238,
        7.258070945739746,
        6.96189022064209,
        7.105145454406738,
        6.840672016143799,
        7.233212471008301,
        6.952980995178223,
        7.111849784851074,
        6.932751655578613,
        7.078431129455566,
        6.979604721069336,
        6.905797004699707,
        6.907204627990723,
        7.049786567687988,
        6.435540199279785,
        6.581385135650635,
        6.612823963165283,
        6.637789726257324,
        6.836742401123047,
        6.623274326324463,
        7.016806125640869,
        6.209356784820557,
        6.350708484649658,
        6.268097639083862,
        6.539165019989014,
        6.7245001792907715,
        6.189938545227051,
        6.4879655838012695,
        6.263607501983643,
        6.179074048995972,
        6.414495229721069,
        6.032580137252808,
        6.416575908660889,
        6.555740833282471,
        6.538349151611328,
        5.950068473815918,
        6.019763827323914,
        5.6440887451171875,
        5.89329469203949,
        6.091806054115295,
        6.304246664047241,
        6.524331331253052,
        6.0326831340789795,
        5.655431866645813,
        5.491640210151672,
        5.963821887969971,
        6.132236361503601,
        5.798056125640869,
        6.189089775085449,
        6.199671506881714,
        6.1886208057403564,
        6.639070630073547,
        5.9712746143341064,
        5.8128741979599,
        6.296024203300476,
        5.052342712879181,
        5.697257041931152,
        6.405761480331421,
        5.801464319229126,
        5.307938575744629,
        4.4085922837257385,
        5.4584572315216064,
        5.18848979473114,
        5.358343243598938,
        5.309025764465332,
        5.984028518199921,
        5.6513413190841675,
        6.01329493522644,
        5.469970464706421,
        5.295222878456116,
        5.024320304393768,
        5.001386642456055,
        5.354838848114014,
        5.6783342361450195,
        5.682498812675476,
        5.86036479473114,
        5.20663458108902,
        5.606651544570923,
        5.3667151927948,
        4.695542693138123,
        5.065850496292114,
        5.074304699897766,
        5.478252172470093,
        5.7734068632125854,
        5.1989858746528625,
        5.009841799736023,
        5.08542001247406,
        5.644471526145935,
        5.268554091453552,
        5.660542011260986,
        5.085117280483246,
        4.71589720249176,
        5.5981245040893555,
        5.304589748382568,
        4.359408318996429,
        4.871846079826355,
        5.570018172264099,
        5.2522900104522705,
        5.782893538475037,
        5.256099104881287,
        3.5273598432540894,
        3.91205370426178,
        4.027067422866821,
        4.237712562084198,
        4.86153244972229,
        5.257962703704834,
        5.224460244178772,
        3.9258811473846436,
        4.752700626850128,
        4.85480809211731,
        5.254515290260315,
        4.6911797523498535,
        5.6515777707099915,
        4.255464553833008,
        5.180981516838074,
        4.4767409563064575,
        4.067461669445038,
