{
  "timestamp": "20260423_120644",
  "config": {
    "model_size": "125M",
    "batch_size": 4,
    "gradient_accumulation": 8,
    "max_steps": 500,
    "max_seq_len": 1024,
    "learning_rate": 0.0006,
    "Kx": 32,
    "Ku": 32,
    "Kv": 192
  },
  "results": {
    "DESLOC": {
      "final_loss": 3.4054219126701355,
      "avg_loss": 3.602450788654387,
      "total_time_seconds": 278.71232080459595,
      "tokens_per_second_per_gpu": 58784.62765012371,
      "tokens_per_second_cluster": 117569.25530024742,
      "peak_memory_gb": 6.180077056,
      "mfu": 0.16427577406690053,
      "gpu_name": "NVIDIA H100 NVL",
      "sync_counts": {
        "x": 47,
        "u": 15,
        "v": 47
      },
      "losses": [
        10.922890901565552,
        10.837177991867065,
        10.772595405578613,
        10.57316517829895,
        10.43610692024231,
        10.362584352493286,
        10.189311027526855,
        9.990427732467651,
        9.877423524856567,
        9.676714420318604,
        9.709967374801636,
        9.58509910106659,
        9.484477400779724,
        9.381026148796082,
        9.394951343536377,
        9.189396858215332,
        9.063451290130615,
        9.029579520225525,
        8.912777781486511,
        8.859889507293701,
        8.857502460479736,
        8.729990124702454,
        8.705899953842163,
        8.698710918426514,
        8.653834700584412,
        8.57461404800415,
        8.603246331214905,
        8.47267234325409,
        8.459270238876343,
        8.523690581321716,
        8.437322735786438,
        8.39463186264038,
        8.381973385810852,
        8.30551528930664,
        8.331440091133118,
        8.329440474510193,
        8.289464116096497,
        8.32763421535492,
        8.158375859260559,
        8.20284116268158,
        8.224668264389038,
        8.189289927482605,
        8.178023219108582,
        8.090053796768188,
        8.127110362052917,
        8.108200073242188,
        8.09856104850769,
        8.031276106834412,
        8.092635869979858,
        8.083454728126526,
        8.017205715179443,
        8.096805691719055,
        8.055279970169067,
        7.9953988790512085,
        7.951738715171814,
        7.941272497177124,
        7.9483455419540405,
        7.991547584533691,
        7.886629819869995,
        7.973718285560608,
        7.909045696258545,
        7.838611364364624,
        7.860458016395569,
        7.837011098861694,
        7.818741202354431,
        7.878437280654907,
        7.854109406471252,
        7.784559369087219,
        7.7923266887664795,
        7.749434947967529,
        7.72139835357666,
        7.747797966003418,
        7.8489227294921875,
        7.841514587402344,
        7.833177089691162,
        7.7100149393081665,
        7.738281011581421,
        7.792517900466919,
        7.731951355934143,
        7.748007535934448,
        7.674574494361877,
        7.67869758605957,
        7.682927250862122,
        7.624155759811401,
        7.64255428314209,
        7.659015893936157,
        7.63450825214386,
        7.621424674987793,
        7.599578022956848,
        7.595139980316162,
        7.637057065963745,
        7.634801387786865,
        7.565761089324951,
        7.522539138793945,
        7.594748854637146,
        7.608190298080444,
        7.657386541366577,
        7.615327477455139,
        7.609846591949463,
        7.5834256410598755,
        7.684301733970642,
        7.734874367713928,
        7.7255859375,
        7.855997562408447,
        7.808187127113342,
        7.827812671661377,
        7.7817957401275635,
        7.836036324501038,
        7.751603960990906,
        7.745751857757568,
        7.7775280475616455,
        7.7121851444244385,
        7.808627486228943,
        7.758849263191223,
        7.770849823951721,
        7.755167722702026,
        7.778720855712891,
        7.7751113176345825,
        7.763642311096191,
        7.732474684715271,
        7.74210786819458,
        7.759129524230957,
        7.687360405921936,
        7.682330012321472,
        7.716379404067993,
        7.730137944221497,
        7.705661654472351,
        7.640413880348206,
        7.621701121330261,
        7.509523630142212,
        7.52003800868988,
        7.454276919364929,
        7.462762713432312,
        7.461856245994568,
        7.508457064628601,
        7.476358413696289,
        7.374614119529724,
        7.514538764953613,
        7.447999596595764,
        7.491471529006958,
        7.458326935768127,
        7.516259789466858,
        7.592413425445557,
        7.52901816368103,
        7.468893766403198,
        7.4548338651657104,
        7.431841015815735,
        7.503342628479004,
        7.441053509712219,
        7.426237940788269,
        7.456715941429138,
        7.495242714881897,
        7.426799058914185,
        7.527222752571106,
        7.459007978439331,
        7.401347279548645,
        7.496955633163452,
        7.4261661767959595,
        7.432847499847412,
        7.4277191162109375,
        7.206919074058533,
        7.254056334495544,
        7.170267939567566,
        7.227902889251709,
        7.21866774559021,
        7.229580760002136,
        7.208716511726379,
        7.076824426651001,
        7.191721677780151,
        7.189433932304382,
        6.9975820779800415,
        7.192545533180237,
        7.150080919265747,
        7.1565181016922,
        7.228808045387268,
        7.280124187469482,
        7.165651082992554,
        7.140257835388184,
        7.07993870973587,
        7.147290587425232,
        7.162442982196808,
        7.195409297943115,
        7.16711699962616,
        7.163503170013428,
        7.104493856430054,
        7.130869507789612,
        7.106474757194519,
        7.11738657951355,
        7.193917512893677,
        7.0810441970825195,
        7.130341649055481,
        7.0172988176345825,
        7.031485557556152,
        7.093543291091919,
        6.909984111785889,
        6.871317148208618,
        6.947578310966492,
        6.915520906448364,
        6.854562819004059,
        7.049671471118927,
        6.831675827503204,
        6.802963554859161,
        6.80673611164093,
        6.616779565811157,
        6.822329223155975,
        6.708398401737213,
        6.860796630382538,
        6.766219317913055,
        6.85189551115036,
        6.769715428352356,
        6.659548342227936,
        6.749166548252106,
        6.816079139709473,
        6.631596386432648,
        6.910270512104034,
        6.586146175861359,
        6.620575726032257,
        6.692252993583679,
        6.729077994823456,
        6.7545260190963745,
        6.624864459037781,
        6.614761233329773,
        6.755554974079132,
        6.755566895008087,
        6.397729277610779,
        6.434263288974762,
        6.357699751853943,
        6.410846173763275,
        6.662263751029968,
        6.4360650181770325,
        6.1598116755485535,
        6.485519170761108,
        6.263698399066925,
        6.227989017963409,
        6.240417063236237,
        6.2947163581848145,
        6.291176736354828,
        6.308649241924286,
        6.105928122997284,
        6.161954820156097,
        6.0892335176467896,
        6.129449248313904,
        6.236498653888702,
        5.92764413356781,
        5.916670858860016,
        6.0369309186935425,
        6.044816613197327,
        5.8751091957092285,
        5.600849807262421,
        5.61906498670578,
        5.733488202095032,
        5.557531416416168,
        6.115652322769165,
        6.005878448486328,
        5.764208674430847,
        5.685850918292999,
        5.812090039253235,
        5.297822058200836,
        4.785250157117844,
        5.5938169956207275,
        4.985396862030029,
        5.493003666400909,
        5.383255183696747,
        5.337754607200623,
        5.008678883314133,
        5.461566895246506,
        5.38416850566864,
        4.920459985733032,
        5.596521496772766,
