{
  "timestamp": "20260423_012807",
  "config": {
    "model_size": "125M",
    "batch_size": 4,
    "gradient_accumulation": 8,
    "max_steps": 500,
    "max_seq_len": 1024,
    "learning_rate": 0.0006,
    "Kx": 32,
    "Ku": 96,
    "Kv": 192
  },
  "results": {
    "DESLOC": {
      "final_loss": 6.255129754543304,
      "avg_loss": 6.815884073972702,
      "total_time_seconds": 534.596745967865,
      "tokens_per_second_per_gpu": 30647.399415680047,
      "tokens_per_second_cluster": 61294.798831360094,
      "peak_memory_gb": 9.862832128,
      "mfu": 0.08564526923796412,
      "gpu_name": "NVIDIA H100 NVL",
      "sync_counts": {
        "x": 47,
        "u": 108,
        "v": 2
      },
      "losses": [
        10.922897577285767,
        10.837167739868164,
        10.689929604530334,
        17.85344433784485,
        13.38256311416626,
        11.933714270591736,
        10.268139719963074,
        9.906713128089905,
        10.841455459594727,
        13.829538583755493,
        14.712337970733643,
        13.836695194244385,
        11.53239381313324,
        10.782052636146545,
        10.01495099067688,
        9.514007568359375,
        9.152421832084656,
        9.165123701095581,
        9.00917375087738,
        8.904337167739868,
        9.053181886672974,
        8.74846088886261,
        8.767770171165466,
        9.652199983596802,
        8.55689787864685,
        8.477921485900879,
        8.552277445793152,
        8.351298809051514,
        8.4166259765625,
        8.524793267250061,
        8.408168911933899,
        8.408887147903442,
        8.372532725334167,
        8.302899837493896,
        8.404561519622803,
        8.657660365104675,
        8.387692332267761,
        8.259999871253967,
        8.214572429656982,
        8.246063590049744,
        8.304351091384888,
        9.240013718605042,
        8.280295968055725,
        8.25146496295929,
        9.78648042678833,
        8.301100015640259,
        8.269482254981995,
        8.216622710227966,
        8.33341097831726,
        8.462073922157288,
        8.418650507926941,
        8.314924716949463,
        9.818967580795288,
        9.603275775909424,
        8.20707082748413,
        8.28381609916687,
        8.299827694892883,
        8.368601441383362,
        8.265297412872314,
        8.28382420539856,
        14.306275606155396,
        13.867341041564941,
        13.363287448883057,
        12.800140142440796,
        12.112412929534912,
        11.49352765083313,
        10.725127458572388,
        9.941611289978027,
        9.276676416397095,
        8.809096813201904,
        8.506886839866638,
        8.330602049827576,
        8.42976188659668,
        8.40514361858368,
        8.31592881679535,
        8.21450161933899,
        8.260981559753418,
        8.318642139434814,
        8.272089838981628,
        8.273937225341797,
        8.522575497627258,
        8.231476068496704,
        8.252157330513,
        8.219284057617188,
        8.277717590332031,
        8.312958598136902,
        11.582708358764648,
        8.20871877670288,
        8.136077046394348,
        8.250896692276001,
        8.259671092033386,
        14.714147806167603,
        14.074546337127686,
        8.224421739578247,
        12.558870792388916,
        11.9787757396698,
        8.274921417236328,
        8.280450224876404,
        8.251180052757263,
        8.22973108291626,
        8.279254913330078,
        8.29139256477356,
        8.304064989089966,
        8.290297508239746,
        8.361549258232117,
        8.334688067436218,
        8.267384648323059,
        8.229983806610107,
        8.227801322937012,
        8.195332884788513,
        8.219423413276672,
        8.179784536361694,
        8.257526278495789,
        8.190246939659119,
        8.270816683769226,
        8.301400661468506,
        8.280850768089294,
        8.273246884346008,
        8.237468004226685,
        8.232636451721191,
        8.242396712303162,
        8.261257529258728,
        8.209926724433899,
        8.225221753120422,
        8.222590565681458,
        8.283674359321594,
        8.256184697151184,
        8.356384754180908,
        8.211836814880371,
        10.017126321792603,
        9.903287649154663,
        9.451441764831543,
        9.098284363746643,
        8.741014122962952,
        8.513900518417358,
        8.394309997558594,
        8.184223055839539,
        8.2669038772583,
        8.158747553825378,
        8.28044605255127,
        8.257399559020996,
        8.272944808006287,
        8.280181407928467,
        8.19929039478302,
        8.124087572097778,
        8.175373673439026,
        8.210768103599548,
        8.155146598815918,
        8.164532899856567,
        8.168294787406921,
        8.20039689540863,
        8.284837365150452,
        8.154958724975586,
        8.264432549476624,
        8.223512291908264,
        8.170324921607971,
        8.232240080833435,
        8.2021324634552,
        8.254225015640259,
        8.271857023239136,
        8.146971225738525,
        8.201985359191895,
        8.129881024360657,
        8.14750850200653,
        8.116939306259155,
        8.142138361930847,
        8.083684802055359,
        8.160707473754883,
        8.092223525047302,
        8.165661334991455,
        8.137374997138977,
        8.229958891868591,
        8.219327688217163,
        8.200722098350525,
        8.16939663887024,
        8.223683476448059,
        8.194584369659424,
        8.198282361030579,
        8.110108733177185,
        8.174928307533264,
        8.087582468986511,
        8.15975832939148,
        8.153204917907715,
        8.158208012580872,
        8.191773414611816,
        8.14792799949646,
        8.195773005485535,
        8.13835620880127,
        8.243702173233032,
        8.148865580558777,
        8.118850350379944,
        8.081304788589478,
        8.148672580718994,
        8.17214298248291,
        8.115049839019775,
        8.09718656539917,
        8.080072164535522,
        8.117757558822632,
        8.103524565696716,
        8.110422372817993,
        8.092001557350159,
        8.036119103431702,
        8.052583932876587,
        8.15123975276947,
        8.143079042434692,
        8.078153848648071,
        8.094905138015747,
        8.074705362319946,
        8.13586962223053,
        8.085020303726196,
        8.13247811794281,
        8.123383402824402,
        8.122612833976746,
        8.00050961971283,
        8.158790111541748,
        8.097325682640076,
        8.064901471138,
        8.08190643787384,
        8.047771573066711,
        8.198540449142456,
        8.047247290611267,
        8.020387768745422,
        8.076162695884705,
        8.12372624874115,
        7.983716249465942,
        8.024105310440063,
        8.013994455337524,
        8.040175318717957,
        8.121917605400085,
        8.041772603988647,
        7.948710203170776,
        8.04728627204895,
        7.998175382614136,
        8.013274550437927,
        7.989263653755188,
        7.962916731834412,
        7.9995362758636475,
        7.983511686325073,
        7.910540521144867,
        7.998594880104065,
        7.948435187339783,
        7.956063807010651,
        8.019854187965393,
        8.02018129825592,
        7.907103538513184,
        8.008975982666016,
        7.934098124504089,
        7.960574150085449,
        7.962923645973206,
        7.917921781539917,
        7.915542483329773,
        7.92009425163269,
        7.9649317264556885,
        7.869540750980377,
        7.937877416610718,
        7.832106530666351,
        7.858610510826111,
        7.853357493877411,
        7.834943890571594,
        7.862264573574066,
        7.9226433634758,
        7.910564422607422,
        7.820049524307251,
        7.885536074638367,
        7.839185118675232,
        7.942127466201782,
        7.879104673862457,
        7.82102358341217,
        7.933609843254089,
        7.911630630493164,
