{
  "timestamp": "20260427_105757",
  "config": {
    "model_size": "1.3B",
    "batch_size": 2,
    "gradient_accumulation": 8,
    "max_steps": 500,
    "max_seq_len": 1024,
    "learning_rate": 0.0006,
    "Kx": 32,
    "Ku": 96,
    "Kv": 192
  },
  "results": {
    "DESLOC": {
      "final_loss": 8.178003311157227,
      "avg_loss": 8.19012580871582,
      "total_time_seconds": 1094.9760327339172,
      "tokens_per_second_per_gpu": 7481.442291979995,
      "tokens_per_second_cluster": 22444.326875939987,
      "peak_memory_gb": 16.031204352,
      "mfu": 0.07797228888493835,
      "gpu_name": "NVIDIA H100 NVL",
      "sync_counts": {
        "x": 47,
        "u": 5,
        "v": 47
      },
      "losses": [
        11.212089538574219,
        10.855915069580078,
        10.659523010253906,
        10.404424667358398,
        10.147123336791992,
        10.075525283813477,
        9.589998245239258,
        9.550527572631836,
        9.482460021972656,
        9.379566192626953,
        9.009429931640625,
        8.984411239624023,
        8.893516540527344,
        8.825284957885742,
        8.824018478393555,
        8.72878646850586,
        8.773828506469727,
        8.699943542480469,
        8.680778503417969,
        8.477033615112305,
        8.687044143676758,
        8.530838012695312,
        8.364242553710938,
        8.61196517944336,
        8.484416961669922,
        8.511392593383789,
        8.444868087768555,
        8.376026153564453,
        8.464553833007812,
        8.44569206237793,
        8.484451293945312,
        8.357170104980469,
        8.369895935058594,
        8.32017707824707,
        8.463336944580078,
        8.512472152709961,
        8.410039901733398,
        8.32882308959961,
        8.465934753417969,
        8.629404067993164,
        8.395103454589844,
        8.331197738647461,
        8.331155776977539,
        8.182548522949219,
        8.538835525512695,
        8.34172248840332,
        8.288576126098633,
        8.21249771118164,
        8.364971160888672,
        8.290599822998047,
        8.316604614257812,
        8.374034881591797,
        8.219900131225586,
        8.189868927001953,
        9.33930778503418,
        8.353996276855469,
        8.319236755371094,
        8.223146438598633,
        8.185663223266602,
        8.172948837280273,
        8.175762176513672,
        8.308982849121094,
        8.227373123168945,
        8.357328414916992,
        8.262693405151367,
        8.329856872558594,
        8.260969161987305,
        8.161718368530273,
        8.314935684204102,
        8.243463516235352,
        8.230186462402344,
        8.304925918579102,
        8.342061996459961,
        8.207542419433594,
        8.413381576538086,
        8.22718620300293,
        8.25950813293457,
        8.21885871887207,
        8.291824340820312,
        8.12108039855957,
        8.191919326782227,
        8.281011581420898,
        8.235443115234375,
        8.452417373657227,
        8.217037200927734,
        8.201684951782227,
        8.267545700073242,
        8.140003204345703,
        8.158679962158203,
        8.272523880004883,
        8.253900527954102,
        8.227783203125,
        8.232696533203125,
        8.10047721862793,
        8.154682159423828,
        8.207658767700195,
        8.247081756591797,
        8.182247161865234,
        8.252811431884766,
        8.263162612915039,
        8.320589065551758,
        8.500629425048828,
        8.416454315185547,
        8.489545822143555,
        8.42486572265625,
        8.517358779907227,
        8.509601593017578,
        8.496334075927734,
        8.495149612426758,
        8.430160522460938,
        8.553594589233398,
        8.60137939453125,
        8.514730453491211,
        8.559379577636719,
        8.662830352783203,
        8.526752471923828,
        8.38066291809082,
        8.556734085083008,
        8.500926971435547,
        8.691085815429688,
        8.532115936279297,
        8.701274871826172,
        8.69853401184082,
        8.553131103515625,
        8.674674987792969,
        8.508459091186523,
        8.601381301879883,
        8.718818664550781,
        8.36992073059082,
        8.16929817199707,
        8.393486022949219,
        8.301830291748047,
        8.232345581054688,
        8.329587936401367,
        8.364053726196289,
        8.456459045410156,
        8.593555450439453,
        8.398477554321289,
        8.509267807006836,
        8.612493515014648,
        8.573938369750977,
        8.540796279907227,
        8.678180694580078,
        8.470598220825195,
        18.119047164916992,
        8.534936904907227,
        8.602428436279297,
        8.601476669311523,
        8.3643798828125,
        8.38412857055664,
        8.448177337646484,
        8.470357894897461,
        8.457216262817383,
        8.487276077270508,
        8.35097885131836,
        8.429609298706055,
        10.717788696289062,
        8.563108444213867,
        8.514942169189453,
        8.596616744995117,
        8.244308471679688,
        8.366809844970703,
        8.253536224365234,
        8.199047088623047,
        8.27955436706543,
        8.317873001098633,
        8.366817474365234,
        8.471174240112305,
        8.521711349487305,
        8.429615020751953,
        8.436124801635742,
        8.37884521484375,
        8.375585556030273,
        8.23945426940918,
        8.467304229736328,
        8.437911987304688,
        8.462440490722656,
        8.530736923217773,
        8.509315490722656,
        8.43355941772461,
        8.431571960449219,
        8.508195877075195,
        8.454063415527344,
        8.435995101928711,
        8.461250305175781,
        8.253742218017578,
        8.57406997680664,
        8.41328239440918,
        8.493684768676758,
        8.60702133178711,
        8.526632308959961,
        8.555288314819336,
        8.125261306762695,
        8.25613021850586,
        8.358644485473633,
        8.147483825683594,
        8.26756477355957,
        8.344396591186523,
        8.282173156738281,
        8.345346450805664,
        8.334077835083008,
        8.46377944946289,
        8.379018783569336,
        8.516016006469727,
        8.496889114379883,
        8.49405288696289,
        8.407344818115234,
        8.405618667602539,
        8.31106185913086,
        8.345050811767578,
        8.43678092956543,
        8.449735641479492,
        8.525781631469727,
        8.427507400512695,
        8.250062942504883,
        8.258996963500977,
        8.5037841796875,
        8.37034797668457,
        8.457748413085938,
        8.46978759765625,
        8.401655197143555,
        8.483343124389648,
        8.444814682006836,
        8.380279541015625,
        8.211952209472656,
        8.216066360473633,
        8.244832992553711,
        8.20875358581543,
        8.314830780029297,
        8.21200942993164,
        8.265167236328125,
        8.187049865722656,
        8.36288833618164,
        8.318206787109375,
        8.313892364501953,
        8.395353317260742,
        8.319232940673828,
        8.37818717956543,
        8.340560913085938,
        8.354955673217773,
        8.38894271850586,
        8.381370544433594,
        8.391092300415039,
        8.429800033569336,
        8.37254524230957,
        8.352945327758789,
        8.355386734008789,
        8.260574340820312,
        8.286165237426758,
        8.300954818725586,
        8.269832611083984,
        8.386247634887695,
        8.351137161254883,
        8.390230178833008,
        8.392196655273438,
        8.325645446777344,
        8.17392349243164,
        8.287710189819336,
        8.167882919311523,
        8.178438186645508,
        8.177093505859375,
        8.212846755981445,
        8.099462509155273,
        8.271259307861328,
        8.172330856323242,
        8.18182373046875,
        8.367000579833984,
        8.351226806640625,
        8.21969223022461,
        8.324531555175781,
        8.267938613891602,
