{
  "timestamp": "20260427_101557",
  "config": {
    "model_size": "1.3B",
    "batch_size": 2,
    "gradient_accumulation": 8,
    "max_steps": 500,
    "max_seq_len": 1024,
    "learning_rate": 0.0006,
    "Kx": 32,
    "Ku": 96,
    "Kv": 192
  },
  "results": {
    "DESLOC": {
      "final_loss": 8.176677703857422,
      "avg_loss": 8.18815258026123,
      "total_time_seconds": 1096.388346195221,
      "tokens_per_second_per_gpu": 7471.805066542861,
      "tokens_per_second_cluster": 22415.415199628584,
      "peak_memory_gb": 16.031204352,
      "mfu": 0.07787184882318193,
      "gpu_name": "NVIDIA H100 NVL",
      "sync_counts": {
        "x": 47,
        "u": 5,
        "v": 47
      },
      "losses": [
        11.24919319152832,
        10.841564178466797,
        10.60965347290039,
        10.41806411743164,
        10.088268280029297,
        10.062490463256836,
        9.614339828491211,
        9.523397445678711,
        9.468500137329102,
        9.331912994384766,
        8.995407104492188,
        8.989110946655273,
        8.902017593383789,
        8.81588363647461,
        8.828548431396484,
        8.730770111083984,
        8.771562576293945,
        8.681375503540039,
        8.693052291870117,
        8.516706466674805,
        8.709239959716797,
        8.55056381225586,
        8.366268157958984,
        8.618597030639648,
        8.487876892089844,
        8.49923324584961,
        8.455032348632812,
        8.357669830322266,
        8.47381591796875,
        8.437360763549805,
        8.45400619506836,
        8.383615493774414,
        8.356969833374023,
        8.3450927734375,
        8.44361686706543,
        8.53158950805664,
        8.432788848876953,
        8.328311920166016,
        8.453081130981445,
        8.256580352783203,
        8.999799728393555,
        8.331573486328125,
        8.277908325195312,
        8.17350959777832,
        8.518672943115234,
        8.316980361938477,
        8.302173614501953,
        8.297233581542969,
        8.392148971557617,
        8.301509857177734,
        8.318281173706055,
        8.364662170410156,
        8.21640396118164,
        8.18199348449707,
        8.22188949584961,
        8.386749267578125,
        8.343399047851562,
        8.227622985839844,
        8.203413009643555,
        8.163097381591797,
        8.142282485961914,
        8.300037384033203,
        8.220190048217773,
        8.333921432495117,
        8.231359481811523,
        8.282913208007812,
        8.258695602416992,
        8.143651962280273,
        8.306549072265625,
        8.206670761108398,
        8.536300659179688,
        8.282768249511719,
        8.326282501220703,
        8.21182632446289,
        8.406387329101562,
        8.226800918579102,
        8.265829086303711,
        8.221954345703125,
        8.286260604858398,
        8.130962371826172,
        8.176557540893555,
        8.292119979858398,
        8.242992401123047,
        8.442726135253906,
        8.223468780517578,
        8.175540924072266,
        8.275453567504883,
        8.142986297607422,
        8.160455703735352,
        8.294319152832031,
        8.245552062988281,
        8.237054824829102,
        8.23311996459961,
        8.093765258789062,
        8.148027420043945,
        8.196813583374023,
        8.224899291992188,
        8.154623031616211,
        8.270734786987305,
        8.268747329711914,
        8.326446533203125,
        8.501388549804688,
        8.4085693359375,
        8.48707389831543,
        8.43760871887207,
        8.509689331054688,
        8.521718978881836,
        8.528364181518555,
        8.471996307373047,
        8.38448715209961,
        8.454778671264648,
        8.505287170410156,
        8.605445861816406,
        8.573907852172852,
        9.332332611083984,
        8.60422134399414,
        8.390722274780273,
        8.472057342529297,
        8.529241561889648,
        8.64150619506836,
        8.451639175415039,
        8.655223846435547,
        8.664138793945312,
        8.629383087158203,
        8.648670196533203,
        8.523031234741211,
        8.608627319335938,
        8.668485641479492,
        8.443305969238281,
        8.231197357177734,
        8.43160629272461,
        8.330211639404297,
        8.273900985717773,
        8.390666961669922,
        8.377185821533203,
        8.49174690246582,
        8.584487915039062,
        8.411993026733398,
        8.42503547668457,
        8.513652801513672,
        8.402275085449219,
        8.38604736328125,
        8.448930740356445,
        8.37274169921875,
        8.487649917602539,
        8.482423782348633,
        8.671249389648438,
        8.630725860595703,
        8.414913177490234,
        8.390138626098633,
        8.471635818481445,
        8.510110855102539,
        8.552526473999023,
        8.517192840576172,
        8.374757766723633,
        8.474788665771484,
        8.483543395996094,
        8.466493606567383,
        8.330938339233398,
        8.496160507202148,
        8.246164321899414,
        8.321329116821289,
        8.220142364501953,
        8.193788528442383,
        8.245384216308594,
        8.246315002441406,
        8.297807693481445,
        8.465644836425781,
        8.519224166870117,
        8.444072723388672,
        8.441154479980469,
        8.387910842895508,
        8.399330139160156,
        8.261526107788086,
        8.46865463256836,
        8.488359451293945,
        8.509729385375977,
        8.520669937133789,
        8.473657608032227,
        8.422391891479492,
        8.386859893798828,
        8.475227355957031,
        8.429067611694336,
        8.356790542602539,
        8.390352249145508,
        8.258272171020508,
        8.486944198608398,
        8.38090705871582,
        8.402469635009766,
        8.51426887512207,
        8.446062088012695,
        8.463592529296875,
        8.135791778564453,
        8.240716934204102,
        8.34526252746582,
        8.105928421020508,
        8.260679244995117,
        8.351287841796875,
        8.24959945678711,
        8.300397872924805,
        8.288076400756836,
        8.396739959716797,
        8.338172912597656,
        8.464923858642578,
        8.483694076538086,
        8.488916397094727,
        8.423900604248047,
        8.395895004272461,
        8.306865692138672,
        8.376363754272461,
        8.457107543945312,
        8.447147369384766,
        8.466243743896484,
        8.43537712097168,
        8.25198745727539,
        8.278579711914062,
        8.498476028442383,
        8.36151123046875,
        8.441240310668945,
        8.499948501586914,
        8.406497955322266,
        8.472827911376953,
        8.395803451538086,
        8.38258171081543,
        8.168939590454102,
        8.203592300415039,
        8.211950302124023,
        8.157966613769531,
        8.288585662841797,
        8.200366973876953,
        8.227849960327148,
        8.160333633422852,
        8.359586715698242,
        8.286916732788086,
        8.260427474975586,
        8.32468032836914,
        8.273143768310547,
        8.324420928955078,
        8.297691345214844,
        8.330999374389648,
        8.312145233154297,
        8.364688873291016,
        8.327377319335938,
        8.386343002319336,
        8.324462890625,
        8.317682266235352,
        8.335912704467773,
        8.245038986206055,
        8.268272399902344,
        8.270135879516602,
        8.286993026733398,
        8.41731071472168,
        8.357049942016602,
        8.386890411376953,
        8.355180740356445,
        8.300418853759766,
        8.173646926879883,
        8.259424209594727,
        8.155372619628906,
        8.156776428222656,
        8.152839660644531,
        8.197885513305664,
        8.079715728759766,
        8.272727966308594,
        8.161148071289062,
        8.184001922607422,
        8.304367065429688,
        8.315597534179688,
        8.186500549316406,
        8.30674934387207,
        8.235382080078125,
