{
  "timestamp": "20260424_142002",
  "config": {
    "model_size": "1.3B",
    "batch_size": 2,
    "gradient_accumulation": 8,
    "max_steps": 500,
    "max_seq_len": 1024,
    "learning_rate": 0.0006,
    "Kx": 1,
    "Ku": 1,
    "Kv": 1
  },
  "results": {
    "DDP": {
      "final_loss": 7.736834764480591,
      "avg_loss": 7.717395815849304,
      "total_time_seconds": 2149.7092759609222,
      "tokens_per_second_per_gpu": 3810.747849305422,
      "tokens_per_second_cluster": 11432.243547916265,
      "peak_memory_gb": 30.452337152,
      "mfu": 0.039715969271355886,
      "gpu_name": "NVIDIA H100 NVL",
      "sync_counts": {
        "all": 500
      },
      "losses": [
        11.212368965148926,
        10.826013565063477,
        10.48883581161499,
        10.190444707870483,
        9.83349347114563,
        9.607320785522461,
        9.189021587371826,
        9.352476358413696,
        9.327101230621338,
        9.377674341201782,
        9.16030478477478,
        9.121964693069458,
        9.021052122116089,
        9.005191087722778,
        8.816978693008423,
        8.889574527740479,
        9.023247718811035,
        8.673051118850708,
        8.964064121246338,
        8.75412368774414,
        8.85012149810791,
        8.624918460845947,
        8.612484693527222,
        8.782387733459473,
        8.728394031524658,
        8.751395463943481,
        8.544823169708252,
        8.761668682098389,
        8.662227153778076,
        8.611302375793457,
        8.620700120925903,
        8.520375728607178,
        8.589000940322876,
        8.503763198852539,
        8.620302438735962,
        8.716428518295288,
        8.614128112792969,
        8.421755075454712,
        8.525997638702393,
        8.431872129440308,
        8.499737024307251,
        8.467467308044434,
        8.505260944366455,
        8.3305983543396,
        8.598459482192993,
        8.483168125152588,
        8.427361488342285,
        8.332045316696167,
        8.581830978393555,
        8.421982765197754,
        8.497036695480347,
        8.570798873901367,
        8.382030248641968,
        8.363178253173828,
        8.437916994094849,
        8.533876895904541,
        8.529791116714478,
        8.372565984725952,
        8.387136697769165,
        8.342607975006104,
        8.304691076278687,
        8.461633205413818,
        8.346504926681519,
        8.468548774719238,
        8.407984256744385,
        8.415860891342163,
        8.424053192138672,
        8.261335611343384,
        8.491332530975342,
        8.42078971862793,
        8.449258804321289,
        8.343916416168213,
        8.473158121109009,
        8.381157159805298,
        8.438811779022217,
        8.337721586227417,
        8.41625452041626,
        8.296126127243042,
        8.361454486846924,
        8.220650434494019,
        8.333282709121704,
        8.40877389907837,
        8.378612279891968,
        8.518708944320679,
        8.325976848602295,
        8.286019325256348,
        8.36286473274231,
        8.240910053253174,
        8.339364051818848,
        8.395472288131714,
        8.395711421966553,
        8.411478996276855,
        8.322763204574585,
        8.28317403793335,
        8.281041622161865,
        8.340572357177734,
        8.357457876205444,
        8.286471843719482,
        8.348402738571167,
        8.340754747390747,
        8.27170467376709,
        8.392948865890503,
        8.291544675827026,
        8.307839632034302,
        8.197575807571411,
        8.318602323532104,
        8.244559526443481,
        8.313861608505249,
        8.292370080947876,
        8.231729984283447,
        8.332082271575928,
        8.29355001449585,
        8.269075632095337,
        8.245850801467896,
        8.375672101974487,
        8.337149143218994,
        8.17068886756897,
        11.133279800415039,
        8.319272994995117,
        8.355772256851196,
        8.353127717971802,
        8.40455961227417,
        8.279040336608887,
        8.243955373764038,
        8.312819004058838,
        8.273154020309448,
        8.2987380027771,
        8.356394529342651,
        8.392702341079712,
        8.218156576156616,
        8.398764371871948,
        8.26704740524292,
        8.244397163391113,
        8.24055790901184,
        8.221431970596313,
        8.32843017578125,
        8.3974449634552,
        8.197511672973633,
        8.230215072631836,
        8.306623935699463,
        8.274971961975098,
        8.294889211654663,
        8.366330862045288,
        8.333287477493286,
        8.184057712554932,
        8.20819878578186,
        8.399446487426758,
        8.314182758331299,
        8.260895252227783,
        8.149580717086792,
        8.26614236831665,
        8.343591451644897,
        8.323626041412354,
        8.25376033782959,
        8.220109939575195,
        8.235364198684692,
        8.315398931503296,
        8.243886470794678,
        8.22533917427063,
        8.32907748222351,
        8.226648330688477,
        8.337724685668945,
        8.204940795898438,
        8.164353609085083,
        8.253748893737793,
        8.19319486618042,
        8.212761163711548,
        8.340184450149536,
        8.349691152572632,
        8.312027215957642,
        8.263495683670044,
        8.200886726379395,
        8.21475601196289,
        8.11049199104309,
        8.273569583892822,
        8.221373319625854,
        8.307570219039917,
        8.360114812850952,
        8.285176753997803,
        8.259607315063477,
        8.221482753753662,
        8.238282918930054,
        8.20678424835205,
        8.243562698364258,
        8.17011284828186,
        8.10892939567566,
        8.338600873947144,
        8.20203161239624,
        8.348796606063843,
        8.314470052719116,
        8.238523483276367,
        8.242497444152832,
        8.143646955490112,
        8.244606018066406,
        8.368373394012451,
        8.045039892196655,
        8.244988441467285,
        8.318433046340942,
        8.140442132949829,
        8.142547845840454,
        8.217894077301025,
        8.235458850860596,
        8.217927694320679,
        8.30391788482666,
        8.269857406616211,
        8.2791006565094,
        8.237143993377686,
        8.196411609649658,
        8.155893802642822,
        8.186431169509888,
        8.289539575576782,
        8.252108573913574,
        8.294755697250366,
        8.301202774047852,
        8.072836875915527,
        8.173157691955566,
        8.276060819625854,
        8.10798954963684,
        8.188579559326172,
        8.279774904251099,
        8.166465520858765,
        8.18415880203247,
        8.258333683013916,
        8.190478086471558,
        8.175186157226562,
        8.175421237945557,
        8.1690673828125,
        8.083152532577515,
        8.191080093383789,
        8.200082302093506,
        8.137988805770874,
        8.057873249053955,
        8.138762712478638,
        8.162288188934326,
        8.069185018539429,
        8.141967296600342,
        8.134828567504883,
        8.14751124382019,
        8.050549268722534,
        8.088359355926514,
        8.12053370475769,
        8.106618165969849,
        8.083569765090942,
        8.097045660018921,
        8.0926034450531,
        8.032987356185913,
        8.108310461044312,
        8.039355039596558,
        7.99614405632019,
        8.07678747177124,
        8.046947956085205,
        8.021753311157227,
        8.034882545471191,
        8.042692422866821,
        8.019073009490967,
        8.031606674194336,
        7.997595548629761,
        8.164427757263184,
        8.002827167510986,
        8.07867980003357,
        8.069798707962036,
        7.939230918884277,
        7.956318378448486,
        8.06635332107544,
        7.930689096450806,
        7.954096794128418,
        8.066163301467896,
        7.983763933181763,
        7.91688871383667,
        8.006999969482422,
        7.9484171867370605,
        7.939581394195557,
