{
  "timestamp": "20260429_035029",
  "config": {
    "model_size": "125M",
    "batch_size": 4,
    "gradient_accumulation": 4,
    "max_steps": 500,
    "max_seq_len": 1024,
    "learning_rate": 0.0006,
    "Kx": 32,
    "Ku": 96,
    "Kv": 192
  },
  "results": {
    "DESLOC": {
      "final_loss": 5.5413291454315186,
      "avg_loss": 5.353044008016586,
      "total_time_seconds": 146.56842947006226,
      "tokens_per_second_per_gpu": 55891.98185188496,
      "tokens_per_second_cluster": 167675.94555565488,
      "peak_memory_gb": 6.652639232,
      "mfu": 0.05516310782416925,
      "gpu_name": "NVIDIA H100 NVL",
      "sync_counts": {
        "x": 47,
        "u": 5,
        "v": 47
      },
      "losses": [
        11.00632095336914,
        10.887508392333984,
        10.733474731445312,
        10.66287612915039,
        10.563735961914062,
        10.505630493164062,
        10.305614471435547,
        10.224044799804688,
        10.159194946289062,
        9.990840911865234,
        9.796989440917969,
        10.09518051147461,
        9.65420150756836,
        9.51784896850586,
        9.44564437866211,
        9.330965042114258,
        9.319679260253906,
        9.20941162109375,
        9.130819320678711,
        8.95831298828125,
        9.045549392700195,
        9.472637176513672,
        8.829364776611328,
        9.227790832519531,
        8.842788696289062,
        8.885601043701172,
        8.773361206054688,
        8.69450569152832,
        8.739328384399414,
        8.685079574584961,
        8.64470100402832,
        8.635496139526367,
        8.625192642211914,
        8.643999099731445,
        8.654409408569336,
        8.716909408569336,
        8.616472244262695,
        8.57472038269043,
        8.871152877807617,
        8.415374755859375,
        8.510168075561523,
        8.48649787902832,
        8.402198791503906,
        8.300607681274414,
        8.510169982910156,
        8.410320281982422,
        8.336761474609375,
        8.270809173583984,
        8.390106201171875,
        8.322874069213867,
        8.345853805541992,
        8.342203140258789,
        8.352643966674805,
        8.181346893310547,
        8.256965637207031,
        8.346353530883789,
        8.261220932006836,
        8.201885223388672,
        8.145061492919922,
        8.122781753540039,
        8.08595085144043,
        8.239124298095703,
        8.135030746459961,
        8.219715118408203,
        8.158105850219727,
        8.225805282592773,
        8.123802185058594,
        8.047807693481445,
        8.101757049560547,
        8.095788955688477,
        8.074071884155273,
        8.122415542602539,
        8.105840682983398,
        8.04168701171875,
        8.185297012329102,
        8.027437210083008,
        8.031415939331055,
        8.005373001098633,
        8.07602310180664,
        7.9543914794921875,
        7.914710998535156,
        8.031648635864258,
        7.985383987426758,
        8.156513214111328,
        7.976848602294922,
        7.950557708740234,
        8.038089752197266,
        7.90031623840332,
        7.895809173583984,
        7.985313415527344,
        7.990589141845703,
        7.909299850463867,
        7.930295944213867,
        7.788606643676758,
        7.9045562744140625,
        7.886623382568359,
        7.888141632080078,
        7.861394882202148,
        8.01171875,
        7.985935211181641,
        7.985090255737305,
        8.785638809204102,
        8.053245544433594,
        8.262527465820312,
        8.030174255371094,
        8.177055358886719,
        10.512245178222656,
        8.197410583496094,
        8.13833236694336,
        8.125717163085938,
        8.208282470703125,
        8.195175170898438,
        8.139242172241211,
        8.246009826660156,
        8.33352279663086,
        8.254159927368164,
        8.061309814453125,
        8.15731430053711,
        8.146444320678711,
        8.255302429199219,
        8.206735610961914,
        8.295495986938477,
        8.183155059814453,
        8.159845352172852,
        8.186710357666016,
        8.052362442016602,
        8.176685333251953,
        8.186210632324219,
        8.08757209777832,
        7.898563385009766,
        8.103208541870117,
        8.014345169067383,
        7.91004753112793,
        7.949102401733398,
        7.945037841796875,
        7.978723526000977,
        8.114158630371094,
        7.93861198425293,
        8.047861099243164,
        8.118165969848633,
        8.027223587036133,
        8.042791366577148,
        8.093608856201172,
        8.046480178833008,
        7.986379623413086,
        8.013883590698242,
        8.064208984375,
        8.036558151245117,
        8.007652282714844,
        7.893089294433594,
        7.951576232910156,
        8.110651016235352,
        8.059267044067383,
        8.048839569091797,
        7.941341400146484,
        8.009193420410156,
        7.980434417724609,
        8.033239364624023,
        7.910432815551758,
        8.040864944458008,
        7.811483383178711,
        7.857433319091797,
        7.767120361328125,
        7.755228042602539,
        7.783321380615234,
        7.699586868286133,
        7.7615966796875,
        7.881732940673828,
        7.86259651184082,
        7.835920333862305,
        7.820384979248047,
        7.737575531005859,
        7.804897308349609,
        7.763063430786133,
        7.826128005981445,
        7.848545074462891,
        7.874258041381836,
        7.941905975341797,
        7.915287017822266,
        7.771877288818359,
        7.8059844970703125,
        7.924091339111328,
        7.8440399169921875,
        7.787998199462891,
        7.862306594848633,
        7.776567459106445,
        7.954580307006836,
        7.867137908935547,
        7.873466491699219,
        7.836265563964844,
        7.811605453491211,
        7.770872116088867,
        7.578184127807617,
        7.6107635498046875,
        7.7400054931640625,
        7.580358505249023,
        7.618076324462891,
        7.627010345458984,
        7.559623718261719,
        7.628135681152344,
        7.61555290222168,
        7.638874053955078,
        7.5772247314453125,
        7.751626968383789,
        7.668817520141602,
        7.78172492980957,
        7.702276229858398,
        7.649417877197266,
        7.591485977172852,
        7.631284713745117,
        7.784366607666016,
        7.692302703857422,
        7.790304183959961,
        7.755500793457031,
        7.6392669677734375,
        7.667945861816406,
        7.712209701538086,
        7.652448654174805,
        7.6447906494140625,
        7.765144348144531,
        7.659385681152344,
        7.6909942626953125,
        7.767799377441406,
        7.71272087097168,
        7.492889404296875,
        7.415426254272461,
        7.490318298339844,
        7.5135650634765625,
        7.523979187011719,
        7.421520233154297,
        7.440593719482422,
        7.405477523803711,
        7.606712341308594,
        7.469217300415039,
        7.4509124755859375,
        7.48097038269043,
        7.5599517822265625,
        7.495838165283203,
        7.547586441040039,
        7.4643402099609375,
        7.601535797119141,
        7.529748916625977,
        7.552545547485352,
        7.630395889282227,
        7.568967819213867,
        7.500791549682617,
        7.630462646484375,
        7.5576629638671875,
        7.5126800537109375,
        7.542758941650391,
        7.494209289550781,
        7.61058235168457,
        7.522575378417969,
        7.53363037109375,
        7.589670181274414,
        7.489004135131836,
        7.279155731201172,
        7.298297882080078,
        7.3798675537109375,
        7.390810012817383,
        7.27631950378418,
        7.262643814086914,
        7.282644271850586,
        7.377784729003906,
        7.299079895019531,
        7.253583908081055,
        7.339458465576172,
        7.434291839599609,
        7.323905944824219,
        7.345793724060059,
