{
  "timestamp": "20260429_124237",
  "config": {
    "model_size": "7B",
    "batch_size": 1,
    "gradient_accumulation": 8,
    "max_steps": 200,
    "max_seq_len": 2048,
    "learning_rate": 0.0006,
    "Kx": 32,
    "Ku": 96,
    "Kv": 192
  },
  "results": {
    "DESLOC": {
      "final_loss": 8.594852447509766,
      "avg_loss": 8.660590438842773,
      "total_time_seconds": 2044.5004975795746,
      "tokens_per_second_per_gpu": 1602.7386659378706,
      "tokens_per_second_cluster": 4808.2159978136115,
      "peak_memory_gb": 28.518426624,
      "mfu": 0.08468088445188568,
      "gpu_name": "NVIDIA H100 NVL",
      "sync_counts": {
        "x": 38,
        "u": 2,
        "v": 38
      },
      "losses": [
        11.593210220336914,
        10.948322296142578,
        10.916522979736328,
        10.441598892211914,
        10.245267868041992,
        10.259881973266602,
        9.99850082397461,
        10.091033935546875,
        9.976179122924805,
        9.577438354492188,
        9.638185501098633,
        9.445856094360352,
        9.297950744628906,
        9.153072357177734,
        9.339263916015625,
        8.930610656738281,
        8.865116119384766,
        9.593820571899414,
        9.104433059692383,
        9.154851913452148,
        9.449295043945312,
        8.896438598632812,
        9.041664123535156,
        8.853315353393555,
        8.901569366455078,
        8.947723388671875,
        8.576921463012695,
        8.74868392944336,
        8.596479415893555,
        9.10859489440918,
        8.732067108154297,
        8.559270858764648,
        8.992500305175781,
        8.610816955566406,
        8.708597183227539,
        8.847972869873047,
        8.44719123840332,
        8.868549346923828,
        8.703781127929688,
        8.502988815307617,
        8.823623657226562,
        8.758407592773438,
        8.558902740478516,
        8.383913040161133,
        8.494123458862305,
        8.42158317565918,
        8.509500503540039,
        8.320098876953125,
        8.41165542602539,
        8.457908630371094,
        8.396575927734375,
        8.388357162475586,
        8.311525344848633,
        8.516727447509766,
        8.240621566772461,
        8.683259963989258,
        8.480587005615234,
        8.320547103881836,
        8.24301528930664,
        8.389350891113281,
        8.346372604370117,
        8.409648895263672,
        8.442926406860352,
        8.319135665893555,
        8.354602813720703,
        8.549766540527344,
        8.46380615234375,
        8.50309944152832,
        8.414993286132812,
        8.339874267578125,
        8.458436965942383,
        8.396276473999023,
        8.302627563476562,
        8.25837516784668,
        8.576471328735352,
        8.164083480834961,
        8.663345336914062,
        8.574541091918945,
        8.173038482666016,
        8.430337905883789,
        8.501127243041992,
        8.735326766967773,
        8.409273147583008,
        8.317277908325195,
        8.509222030639648,
        15.057952880859375,
        8.256011962890625,
        8.239456176757812,
        8.229133605957031,
        8.482854843139648,
        8.216541290283203,
        8.120182037353516,
        8.334482192993164,
        8.414648056030273,
        8.771198272705078,
        8.550012588500977,
        8.167970657348633,
        8.338190078735352,
        8.462020874023438,
        8.73898696899414,
        8.597192764282227,
        8.606952667236328,
        8.976011276245117,
        8.590398788452148,
        8.76890754699707,
        8.653228759765625,
        9.050580978393555,
        8.979686737060547,
        8.604387283325195,
        8.980352401733398,
        9.282991409301758,
        8.988348007202148,
        8.89157485961914,
        9.063304901123047,
        9.207466125488281,
        8.890022277832031,
        8.902204513549805,
        8.995983123779297,
        8.826736450195312,
        8.900508880615234,
        9.027633666992188,
        8.954402923583984,
        8.908906936645508,
        8.785934448242188,
        8.776559829711914,
        8.789594650268555,
        8.925376892089844,
        9.005075454711914,
        8.27821159362793,
        8.441499710083008,
        8.48843765258789,
        8.351310729980469,
        8.717548370361328,
        8.524742126464844,
        8.540428161621094,
        8.60890007019043,
        8.811702728271484,
        8.568275451660156,
        8.84307861328125,
        8.437652587890625,
        8.475519180297852,
        8.518180847167969,
        8.58259391784668,
        8.532909393310547,
        8.584932327270508,
        8.645551681518555,
        8.714763641357422,
        8.618795394897461,
        8.637945175170898,
        8.768598556518555,
        8.706222534179688,
        9.080680847167969,
        8.836687088012695,
        8.802286148071289,
        8.935371398925781,
        8.619979858398438,
        8.591747283935547,
        8.620841979980469,
        8.784286499023438,
        8.730876922607422,
        8.443159103393555,
        8.440179824829102,
        8.22352409362793,
        8.289596557617188,
        8.305673599243164,
        8.318359375,
        8.46567153930664,
        8.411039352416992,
        8.470926284790039,
        8.753362655639648,
        8.614645004272461,
        8.58173942565918,
        8.645732879638672,
        8.800521850585938,
        8.747385025024414,
        8.494100570678711,
        8.668109893798828,
        8.56507682800293,
        8.754688262939453,
        8.401174545288086,
        8.684453964233398,
        8.605209350585938,
        8.54012680053711,
        8.748123168945312,
        8.432451248168945,
        8.680412292480469,
        8.610940933227539,
        8.7650146484375,
        8.689876556396484,
        8.66447639465332,
        8.611879348754883,
        8.705808639526367,
        8.236892700195312,
        8.315229415893555,
        8.22285270690918,
        8.169008255004883,
        8.315010070800781,
        8.34710693359375,
        8.393768310546875,
        8.594852447509766
      ]
    }
  }
}