{
  "timestamp": "20260427_103922",
  "config": {
    "model_size": "1.3B",
    "batch_size": 2,
    "gradient_accumulation": 8,
    "max_steps": 500,
    "max_seq_len": 1024,
    "learning_rate": 0.0006,
    "Kx": 1,
    "Ku": 1,
    "Kv": 1
  },
  "results": {
    "DDP": {
      "final_loss": 7.836751937866211,
      "avg_loss": 7.818741397857666,
      "total_time_seconds": 1355.1404221057892,
      "tokens_per_second_per_gpu": 6045.129985326709,
      "tokens_per_second_cluster": 18135.38995598013,
      "peak_memory_gb": 14.660929536,
      "mfu": 0.06300290815157138,
      "gpu_name": "NVIDIA H100 NVL",
      "sync_counts": {
        "all": 500
      },
      "losses": [
        11.212089538574219,
        10.825645446777344,
        10.494455337524414,
        10.189634323120117,
        9.836864471435547,
        9.604776382446289,
        9.186614990234375,
        9.345579147338867,
        9.318948745727539,
        9.35599136352539,
        9.113481521606445,
        9.113109588623047,
        9.015405654907227,
        9.00401496887207,
        8.81483268737793,
        8.885795593261719,
        9.019081115722656,
        8.677709579467773,
        8.968086242675781,
        8.773954391479492,
        8.851591110229492,
        8.629280090332031,
        8.615011215209961,
        8.777074813842773,
        8.728307723999023,
        8.749980926513672,
        8.544258117675781,
        8.767873764038086,
        8.655364990234375,
        8.613151550292969,
        8.620601654052734,
        8.525846481323242,
        8.598514556884766,
        8.506950378417969,
        8.624889373779297,
        8.716438293457031,
        8.615001678466797,
        8.431209564208984,
        8.528207778930664,
        8.444908142089844,
        8.509227752685547,
        8.478292465209961,
        8.513334274291992,
        8.339057922363281,
        8.608121871948242,
        8.493219375610352,
        8.438117980957031,
        8.337932586669922,
        8.596088409423828,
        8.433353424072266,
        8.502021789550781,
        8.575309753417969,
        8.388463973999023,
        8.365804672241211,
        8.438106536865234,
        8.539588928222656,
        8.52734375,
        8.375864028930664,
        8.38817024230957,
        8.351144790649414,
        8.307170867919922,
        8.469308853149414,
        8.349008560180664,
        8.462652206420898,
        8.410760879516602,
        8.421306610107422,
        8.43025016784668,
        8.265710830688477,
        8.497900009155273,
        8.420391082763672,
        8.45767593383789,
        8.345216751098633,
        8.477174758911133,
        8.388017654418945,
        8.439584732055664,
        8.33681869506836,
        8.417734146118164,
        8.295452117919922,
        8.37067985534668,
        8.227815628051758,
        8.332572937011719,
        8.41323471069336,
        8.377979278564453,
        8.51795768737793,
        8.333013534545898,
        8.288633346557617,
        8.361888885498047,
        8.241453170776367,
        8.337697982788086,
        8.390541076660156,
        8.399919509887695,
        8.40999984741211,
        8.322883605957031,
        8.290958404541016,
        8.288177490234375,
        8.334188461303711,
        8.361276626586914,
        8.282310485839844,
        8.351696014404297,
        8.345441818237305,
        8.271312713623047,
        8.39185905456543,
        8.298324584960938,
        8.312328338623047,
        8.201469421386719,
        8.323152542114258,
        8.240224838256836,
        8.31645393371582,
        8.292682647705078,
        8.243782043457031,
        8.337726593017578,
        8.298364639282227,
        8.279779434204102,
        8.252368927001953,
        8.381324768066406,
        8.345357894897461,
        8.170028686523438,
        8.332752227783203,
        8.329353332519531,
        8.351644515991211,
        8.340625762939453,
        8.39573860168457,
        8.247283935546875,
        8.220701217651367,
        8.313323974609375,
        8.256265640258789,
        8.267230987548828,
        8.360570907592773,
        8.385944366455078,
        8.215429306030273,
        8.380334854125977,
        8.272527694702148,
        8.23518180847168,
        9.072587966918945,
        8.234245300292969,
        8.33774185180664,
        8.409772872924805,
        8.229177474975586,
        8.234733581542969,
        8.339641571044922,
        8.313821792602539,
        8.302854537963867,
        8.381759643554688,
        8.328100204467773,
        8.206523895263672,
        8.219097137451172,
        8.402923583984375,
        8.31387710571289,
        8.267036437988281,
        8.149375915527344,
        8.273555755615234,
        8.351064682006836,
        8.326894760131836,
        8.270303726196289,
        8.238197326660156,
        8.241508483886719,
        8.34564208984375,
        8.257574081420898,
        8.25339126586914,
        8.348182678222656,
        8.235963821411133,
        8.357471466064453,
        8.22056770324707,
        8.176534652709961,
        8.27020263671875,
        8.23150634765625,
        8.240653991699219,
        8.387811660766602,
        8.384244918823242,
        8.334878921508789,
        8.280738830566406,
        8.218986511230469,
        8.244396209716797,
        8.120899200439453,
        8.300165176391602,
        8.259912490844727,
        8.355470657348633,
        8.407480239868164,
        8.311569213867188,
        8.286075592041016,
        8.246725082397461,
        8.267681121826172,
        8.229110717773438,
        8.276382446289062,
        8.208309173583984,
        8.137521743774414,
        8.387798309326172,
        8.226659774780273,
        8.351816177368164,
        8.345417022705078,
        8.266767501831055,
        8.288040161132812,
        8.17863655090332,
        8.301050186157227,
        8.38484001159668,
        8.075752258300781,
        8.310171127319336,
        8.336166381835938,
        8.17849349975586,
        8.195108413696289,
        8.26846694946289,
        8.259681701660156,
        8.26685905456543,
        8.34931755065918,
        8.325201034545898,
        8.371946334838867,
        8.305335998535156,
        8.27615737915039,
        8.237598419189453,
        8.233121871948242,
        8.336715698242188,
        8.27880859375,
        8.370859146118164,
        8.351699829101562,
        8.12972640991211,
        8.232809066772461,
        8.408884048461914,
        8.153966903686523,
        8.254714965820312,
        8.360380172729492,
        8.236894607543945,
        8.22821044921875,
        8.313024520874023,
        8.252300262451172,
        8.203800201416016,
        8.268585205078125,
        8.264129638671875,
        8.178882598876953,
        8.297618865966797,
        8.227861404418945,
        8.252372741699219,
        8.182065963745117,
        8.278697967529297,
        8.260919570922852,
        8.172006607055664,
        8.273502349853516,
        8.233621597290039,
        8.213930130004883,
        8.160749435424805,
        8.233652114868164,
        8.269189834594727,
        8.244758605957031,
        8.195779800415039,
        8.231805801391602,
        8.219518661499023,
        8.1571044921875,
        8.241113662719727,
        8.152847290039062,
        8.168033599853516,
        8.202877044677734,
        8.12936782836914,
        8.210472106933594,
        8.225101470947266,
        8.233114242553711,
        8.183752059936523,
        8.234033584594727,
        8.189361572265625,
        8.300447463989258,
        8.137889862060547,
        8.1888427734375,
        8.179475784301758,
        8.142166137695312,
        8.040349960327148,
        8.307266235351562,
        8.109352111816406,
        8.128410339355469,
        8.25946044921875,
        8.237174987792969,
        8.126518249511719,
        8.204206466674805,
        8.18594741821289,
        8.216482162475586,
