{
  "timestamp": "20260422_100535",
  "config": {
    "model_size": "125M",
    "batch_size": 4,
    "gradient_accumulation": 4,
    "max_steps": 500,
    "max_seq_len": 1024,
    "learning_rate": 0.0006,
    "Kx": 32,
    "Ku": 96,
    "Kv": 192
  },
  "results": {
    "DDP": {
      "final_loss": 4.365562319755554,
      "avg_loss": 4.683767566084862,
      "total_time_seconds": 239.04562091827393,
      "tokens_per_second_per_gpu": 34269.60915883383,
      "tokens_per_second_cluster": 68539.21831766766,
      "peak_memory_gb": 10.311691264,
      "mfu": 0.08195502164419718,
      "gpu_name": "NVIDIA A100 80GB PCIe",
      "sync_counts": {
        "all": 500
      },
      "losses": [
        11.03377914428711,
        10.91096806526184,
        10.77921724319458,
        10.602821826934814,
        10.404004096984863,
        10.098286628723145,
        9.938523530960083,
        9.660354137420654,
        9.497607231140137,
        9.288062572479248,
        9.210906505584717,
        9.120189666748047,
        9.242336988449097,
        9.04589319229126,
        8.768303155899048,
        9.595508813858032,
        8.78620958328247,
        8.984050989151001,
        8.810768604278564,
        8.819004535675049,
        8.745103359222412,
        8.783206224441528,
        8.756529092788696,
        8.550647497177124,
        8.705739259719849,
        8.600334882736206,
        8.408015727996826,
        8.524038076400757,
        8.475261449813843,
        8.578861951828003,
        8.336183786392212,
        8.209750175476074,
        8.351239681243896,
        8.388166666030884,
        8.520511865615845,
        8.275588750839233,
        8.38806700706482,
        8.385540008544922,
        8.378557920455933,
        8.426164150238037,
        8.302040576934814,
        8.347679615020752,
        8.391470670700073,
        8.246728897094727,
        8.240431547164917,
        8.154481649398804,
        8.186817646026611,
        8.180556058883667,
        8.385778903961182,
        8.228277444839478,
        8.102649211883545,
        8.064866304397583,
        8.253097295761108,
        8.32247519493103,
        8.27662968635559,
        8.308920621871948,
        8.29331350326538,
        8.238371849060059,
        8.228359699249268,
        8.179558992385864,
        8.150924444198608,
        8.149136066436768,
        7.982934951782227,
        8.184736013412476,
        8.105669260025024,
        8.015959739685059,
        8.1446533203125,
        8.026557683944702,
        8.101013660430908,
        8.144654512405396,
        8.173142671585083,
        8.032273530960083,
        8.053329706192017,
        7.946176767349243,
        7.949137449264526,
        8.136985778808594,
        7.97054648399353,
        7.935324192047119,
        7.94896674156189,
        8.007342338562012,
        7.94996190071106,
        7.942051649093628,
        7.924736022949219,
        7.960921049118042,
        7.905634641647339,
        7.841925144195557,
        7.925954103469849,
        7.798097848892212,
        7.846743583679199,
        7.815210580825806,
        7.948265552520752,
        7.916720867156982,
        7.898677825927734,
        7.89154052734375,
        7.817256212234497,
        7.75036358833313,
        7.832653045654297,
        7.994649410247803,
        7.795138120651245,
        7.8203558921813965,
        7.783667087554932,
        7.830942153930664,
        7.948742151260376,
        7.863812446594238,
        7.805448532104492,
        7.816717863082886,
        7.8252058029174805,
        7.781934022903442,
        7.7909934520721436,
        7.676591634750366,
        7.765380620956421,
        7.732630252838135,
        7.7129058837890625,
        7.816755533218384,
        7.8201799392700195,
        7.965168237686157,
        7.6806793212890625,
        7.6692705154418945,
        7.8059693574905396,
        7.7841551303863525,
        7.88462495803833,
        7.694689989089966,
        7.8160295486450195,
        7.805904150009155,
        7.865009069442749,
        7.787007808685303,
        7.804732799530029,
        7.78754997253418,
        7.770173788070679,
        7.7461323738098145,
        7.729884624481201,
        7.616044878959656,
        7.7304792404174805,
        7.770084619522095,
        7.715345621109009,
        7.680756568908691,
        7.804131031036377,
        7.702762603759766,
        7.596916437149048,
        7.808061599731445,
        7.738070011138916,
        7.799328565597534,
        7.789283275604248,
        7.609180450439453,
        7.714316129684448,
        7.648197889328003,
        7.724418640136719,
        7.5579023361206055,
        7.697462320327759,
        7.609882831573486,
        7.712212085723877,
        7.666205883026123,
        7.644548416137695,
        7.645991086959839,
        7.58681058883667,
        7.681448221206665,
        7.60995888710022,
        7.617387294769287,
        7.629644155502319,
        7.591165542602539,
        7.573915958404541,
        7.639462471008301,
        7.612945079803467,
        7.725614070892334,
        7.543711185455322,
        7.593536138534546,
        7.461327791213989,
        7.680967569351196,
        7.519494533538818,
        7.530724048614502,
        7.560042858123779,
        7.555763244628906,
        7.680439472198486,
        7.50791597366333,
        7.6006457805633545,
        7.615346789360046,
        7.450341701507568,
        7.4692769050598145,
        7.529791593551636,
        7.602887153625488,
        7.518980026245117,
        7.480454206466675,
        7.530729055404663,
        7.603531837463379,
        7.487842082977295,
        7.426493167877197,
        7.521177053451538,
        7.475859642028809,
        7.459765076637268,
        7.361936569213867,
        7.417425870895386,
        7.328497409820557,
        7.286964416503906,
        7.391805410385132,
        7.4122772216796875,
        7.532496213912964,
        7.551234602928162,
        7.488112688064575,
        7.421169757843018,
        7.406915545463562,
        7.393467664718628,
        7.472628116607666,
        7.196337938308716,
        7.315898418426514,
        7.424700498580933,
        7.352332830429077,
        7.32236123085022,
        7.377559185028076,
        7.15266215801239,
        7.312992215156555,
        7.310664176940918,
        7.162815809249878,
        7.171631217002869,
        7.26392924785614,
        7.256423354148865,
        7.306221842765808,
        7.26754903793335,
        7.259360313415527,
        7.348927974700928,
        6.9928165674209595,
        7.0663474798202515,
        7.3644410371780396,
        7.2305519580841064,
        6.624959111213684,
        7.041316866874695,
        7.309945464134216,
        6.867147922515869,
        7.116548776626587,
        7.25744092464447,
        7.139043569564819,
        7.06952428817749,
        6.954568266868591,
        7.046904802322388,
        6.924286484718323,
        7.072474479675293,
        6.915465474128723,
        7.102478742599487,
        7.032322406768799,
        6.947029232978821,
        7.225123047828674,
        6.821487903594971,
        6.661837458610535,
        7.269731283187866,
        7.309270977973938,
        6.850901961326599,
        6.911858558654785,
        6.8870038986206055,
        7.206189393997192,
        6.829785585403442,
        6.634526252746582,
        6.588928580284119,
        6.421062111854553,
        7.508904933929443,
        7.173346400260925,
        6.911539316177368,
        6.912172794342041,
        7.171760678291321,
        6.365370869636536,
        6.70613706111908,
        6.430899381637573,
        6.908887147903442,
        6.374295115470886,
        6.838307499885559,
        5.985819697380066,
        7.16207480430603,
        6.971200704574585,
        6.822839140892029,
        7.155117750167847,
        6.786654829978943,
        6.976552248001099,
