{
  "timestamp": "20260424_083303",
  "config": {
    "model_size": "700M",
    "batch_size": 4,
    "gradient_accumulation": 4,
    "max_steps": 500,
    "max_seq_len": 1024,
    "learning_rate": 0.0006,
    "Kx": 32,
    "Ku": 96,
    "Kv": 192
  },
  "results": {
    "DESLOC": {
      "final_loss": 7.879807472229004,
      "avg_loss": 7.860235652923584,
      "total_time_seconds": 679.4338312149048,
      "tokens_per_second_per_gpu": 12057.097576892476,
      "tokens_per_second_cluster": 36171.29273067743,
      "peak_memory_gb": 23.413277184,
      "mfu": 0.07402822128970477,
      "gpu_name": "NVIDIA H100 NVL",
      "sync_counts": {
        "x": 47,
        "u": 5,
        "v": 47
      },
      "losses": [
        11.08376932144165,
        10.811800956726074,
        10.738211154937744,
        10.53216552734375,
        10.35584545135498,
        10.308520793914795,
        9.945633888244629,
        9.878296613693237,
        9.806883573532104,
        9.627043962478638,
        9.337604999542236,
        9.27515721321106,
        9.159479141235352,
        9.051724672317505,
        8.97685194015503,
        8.891033411026001,
        8.914842128753662,
        8.83635687828064,
        8.773053646087646,
        11.59818720817566,
        8.793936491012573,
        8.672097444534302,
        8.537078857421875,
        8.750914812088013,
        8.593023538589478,
        8.633667230606079,
        8.528117418289185,
        8.459848880767822,
        8.564441204071045,
        8.555071115493774,
        8.517139196395874,
        8.468982458114624,
        8.420650720596313,
        8.42435073852539,
        8.520309448242188,
        8.580114603042603,
        8.461250305175781,
        8.415907382965088,
        8.506299018859863,
        8.327084302902222,
        8.47467589378357,
        8.385923862457275,
        8.323649883270264,
        8.202087879180908,
        8.49461555480957,
        8.59053897857666,
        8.311258316040039,
        8.191328525543213,
        8.412529230117798,
        8.293552875518799,
        8.333571434020996,
        8.381608724594116,
        8.251888751983643,
        8.181108474731445,
        8.261741638183594,
        8.379586458206177,
        8.360606670379639,
        8.246989727020264,
        8.196919918060303,
        8.181817293167114,
        8.127426624298096,
        8.319553852081299,
        8.208631992340088,
        8.345301866531372,
        8.257892847061157,
        8.297488927841187,
        8.239533185958862,
        8.173710107803345,
        8.258655786514282,
        8.217634677886963,
        8.277884244918823,
        8.311817407608032,
        8.306374311447144,
        8.18048095703125,
        8.35264253616333,
        8.178159475326538,
        8.224786758422852,
        8.264043092727661,
        8.294577836990356,
        8.135990142822266,
        8.162970542907715,
        8.284105777740479,
        8.22839617729187,
        8.428126811981201,
        8.22023868560791,
        8.203546047210693,
        8.23407769203186,
        8.148882865905762,
        8.140536069869995,
        8.26606822013855,
        8.230994939804077,
        8.1854567527771,
        8.197188377380371,
        8.06020188331604,
        8.108281373977661,
        8.153834581375122,
        8.20276951789856,
        8.145578861236572,
        8.230239391326904,
        8.206051588058472,
        8.225231885910034,
        8.342888593673706,
        9.257312536239624,
        8.356582641601562,
        8.286480903625488,
        8.444411754608154,
        8.340137004852295,
        8.404210805892944,
        8.406630516052246,
        8.3350088596344,
        8.40035343170166,
        8.46464204788208,
        8.375828504562378,
        8.411052942276001,
        8.534543991088867,
        8.472575187683105,
        8.286128044128418,
        8.39214038848877,
        8.372035264968872,
        8.45974063873291,
        8.39531397819519,
        8.492868423461914,
        8.442600965499878,
        8.35810661315918,
        8.416707754135132,
        8.295414686203003,
        8.370783567428589,
        8.474864959716797,
        8.331323623657227,
        8.114219903945923,
        8.408000707626343,
        8.281526803970337,
        8.209877967834473,
        8.28545594215393,
        8.278422117233276,
        8.368898391723633,
        8.426618337631226,
        8.310893297195435,
        8.422144651412964,
        8.50344181060791,
        8.506149530410767,
        8.47016453742981,
        8.51798939704895,
        8.414194345474243,
        8.4065580368042,
        8.393030881881714,
        8.501513004302979,
        8.411507844924927,
        8.336877584457397,
        8.465584993362427,
        8.500505447387695,
        8.54709506034851,
        8.503819942474365,
        8.39288330078125,
        8.319724798202515,
        8.380017280578613,
        8.439359664916992,
        8.473588943481445,
        8.333296537399292,
        8.525701522827148,
        8.151386022567749,
        8.235862731933594,
        8.118520975112915,
        8.076956748962402,
        8.125536680221558,
        8.138449430465698,
        8.134997606277466,
        8.253212690353394,
        8.288471221923828,
        8.267939567565918,
        8.312747716903687,
        8.287670612335205,
        8.280507802963257,
        8.214682579040527,
        8.331914186477661,
        8.37836217880249,
        8.435665369033813,
        8.382914543151855,
        8.357482194900513,
        8.27537727355957,
        8.288185119628906,
        8.347277641296387,
        8.264904975891113,
        8.206312894821167,
        8.275811672210693,
        8.128225326538086,
        8.315410614013672,
        8.20705270767212,
        8.241633653640747,
        8.3345627784729,
        8.29832410812378,
        8.337529420852661,
        7.998234510421753,
        8.114300012588501,
        8.114052772521973,
        8.008499145507812,
        8.096454858779907,
        8.086407899856567,
        8.083414077758789,
        8.201615571975708,
        8.076953411102295,
        8.207234859466553,
        8.141108989715576,
        8.286978721618652,
        8.24763298034668,
        8.233518123626709,
        8.279475450515747,
        8.238757371902466,
        8.187885284423828,
        8.279330492019653,
        8.323813438415527,
        8.25835371017456,
        8.351679801940918,
        8.274784564971924,
        8.070164918899536,
        8.161930799484253,
        8.2080979347229,
        8.167747020721436,
        8.238591194152832,
        8.228704452514648,
        8.16799259185791,
        8.202730417251587,
        8.151454210281372,
        8.18993854522705,
        7.95330023765564,
        7.955527305603027,
        7.941920757293701,
        7.920467138290405,
        7.982282638549805,
        7.97098445892334,
        7.925249099731445,
        7.93547248840332,
        8.08730173110962,
        8.057102680206299,
        8.07501482963562,
        8.084865093231201,
        8.073351860046387,
        8.135622262954712,
        8.147536754608154,
        8.065184831619263,
        8.138662338256836,
        8.091416358947754,
        8.158416748046875,
        8.19690465927124,
        8.167406797409058,
        8.168338060379028,
        8.108323335647583,
        8.113858699798584,
        8.076613187789917,
        8.097858190536499,
        8.10912299156189,
        8.112302780151367,
        8.078592538833618,
        8.120662450790405,
        8.207413911819458,
        8.103237867355347,
        7.89111852645874,
        8.051698207855225,
        7.936479806900024,
        7.906703472137451,
        7.897550106048584,
        7.957314729690552,
        7.900336503982544,
        7.936665773391724,
        7.914652347564697,
        7.91096305847168,
        7.977406978607178,
        8.056798458099365,
        7.990038871765137,
        8.101890087127686,
        8.010772943496704,
