{
  "timestamp": "20260427_091006",
  "config": {
    "model_size": "1.3B",
    "batch_size": 2,
    "gradient_accumulation": 8,
    "max_steps": 500,
    "max_seq_len": 1024,
    "learning_rate": 0.0006,
    "Kx": 1,
    "Ku": 1,
    "Kv": 1
  },
  "results": {
    "DDP": {
      "final_loss": 8.17080307006836,
      "avg_loss": 8.19375545501709,
      "total_time_seconds": 1357.5831530094147,
      "tokens_per_second_per_gpu": 6034.252842516815,
      "tokens_per_second_cluster": 18102.758527550446,
      "peak_memory_gb": 14.660929536,
      "mfu": 0.06288954555538788,
      "gpu_name": "NVIDIA H100 NVL",
      "sync_counts": {
        "all": 500
      },
      "losses": [
        11.160633087158203,
        10.985954284667969,
        10.561960220336914,
        10.130376815795898,
        9.732402801513672,
        9.75969123840332,
        9.174734115600586,
        9.385940551757812,
        9.311347961425781,
        9.363229751586914,
        9.628400802612305,
        9.209783554077148,
        9.038127899169922,
        8.970701217651367,
        8.853065490722656,
        8.846334457397461,
        9.022100448608398,
        8.647369384765625,
        8.949617385864258,
        8.733144760131836,
        8.857219696044922,
        8.610807418823242,
        8.615655899047852,
        8.76266098022461,
        8.781242370605469,
        8.751241683959961,
        8.623161315917969,
        8.717914581298828,
        8.713079452514648,
        8.594629287719727,
        8.641914367675781,
        8.514181137084961,
        8.615730285644531,
        8.476961135864258,
        8.622518539428711,
        8.725597381591797,
        8.660673141479492,
        8.44706916809082,
        8.520830154418945,
        8.450105667114258,
        8.490577697753906,
        8.447494506835938,
        8.48980712890625,
        8.375415802001953,
        8.59185791015625,
        8.484560012817383,
        8.463096618652344,
        8.372726440429688,
        8.614934921264648,
        8.450628280639648,
        8.48486328125,
        8.617429733276367,
        8.410932540893555,
        8.376527786254883,
        8.449851989746094,
        8.536121368408203,
        8.527921676635742,
        8.34841537475586,
        8.369800567626953,
        8.378908157348633,
        8.293212890625,
        8.475116729736328,
        8.362224578857422,
        8.461235046386719,
        8.407583236694336,
        8.42966079711914,
        8.433366775512695,
        8.28384017944336,
        8.498489379882812,
        8.447378158569336,
        8.460391998291016,
        8.349048614501953,
        8.480207443237305,
        8.373441696166992,
        8.454862594604492,
        8.343362808227539,
        8.414485931396484,
        8.308023452758789,
        8.370298385620117,
        8.252449035644531,
        8.330194473266602,
        8.421728134155273,
        8.360523223876953,
        8.512537002563477,
        8.33149528503418,
        8.287565231323242,
        8.36082649230957,
        8.229263305664062,
        8.345672607421875,
        8.383565902709961,
        8.382049560546875,
        8.389381408691406,
        8.322080612182617,
        8.285491943359375,
        8.286596298217773,
        8.338611602783203,
        8.388288497924805,
        8.289693832397461,
        8.364131927490234,
        8.343685150146484,
        8.272638320922852,
        8.418964385986328,
        8.281496047973633,
        8.324813842773438,
        8.180398941040039,
        8.343801498413086,
        8.238903045654297,
        8.317916870117188,
        8.30445671081543,
        8.247760772705078,
        8.359844207763672,
        8.307161331176758,
        8.277772903442383,
        8.269153594970703,
        8.378740310668945,
        8.33493423461914,
        8.174476623535156,
        8.351083755493164,
        8.343711853027344,
        8.378519058227539,
        8.360599517822266,
        8.418371200561523,
        8.246110916137695,
        8.247049331665039,
        8.327926635742188,
        8.23660659790039,
        8.261312484741211,
        8.380834579467773,
        8.390483856201172,
        8.242494583129883,
        8.388458251953125,
        8.277242660522461,
        8.271671295166016,
        8.231061935424805,
        8.238664627075195,
        8.33891487121582,
        8.400358200073242,
        8.23135757446289,
        8.22995376586914,
        8.33380126953125,
        8.298887252807617,
        8.285371780395508,
        8.356502532958984,
        8.325977325439453,
        8.21337890625,
        8.217737197875977,
        8.397371292114258,
        8.323389053344727,
        8.260919570922852,
        8.149282455444336,
        10.277381896972656,
        8.364181518554688,
        8.359947204589844,
        8.287046432495117,
        8.246540069580078,
        8.245498657226562,
        8.376937866210938,
        8.259044647216797,
        8.244699478149414,
        8.33525276184082,
        8.251253128051758,
        8.36844253540039,
        8.227304458618164,
        8.198516845703125,
        8.280984878540039,
        8.234416961669922,
        8.243356704711914,
        8.404228210449219,
        8.40850830078125,
        8.348169326782227,
        8.277517318725586,
        8.245311737060547,
        8.269176483154297,
        8.120616912841797,
        8.300285339355469,
        8.27800178527832,
        8.372383117675781,
        8.419248580932617,
        8.335685729980469,
        8.29989242553711,
        8.269462585449219,
        8.291921615600586,
        8.239673614501953,
        8.301149368286133,
        8.217327117919922,
        8.153675079345703,
        8.408653259277344,
        8.214609146118164,
        8.355905532836914,
        8.345802307128906,
        8.252691268920898,
        8.307332992553711,
        8.162971496582031,
        8.332098007202148,
        8.401735305786133,
        8.067716598510742,
        8.314994812011719,
        8.343721389770508,
        8.173965454101562,
        8.20418930053711,
        8.258928298950195,
        8.276975631713867,
        8.268516540527344,
        8.371925354003906,
        8.332548141479492,
        8.395349502563477,
        8.31982421875,
        8.29100227355957,
        8.240840911865234,
        8.249259948730469,
        8.348228454589844,
        8.281999588012695,
        8.379405975341797,
        8.36574935913086,
        8.159944534301758,
        8.246633529663086,
        8.427705764770508,
        8.170530319213867,
        8.258966445922852,
        8.39222526550293,
        8.263408660888672,
        8.255107879638672,
        8.331350326538086,
        8.265237808227539,
        8.225034713745117,
        8.271764755249023,
        8.287824630737305,
        8.201333999633789,
        8.320133209228516,
        8.238975524902344,
        8.270318984985352,
        8.20703125,
        8.31199836730957,
        8.277307510375977,
        8.188760757446289,
        8.274303436279297,
        8.26687240600586,
        8.236015319824219,
        8.194581985473633,
        8.266284942626953,
        8.290472030639648,
        8.298410415649414,
        8.237167358398438,
        8.280771255493164,
        8.270383834838867,
        8.187883377075195,
        8.262701034545898,
        8.196283340454102,
        8.205854415893555,
        8.230161666870117,
        8.15445327758789,
        8.262598037719727,
        8.258190155029297,
        8.251440048217773,
        8.23541259765625,
        8.254106521606445,
        8.248125076293945,
        8.350545883178711,
        8.179431915283203,
        8.22474479675293,
        8.229114532470703,
        8.196243286132812,
        8.107721328735352,
        8.329967498779297,
        8.169462203979492,
        8.191574096679688,
        8.326623916625977,
        8.29262924194336,
        8.152044296264648,
        8.230804443359375,
        8.213706970214844,
        8.280027389526367,
