{
  "timestamp": "20260424_091512",
  "config": {
    "model_size": "700M",
    "batch_size": 4,
    "gradient_accumulation": 4,
    "max_steps": 500,
    "max_seq_len": 1024,
    "learning_rate": 0.0006,
    "Kx": 1,
    "Ku": 1,
    "Kv": 1
  },
  "results": {
    "DDP": {
      "final_loss": 8.004832744598389,
      "avg_loss": 8.0501850938797,
      "total_time_seconds": 886.7397358417511,
      "tokens_per_second_per_gpu": 9238.336423734998,
      "tokens_per_second_cluster": 27715.009271204995,
      "peak_memory_gb": 26.510022144,
      "mfu": 0.05672157903372114,
      "gpu_name": "NVIDIA H100 NVL",
      "sync_counts": {
        "all": 500
      },
      "losses": [
        11.067792892456055,
        10.893364429473877,
        10.636675834655762,
        10.272712230682373,
        9.925758361816406,
        9.661335706710815,
        9.23648476600647,
        9.204350233078003,
        9.187557220458984,
        9.283069133758545,
        8.797008991241455,
        8.859824657440186,
        8.875107288360596,
        15.592239379882812,
        8.673388957977295,
        8.794305801391602,
        8.800941228866577,
        8.588895559310913,
        8.778009414672852,
        8.478431940078735,
        8.682987213134766,
        8.488279342651367,
        8.405298709869385,
        8.597464799880981,
        8.520106077194214,
        8.63750672340393,
        8.449681997299194,
        8.502062797546387,
        8.536948919296265,
        8.439146518707275,
        8.510326385498047,
        8.356759786605835,
        8.409728527069092,
        8.344618082046509,
        8.480766773223877,
        8.558308839797974,
        8.479158878326416,
        8.290646314620972,
        8.391897916793823,
        8.324236631393433,
        8.391681432723999,
        8.327975273132324,
        8.358344554901123,
        8.194593906402588,
        8.481338500976562,
        8.353554964065552,
        8.319443225860596,
        8.262736082077026,
        8.4614896774292,
        8.337681770324707,
        8.406835556030273,
        8.462128639221191,
        8.268753290176392,
        8.242290735244751,
        8.292733907699585,
        8.46887469291687,
        8.41221284866333,
        8.308612823486328,
        8.283990383148193,
        8.238476514816284,
        8.15693974494934,
        8.387834787368774,
        8.259291887283325,
        8.401315927505493,
        8.328307151794434,
        8.351341009140015,
        8.34166145324707,
        8.18250560760498,
        8.375150918960571,
        8.346044063568115,
        8.3492112159729,
        8.286274671554565,
        8.401552200317383,
        8.275367259979248,
        8.36934232711792,
        8.24212646484375,
        8.343281030654907,
        8.257254123687744,
        8.312662601470947,
        8.177528858184814,
        8.245627880096436,
        8.335024118423462,
        8.279419660568237,
        8.467644929885864,
        8.272459506988525,
        8.22397232055664,
        8.301958084106445,
        8.174747943878174,
        8.25482726097107,
        8.305982828140259,
        8.326220989227295,
        8.2970290184021,
        8.231312036514282,
        8.223542928695679,
        8.23125171661377,
        8.290623188018799,
        8.318552255630493,
        8.231559991836548,
        8.317840814590454,
        8.279591083526611,
        8.23329210281372,
        8.337050437927246,
        8.236875772476196,
        8.28011155128479,
        8.135193109512329,
        8.272356033325195,
        8.170896768569946,
        8.259891510009766,
        8.262532234191895,
        8.200501680374146,
        8.307381868362427,
        8.269014596939087,
        8.22860836982727,
        8.219883680343628,
        8.352701663970947,
        8.292214393615723,
        8.14869737625122,
        8.284011840820312,
        8.290942907333374,
        8.313348531723022,
        8.301109075546265,
        8.33191466331482,
        8.202886819839478,
        8.19185996055603,
        8.25638747215271,
        8.222652435302734,
        8.213707685470581,
        8.303784132003784,
        8.316396713256836,
        8.145840406417847,
        8.33265233039856,
        8.260276079177856,
        8.224098920822144,
        8.184478044509888,
        8.193684816360474,
        8.272754430770874,
        8.359281778335571,
        8.185516119003296,
        8.187434196472168,
        8.30108118057251,
        8.249777555465698,
        8.263574600219727,
        8.300124406814575,
        8.281645774841309,
        8.165251731872559,
        8.182334661483765,
        8.340982675552368,
        8.259428024291992,
        8.217462301254272,
        8.11650800704956,
        8.223310232162476,
        8.313526391983032,
        8.252339601516724,
        8.233088493347168,
        8.162414312362671,
        8.201312065124512,
        8.300380229949951,
        8.230647087097168,
        8.201018810272217,
        8.2865469455719,
        8.205362319946289,
        8.307647466659546,
        8.189223527908325,
        8.142141819000244,
        8.220305919647217,
        8.203045845031738,
        8.21021318435669,
        8.342523574829102,
        8.327181339263916,
        8.303608417510986,
        8.248446464538574,
        8.150166273117065,
        8.197756290435791,
        8.082481861114502,
        8.258927822113037,
        8.236703634262085,
        8.30518126487732,
        8.381058931350708,
        8.304702758789062,
        8.265960693359375,
        8.217033624649048,
        8.249843835830688,
        8.205965042114258,
        8.208417892456055,
        8.174073457717896,
        8.126321077346802,
        8.356124877929688,
        8.201231956481934,
        8.310330152511597,
        8.2793288230896,
        8.198258638381958,
        8.223406791687012,
        8.158941268920898,
        8.250905752182007,
        8.334251165390015,
        8.06588864326477,
        8.25205397605896,
        8.251545667648315,
        8.139503479003906,
        8.176460981369019,
        8.224826574325562,
        8.224469900131226,
        8.197510480880737,
        8.316864728927612,
        8.296205282211304,
        8.351823329925537,
        8.296699523925781,
        8.227338075637817,
        8.217355966567993,
        8.226974487304688,
        8.272728443145752,
        8.24447774887085,
        8.349252462387085,
        8.279937982559204,
        8.111218690872192,
        8.187010765075684,
        8.358689785003662,
        8.130079507827759,
        8.21224331855774,
        8.333872556686401,
        8.228932857513428,
        8.2086763381958,
        8.297481298446655,
        8.211871147155762,
        8.174993515014648,
        8.212895631790161,
        8.219772338867188,
        8.155668497085571,
        8.27913498878479,
        8.196011781692505,
        8.225467443466187,
        8.160853624343872,
        8.274166584014893,
        8.2342209815979,
        8.148199558258057,
        8.233804702758789,
        8.213762283325195,
        8.196181535720825,
        8.15344500541687,
        8.22485637664795,
        8.244003295898438,
        8.22637677192688,
        8.193992614746094,
        8.236306428909302,
        8.213355779647827,
        8.160890579223633,
        8.219195365905762,
        8.15589690208435,
        8.175111770629883,
        8.194952726364136,
        8.111137390136719,
        8.234683275222778,
        8.210922956466675,
        8.208836555480957,
        8.185462951660156,
        8.213287353515625,
        8.183738946914673,
        8.270182847976685,
        8.130260705947876,
        8.176690578460693,
        8.189387559890747,
        8.16575312614441,
        8.063369512557983,
        8.272273302078247,
        8.12732481956482,
        8.148766279220581,
        8.308279037475586,
        8.234830617904663,
        8.092315196990967,
        8.198364019393921,
        8.181205987930298,
        8.242899656295776,
