{
  "timestamp": "20260429_034209",
  "config": {
    "model_size": "125M",
    "batch_size": 4,
    "gradient_accumulation": 4,
    "max_steps": 50,
    "max_seq_len": 1024,
    "learning_rate": 0.0006,
    "Kx": 32,
    "Ku": 96,
    "Kv": 192
  },
  "results": {
    "DESLOC": {
      "final_loss": 8.270341873168945,
      "avg_loss": 9.16866153717041,
      "total_time_seconds": 160.19516396522522,
      "tokens_per_second_per_gpu": 5113.762361626784,
      "tokens_per_second_cluster": 15341.28708488035,
      "peak_memory_gb": 6.652639232,
      "mfu": 0.005047075004231276,
      "gpu_name": "NVIDIA H100 NVL",
      "sync_counts": {
        "x": 19,
        "u": 0,
        "v": 19
      },
      "losses": [
        11.000591278076172,
        10.859569549560547,
        10.766181945800781,
        10.658672332763672,
        10.584270477294922,
        10.506439208984375,
        10.347412109375,
        10.20351791381836,
        10.127437591552734,
        9.868911743164062,
        9.91152572631836,
        9.746685028076172,
        9.490211486816406,
        9.608802795410156,
        9.410385131835938,
        9.283960342407227,
        9.360210418701172,
        9.228116989135742,
        9.078258514404297,
        9.172956466674805,
        9.140596389770508,
        8.924455642700195,
        8.796401977539062,
        8.792171478271484,
        8.769830703735352,
        8.784446716308594,
        8.762443542480469,
        8.791948318481445,
        8.76528549194336,
        8.601356506347656,
        8.651697158813477,
        8.767641067504883,
        8.602628707885742,
        8.572093963623047,
        8.686264038085938,
        8.51011848449707,
        8.532960891723633,
        8.494470596313477,
        9.96060562133789,
        8.475496292114258,
        8.362150192260742,
        8.535707473754883,
        8.36589241027832,
        8.467973709106445,
        8.632347106933594,
        8.414287567138672,
        8.322977066040039,
        8.230731964111328,
        8.233636856079102,
        8.270341873168945
      ]
    }
  }
}