{
  "timestamp": "20260424_080609",
  "config": {
    "model_size": "700M",
    "batch_size": 4,
    "gradient_accumulation": 4,
    "max_steps": 500,
    "max_seq_len": 1024,
    "learning_rate": 0.0006,
    "Kx": 32,
    "Ku": 96,
    "Kv": 192
  },
  "results": {
    "DESLOC": {
      "final_loss": 8.146472215652466,
      "avg_loss": 8.165985431671142,
      "total_time_seconds": 677.7066261768341,
      "tokens_per_second_per_gpu": 12087.826330124239,
      "tokens_per_second_cluster": 36263.478990372714,
      "peak_memory_gb": 23.413277184,
      "mfu": 0.07421688982536938,
      "gpu_name": "NVIDIA H100 NVL",
      "sync_counts": {
        "x": 47,
        "u": 5,
        "v": 47
      },
      "losses": [
        11.075492858886719,
        10.862352848052979,
        10.720357418060303,
        10.551814079284668,
        10.374104976654053,
        10.324661254882812,
        9.963899612426758,
        9.838354587554932,
        9.751149654388428,
        9.610666036605835,
        9.35503077507019,
        9.278907299041748,
        9.137301445007324,
        9.078006505966187,
        8.995081424713135,
        8.923997163772583,
        8.923901796340942,
        8.816871643066406,
        8.799250841140747,
        8.604868173599243,
        8.735601902008057,
        8.645604133605957,
        8.498541355133057,
        8.721469163894653,
        8.54651403427124,
        8.563504695892334,
        10.911726713180542,
        8.462923765182495,
        8.530407667160034,
        8.534649133682251,
        8.523763656616211,
        8.421930313110352,
        9.408344268798828,
        8.42759919166565,
        8.510792255401611,
        8.597851753234863,
        8.49143099784851,
        8.436227560043335,
        8.4913330078125,
        8.41749620437622,
        8.463515996932983,
        8.37689733505249,
        8.369089126586914,
        8.235889673233032,
        8.535163164138794,
        8.398075580596924,
        8.328886985778809,
        8.22867226600647,
        8.416122436523438,
        8.302486181259155,
        8.329289436340332,
        8.370714902877808,
        8.257514715194702,
        8.194421768188477,
        8.246327638626099,
        8.517592191696167,
        8.370195865631104,
        8.23712682723999,
        8.212047576904297,
        8.197254657745361,
        8.148972511291504,
        8.329910516738892,
        8.234997510910034,
        8.364502429962158,
        8.27154278755188,
        8.3088538646698,
        8.26900839805603,
        8.174497365951538,
        8.277273893356323,
        8.23261547088623,
        8.257997512817383,
        8.281469345092773,
        8.320907354354858,
        8.186025142669678,
        8.377918481826782,
        8.201243877410889,
        8.251236915588379,
        8.182531118392944,
        8.257450342178345,
        12.399723052978516,
        8.16067123413086,
        8.288985967636108,
        8.229009866714478,
        8.42266321182251,
        8.197684288024902,
        8.188185930252075,
        8.26432204246521,
        8.149310827255249,
        8.143288373947144,
        8.263761281967163,
        8.22791576385498,
        8.210468769073486,
        8.199313163757324,
        8.08680272102356,
        8.135016202926636,
        8.156464576721191,
        8.211073875427246,
        8.1576087474823,
        8.243231058120728,
        8.200096368789673,
        8.26377558708191,
        8.38373875617981,
        8.457914113998413,
        8.438055992126465,
        8.2647385597229,
        8.449101209640503,
        8.36995530128479,
        8.476171970367432,
        8.468547582626343,
        8.37501311302185,
        8.426943063735962,
        8.491932392120361,
        8.405786752700806,
        8.463677644729614,
        8.563212871551514,
        8.49703598022461,
        8.392497062683105,
        8.4341139793396,
        8.401062250137329,
        8.57139539718628,
        8.471200704574585,
        8.557334184646606,
        8.523335456848145,
        8.4220712184906,
        8.526352167129517,
        8.345838785171509,
        8.516344785690308,
        8.548106670379639,
        8.378299236297607,
        8.149988174438477,
        8.4025559425354,
        8.280352592468262,
        8.21623945236206,
        8.283047914505005,
        8.287204027175903,
        8.396097183227539,
        8.515559673309326,
        8.327117204666138,
        8.443435430526733,
        8.547892093658447,
        8.514570713043213,
        8.498871326446533,
        8.670913934707642,
        8.501079320907593,
        8.431232690811157,
        8.507269144058228,
        8.609946727752686,
        8.55104660987854,
        8.3738272190094,
        8.376574039459229,
        8.420229434967041,
        8.492860794067383,
        8.512551069259644,
        8.437300443649292,
        8.317327976226807,
        8.369387149810791,
        8.44886302947998,
        8.477051973342896,
        8.368121862411499,
        8.497270345687866,
        8.175572872161865,
        8.32065749168396,
        8.182368516921997,
        8.157279014587402,
        8.219354629516602,
        8.238997459411621,
        8.28669810295105,
        8.426402807235718,
        8.451291799545288,
        8.386122941970825,
        8.386954307556152,
        8.341869592666626,
        8.934061527252197,
        8.311269283294678,
        8.471896171569824,
        8.485125064849854,
        8.527849674224854,
        8.473657131195068,
        8.450745105743408,
        8.481715202331543,
        8.36841893196106,
        8.474484205245972,
        8.395602703094482,
        8.370195150375366,
        8.367427587509155,
        8.257036209106445,
        8.46317982673645,
        8.327301263809204,
        8.387660503387451,
        8.48553729057312,
        8.424527406692505,
        8.453206539154053,
        8.135987520217896,
        8.255715370178223,
        8.34164834022522,
        8.09095287322998,
        8.247881889343262,
        8.272153615951538,
        8.211119174957275,
        8.247388124465942,
        8.262691736221313,
        8.3652925491333,
        8.302834033966064,
        8.438726663589478,
        8.475160837173462,
        8.520986795425415,
        8.441244840621948,
        8.426173210144043,
        8.323086261749268,
        8.430708885192871,
        8.454959869384766,
        8.469931364059448,
        8.536344528198242,
        8.459656238555908,
        8.270008563995361,
        8.310201644897461,
        8.46241283416748,
        8.347630500793457,
        8.37213397026062,
        8.486128330230713,
        8.362370491027832,
        8.424990177154541,
        8.403961896896362,
        8.367675065994263,
        8.174869537353516,
        8.202925205230713,
        8.228108882904053,
        8.161066055297852,
        8.305474996566772,
        8.204087018966675,
        8.251035213470459,
        8.156513452529907,
        8.347735404968262,
        8.301204919815063,
        8.274894952774048,
        8.35663628578186,
        8.295495748519897,
        8.329686403274536,
        8.31338906288147,
        8.336240291595459,
        8.343981981277466,
        8.351516008377075,
        8.332746267318726,
        8.392749071121216,
        8.330173969268799,
        8.327068567276001,
        8.321861982345581,
        8.23443055152893,
        8.263821125030518,
        8.270347833633423,
        8.234882593154907,
        8.352399349212646,
        8.316554307937622,
        8.328860998153687,
        8.323251962661743,
        8.28795051574707,
        8.179990768432617,
        8.293707132339478,
        8.165539979934692,
        8.161359786987305,
        8.177645206451416,
        8.216501712799072,
        8.082231283187866,
        8.251574277877808,
        8.152887344360352,
        8.167830467224121,
        8.335076570510864,
        8.315220355987549,
        8.1783766746521,
        8.292571067810059,
        8.248783588409424,
