{
  "timestamp": "20260427_084614",
  "config": {
    "model_size": "125M",
    "batch_size": 4,
    "gradient_accumulation": 1,
    "max_steps": 10,
    "max_seq_len": 1024,
    "learning_rate": 0.0006,
    "Kx": 1,
    "Ku": 1,
    "Kv": 1
  },
  "results": {
    "DDP": {
      "final_loss": 9.454544067382812,
      "avg_loss": 10.395674133300782,
      "total_time_seconds": 1.495849847793579,
      "tokens_per_second_per_gpu": 27382.42749458922,
      "tokens_per_second_cluster": 82147.28248376766,
      "peak_memory_gb": 6.168989696,
      "mfu": 0.027025339777257875,
      "gpu_name": "NVIDIA H100 NVL",
      "sync_counts": {
        "all": 10
      },
      "losses": [
        10.938888549804688,
        10.843887329101562,
        10.890380859375,
        10.748138427734375,
        10.502517700195312,
        10.482635498046875,
        10.288352966308594,
        9.799484252929688,
        10.007911682128906,
        9.454544067382812
      ]
    }
  }
}