{
  "timestamp": "20260429_095503",
  "config": {
    "model_size": "7B",
    "batch_size": 1,
    "gradient_accumulation": 8,
    "max_steps": 200,
    "max_seq_len": 2048,
    "learning_rate": 0.0006,
    "Kx": 32,
    "Ku": 96,
    "Kv": 192
  },
  "results": {
    "DESLOC": {
      "final_loss": 8.616748809814453,
      "avg_loss": 8.691804294586182,
      "total_time_seconds": 2494.6600394248962,
      "tokens_per_second_per_gpu": 1313.525670117125,
      "tokens_per_second_cluster": 3940.577010351375,
      "peak_memory_gb": 28.518426624,
      "mfu": 0.06940028206699904,
      "gpu_name": "NVIDIA H100 NVL",
      "sync_counts": {
        "x": 38,
        "u": 2,
        "v": 38
      },
      "losses": [
        11.637310028076172,
        11.00632095336914,
        10.966253280639648,
        10.464521408081055,
        10.145025253295898,
        10.224367141723633,
        9.838348388671875,
        10.190866470336914,
        10.145101547241211,
        9.584712982177734,
        9.61604118347168,
        9.494062423706055,
        9.248836517333984,
        9.19851303100586,
        9.361059188842773,
        8.844291687011719,
        8.815069198608398,
        9.583778381347656,
        9.177978515625,
        9.11471939086914,
        9.36754035949707,
        8.886844635009766,
        8.882186889648438,
        8.891660690307617,
        8.929271697998047,
        8.885871887207031,
        8.609062194824219,
        8.72804069519043,
        8.601541519165039,
        9.062171936035156,
        8.716588973999023,
        8.563919067382812,
        8.958694458007812,
        8.623725891113281,
        8.659297943115234,
        8.833076477050781,
        8.460836410522461,
        8.890460968017578,
        8.690767288208008,
        8.512115478515625,
        8.795015335083008,
        8.782356262207031,
        8.556489944458008,
        8.313220977783203,
        8.516593933105469,
        8.455928802490234,
        8.502548217773438,
        8.319099426269531,
        8.414512634277344,
        8.397720336914062,
        8.421175003051758,
        8.372713088989258,
        8.324697494506836,
        8.535860061645508,
        8.231945037841797,
        8.677751541137695,
        8.491569519042969,
        8.292051315307617,
        8.252237319946289,
        8.379142761230469,
        8.332862854003906,
        8.37834358215332,
        8.449104309082031,
        8.337926864624023,
        8.343278884887695,
        8.52464485168457,
        8.434682846069336,
        8.565628051757812,
        8.393583297729492,
        8.296529769897461,
        8.433828353881836,
        8.39560317993164,
        8.319467544555664,
        8.238920211791992,
        8.602344512939453,
        8.183500289916992,
        8.635623931884766,
        8.576202392578125,
        8.171567916870117,
        8.463798522949219,
        8.579315185546875,
        8.717906951904297,
        8.428268432617188,
        8.319509506225586,
        8.559616088867188,
        8.58926010131836,
        8.216873168945312,
        8.254945755004883,
        8.234867095947266,
        8.481439590454102,
        8.198646545410156,
        8.131587982177734,
        8.282833099365234,
        8.41854476928711,
        8.789430618286133,
        8.517175674438477,
        8.13943099975586,
        8.326883316040039,
        8.466581344604492,
        8.740562438964844,
        8.630613327026367,
        8.614076614379883,
        8.95184326171875,
        8.618038177490234,
        8.774349212646484,
        8.737127304077148,
        9.039016723632812,
        8.931146621704102,
        8.575439453125,
        8.987125396728516,
        9.282915115356445,
        9.040725708007812,
        8.802183151245117,
        8.969148635864258,
        9.076148986816406,
        8.809619903564453,
        8.790182113647461,
        9.08596420288086,
        8.860675811767578,
        8.800432205200195,
        8.922992706298828,
        10.751728057861328,
        9.074239730834961,
        9.002960205078125,
        9.0140380859375,
        8.889720916748047,
        9.000335693359375,
        9.074878692626953,
        8.315797805786133,
        8.476078033447266,
        8.465555191040039,
        8.364156723022461,
        8.763309478759766,
        8.595266342163086,
        8.637397766113281,
        8.701393127441406,
        8.889400482177734,
        8.583335876464844,
        8.901445388793945,
        8.454486846923828,
        8.522821426391602,
        8.576591491699219,
        8.694282531738281,
        8.596317291259766,
        8.59868049621582,
        8.619243621826172,
        8.768535614013672,
        8.743040084838867,
        8.583625793457031,
        8.72974967956543,
        8.720046997070312,
        8.996355056762695,
        8.748437881469727,
        8.609390258789062,
        8.863906860351562,
        8.664007186889648,
        8.591707229614258,
        8.758975982666016,
        8.912881851196289,
        8.824485778808594,
        8.406604766845703,
        8.475805282592773,
        8.234151840209961,
        8.274404525756836,
        8.296886444091797,
        8.360218048095703,
        8.523477554321289,
        8.473169326782227,
        8.492971420288086,
        8.755754470825195,
        8.57956314086914,
        8.530670166015625,
        8.610366821289062,
        8.80183219909668,
        8.681171417236328,
        8.477645874023438,
        8.589151382446289,
        8.55864143371582,
        8.698009490966797,
        8.396612167358398,
        8.696504592895508,
        8.606246948242188,
        8.596742630004883,
        8.813318252563477,
        8.423852920532227,
        8.695348739624023,
        8.631834030151367,
        8.786006927490234,
        8.699457168579102,
        8.660078048706055,
        8.595367431640625,
        8.653280258178711,
        8.251874923706055,
        8.31734848022461,
        8.24083137512207,
        8.177785873413086,
        8.323709487915039,
        8.365091323852539,
        8.433521270751953,
        8.616748809814453
      ]
    }
  }
}