{
  "timestamp": "20260424_215444",
  "config": {
    "model_size": "7B",
    "batch_size": 1,
    "gradient_accumulation": 16,
    "max_steps": 200,
    "max_seq_len": 1024,
    "learning_rate": 0.0006,
    "Kx": 32,
    "Ku": 32,
    "Kv": 32
  },
  "results": {
    "LocalAdam": {
      "final_loss": 8.365169525146484,
      "avg_loss": 8.43430679321289,
      "total_time_seconds": 1390.2839760780334,
      "tokens_per_second_per_gpu": 2356.9285530023835,
      "tokens_per_second_cluster": 4713.857106004767,
      "peak_memory_gb": 80.007522816,
      "mfu": 0.6357047559629542,
      "gpu_name": "NVIDIA H20",
      "sync_counts": {
        "all": 38
      },
      "losses": [
        11.602577209472656,
        11.165761947631836,
        10.755373001098633,
        10.593252182006836,
        10.252557754516602,
        10.281925201416016,
        9.99510383605957,
        9.824600219726562,
        10.12928581237793,
        9.999309539794922,
        9.455310821533203,
        9.99441146850586,
        9.747903823852539,
        9.491264343261719,
        9.63223648071289,
        9.3759765625,
        9.285852432250977,
        9.579813003540039,
        9.11113166809082,
        9.305322647094727,
        9.18397331237793,
        9.011528015136719,
        8.973125457763672,
        9.158258438110352,
        9.116741180419922,
        9.003154754638672,
        9.13882827758789,
        9.087020874023438,
        9.215555191040039,
        9.238557815551758,
        9.002691268920898,
        8.952455520629883,
        8.946432113647461,
        8.825033187866211,
        8.950847625732422,
        8.998085021972656,
        9.031045913696289,
        8.928306579589844,
        8.756227493286133,
        9.028938293457031,
        8.71157455444336,
        8.918512344360352,
        8.783348083496094,
        8.971439361572266,
        8.922801971435547,
        8.686538696289062,
        8.671792984008789,
        8.942928314208984,
        8.796478271484375,
        8.698657989501953,
        8.725141525268555,
        8.620986938476562,
        8.789056777954102,
        8.712623596191406,
        8.602664947509766,
        8.897233963012695,
        8.891544342041016,
        8.752752304077148,
        8.557659149169922,
        8.46249008178711,
        8.579341888427734,
        8.520906448364258,
        8.65981674194336,
        8.682802200317383,
        8.633466720581055,
        8.406343460083008,
        8.802940368652344,
        8.476068496704102,
        8.434175491333008,
        8.563074111938477,
        8.621004104614258,
        8.422565460205078,
        8.393062591552734,
        8.522071838378906,
        8.382518768310547,
        8.6370849609375,
        8.491254806518555,
        8.425939559936523,
        8.440914154052734,
        8.363567352294922,
        8.516889572143555,
        8.52379035949707,
        8.350774765014648,
        8.548013687133789,
        8.405248641967773,
        8.402885437011719,
        8.351390838623047,
        8.45899772644043,
        8.456375122070312,
        8.487220764160156,
        8.357048034667969,
        8.36027717590332,
        8.507978439331055,
        8.477664947509766,
        8.366077423095703,
        8.202676773071289,
        8.402673721313477,
        8.496650695800781,
        8.465669631958008,
        8.349300384521484,
        8.441062927246094,
        8.40768051147461,
        8.637575149536133,
        8.451574325561523,
        8.441011428833008,
        8.50019645690918,
        8.591827392578125,
        8.60073471069336,
        8.461036682128906,
        8.526859283447266,
        8.535001754760742,
        8.473299026489258,
        8.645973205566406,
        8.607938766479492,
        8.826213836669922,
        8.483232498168945,
        8.383430480957031,
        8.512395858764648,
        8.943647384643555,
        8.550817489624023,
        8.70994758605957,
        8.685455322265625,
        8.591386795043945,
        8.60784912109375,
        8.603187561035156,
        8.549688339233398,
        8.524202346801758,
        8.286661148071289,
        8.427484512329102,
        8.360525131225586,
        8.268245697021484,
        8.326993942260742,
        8.43777084350586,
        8.359764099121094,
        8.418169021606445,
        8.339357376098633,
        8.338645935058594,
        8.452367782592773,
        8.386014938354492,
        8.329788208007812,
        8.569517135620117,
        8.536201477050781,
        8.382083892822266,
        8.435073852539062,
        8.450029373168945,
        8.374774932861328,
        8.483280181884766,
        8.548112869262695,
        8.358137130737305,
        8.445108413696289,
        8.259546279907227,
        8.377784729003906,
        8.328229904174805,
        8.401468276977539,
        8.596427917480469,
        8.550765991210938,
        8.439146041870117,
        8.484455108642578,
        8.443342208862305,
        8.432498931884766,
        8.23533821105957,
        8.396352767944336,
        8.272199630737305,
        8.350536346435547,
        8.279964447021484,
        8.38052749633789,
        8.35704231262207,
        8.337467193603516,
        8.329959869384766,
        8.421537399291992,
        8.421514511108398,
        8.360065460205078,
        8.464292526245117,
        8.396778106689453,
        8.448894500732422,
        8.43161392211914,
        8.40947151184082,
        8.380176544189453,
        8.346405029296875,
        8.366111755371094,
        8.3529052734375,
        8.411182403564453,
        8.541439056396484,
        8.419807434082031,
        8.359834671020508,
        8.39719009399414,
        8.270769119262695,
        8.411331176757812,
        8.39670181274414,
        8.463508605957031,
        8.510604858398438,
        8.411813735961914,
        8.296865463256836,
        8.186483383178711,
        8.220003128051758,
        8.201107025146484,
        8.414459228515625,
        8.101316452026367,
        8.390937805175781,
        8.365169525146484
      ]
    }
  }
}