{
  "timestamp": "20260423_020631",
  "config": {
    "model_size": "125M",
    "batch_size": 4,
    "gradient_accumulation": 8,
    "max_steps": 500,
    "max_seq_len": 1024,
    "learning_rate": 0.0006,
    "Kx": 32,
    "Ku": 32,
    "Kv": 32
  },
  "results": {
    "LocalAdam": {
      "final_loss": 3.340316951274872,
      "avg_loss": 3.8391971604526045,
      "total_time_seconds": 535.6663703918457,
      "tokens_per_second_per_gpu": 30586.202355796442,
      "tokens_per_second_cluster": 61172.404711592884,
      "peak_memory_gb": 9.862832128,
      "mfu": 0.08547425183452265,
      "gpu_name": "NVIDIA H100 NVL",
      "sync_counts": {
        "all": 47
      },
      "losses": [
        10.944474220275879,
        10.838479042053223,
        10.719303131103516,
        10.458319902420044,
        10.200457096099854,
        9.93139100074768,
        9.686710000038147,
        9.280618786811829,
        9.081345200538635,
        8.94003450870514,
        12.828307271003723,
        8.810418128967285,
        8.728418350219727,
        8.620501041412354,
        8.575271606445312,
        8.599011063575745,
        8.4360511302948,
        9.319377779960632,
        8.419454216957092,
        8.305943131446838,
        8.367496132850647,
        8.40304684638977,
        8.387008547782898,
        8.359692215919495,
        8.38556981086731,
        8.249456763267517,
        8.46313738822937,
        8.241968154907227,
        8.488459587097168,
        8.434354782104492,
        8.38097608089447,
        8.324849843978882,
        8.319982290267944,
        8.241073966026306,
        8.316397428512573,
        8.333914279937744,
        8.306052923202515,
        8.230732917785645,
        8.145387887954712,
        8.157182812690735,
        8.216462850570679,
        8.194984197616577,
        8.217442393302917,
        8.16985309123993,
        8.189606308937073,
        8.195660591125488,
        8.169857025146484,
        8.117566347122192,
        8.208699345588684,
        8.16962206363678,
        8.158769369125366,
        8.238620042800903,
        8.191058874130249,
        8.119638204574585,
        8.076712965965271,
        8.072253704071045,
        8.066031098365784,
        8.175312519073486,
        8.062178373336792,
        8.147457242012024,
        8.07605528831482,
        8.026534676551819,
        8.019467115402222,
        8.021766304969788,
        8.008567690849304,
        8.082394480705261,
        8.016299962997437,
        7.980808854103088,
        7.994080185890198,
        7.967513680458069,
        7.961368203163147,
        7.936306595802307,
        8.0556640625,
        7.9936851263046265,
        7.989645004272461,
        7.898788690567017,
        7.938772439956665,
        7.979068994522095,
        7.904259085655212,
        7.876392126083374,
        7.866565704345703,
        7.8501216173172,
        7.858652949333191,
        7.797671318054199,
        7.830856204032898,
        7.830203294754028,
        7.813801169395447,
        7.776358127593994,
        7.743453860282898,
        7.737294316291809,
        7.816336035728455,
        7.814440965652466,
        7.748462557792664,
        7.72381067276001,
        7.739310026168823,
        7.76057755947113,
        7.800999402999878,
        7.706983208656311,
        7.7419703006744385,
        7.7397847175598145,
        7.734478116035461,
        7.783022999763489,
        7.702087163925171,
        7.711609840393066,
        7.7463250160217285,
        7.730545520782471,
        7.722976446151733,
        7.708178639411926,
        7.678849220275879,
        7.678306460380554,
        7.703154683113098,
        7.668647646903992,
        7.751634836196899,
        7.684549570083618,
        7.691902756690979,
        7.7293514013290405,
        7.65846049785614,
        7.709515929222107,
        7.698898196220398,
        7.6601927280426025,
        7.694783449172974,
        7.692927360534668,
        7.652072310447693,
        7.595702767372131,
        7.668867230415344,
        7.6490232944488525,
        7.651111960411072,
        7.558817982673645,
        7.620058059692383,
        7.611859321594238,
        7.538353800773621,
        7.514406442642212,
        7.49737823009491,
        7.526804208755493,
        7.609537601470947,
        7.53373920917511,
        7.469862699508667,
        7.517524600028992,
        7.478197932243347,
        7.539417147636414,
        7.4640953540802,
        7.543188452720642,
        7.55685555934906,
        7.497084617614746,
        7.520272254943848,
        7.47053861618042,
        7.502588868141174,
        7.528259873390198,
        7.396216809749603,
        7.423974871635437,
        7.475150167942047,
        7.455836176872253,
        7.4755483865737915,
        7.476918816566467,
        7.453116476535797,
        7.407149374485016,
        7.445288836956024,
        7.450973987579346,
        7.381626188755035,
        7.423863410949707,
        7.306099057197571,
        7.382891952991486,
        7.292401671409607,
        7.344190537929535,
        7.278621196746826,
        7.332086801528931,
        7.322240471839905,
        7.224242627620697,
        7.3280118107795715,
        7.3178441524505615,
        7.083116888999939,
        7.140447616577148,
        7.091620206832886,
        7.201951742172241,
        7.261362612247467,
        7.259987711906433,
        7.144955813884735,
        7.091459631919861,
        7.122047543525696,
        7.145999789237976,
        7.1992411613464355,
        7.130046308040619,
        7.1076008677482605,
        7.0417415499687195,
        6.955445110797882,
        7.125320136547089,
        6.916898787021637,
        6.848382413387299,
        7.066980600357056,
        6.922933280467987,
        6.813548982143402,
        6.8825724720954895,
        6.840187072753906,
        6.940892159938812,
        6.751292526721954,
        6.878310918807983,
        6.849958002567291,
        6.871386170387268,
        6.638258218765259,
        6.979781687259674,
        6.729544639587402,
        6.69196081161499,
        6.669243514537811,
        6.418473124504089,
        6.716685056686401,
        6.546620428562164,
        6.659835577011108,
        6.7449047565460205,
        6.731329917907715,
        6.6979488134384155,
        6.492288887500763,
        6.331656813621521,
        6.601022243499756,
        6.500694036483765,
        6.790969610214233,
        5.756380915641785,
        6.661288321018219,
        6.383680760860443,
        6.608816683292389,
        6.295375108718872,
        6.536197006702423,
        6.421469986438751,
        6.531405866146088,
        6.447240352630615,
        5.950007736682892,
        6.257283329963684,
        6.1405850648880005,
        6.22590696811676,
        6.634265840053558,
        6.226016402244568,
        5.425727486610413,
        6.140271842479706,
        6.236207187175751,
        5.698565721511841,
        5.99797248840332,
        6.102296888828278,
        6.378461599349976,
        6.1904667019844055,
        6.028080463409424,
        6.0410051345825195,
        6.021037817001343,
        6.0216429233551025,
        6.146653890609741,
        5.837981164455414,
        5.88922917842865,
        6.066591918468475,
        6.076336711645126,
        5.843100607395172,
        5.711561679840088,
        5.607410371303558,
        5.6532347202301025,
        5.571195602416992,
        6.37703412771225,
        6.299400866031647,
        5.921195209026337,
        5.863088965415955,
        6.201108336448669,
        5.5376914739608765,
        5.069377183914185,
        5.886613607406616,
        5.195406079292297,
        5.908568799495697,
        5.861710548400879,
        5.74529755115509,
        5.452758848667145,
        5.9282137751579285,
        5.87614381313324,
        5.349958658218384,
        6.037724077701569,
        6.197465777397156,
