{
  "timestamp": "20260429_082857",
  "config": {
    "model_size": "7B",
    "batch_size": 1,
    "gradient_accumulation": 8,
    "max_steps": 200,
    "max_seq_len": 2048,
    "learning_rate": 0.0006,
    "Kx": 32,
    "Ku": 96,
    "Kv": 192
  },
  "results": {
    "DESLOC": {
      "final_loss": 8.66094970703125,
      "avg_loss": 8.759154815673828,
      "total_time_seconds": 3138.4452238082886,
      "tokens_per_second_per_gpu": 1044.0838588298914,
      "tokens_per_second_cluster": 3132.2515764896743,
      "peak_memory_gb": 28.03408384,
      "mfu": 0.05516429252420636,
      "gpu_name": "NVIDIA H100 NVL",
      "sync_counts": {
        "x": 38,
        "u": 2,
        "v": 38
      },
      "losses": [
        11.594112396240234,
        10.929168701171875,
        10.920310974121094,
        10.436988830566406,
        10.245147705078125,
        10.254230499267578,
        9.99313735961914,
        10.091232299804688,
        9.978851318359375,
        9.580825805664062,
        9.633255004882812,
        9.445205688476562,
        9.300987243652344,
        9.149559020996094,
        9.34006118774414,
        8.932113647460938,
        8.867080688476562,
        9.591224670410156,
        9.104232788085938,
        9.149341583251953,
        9.448890686035156,
        8.89798355102539,
        9.035411834716797,
        8.855846405029297,
        8.903678894042969,
        8.942813873291016,
        8.579792022705078,
        8.747726440429688,
        8.598670959472656,
        9.105743408203125,
        8.731342315673828,
        8.557613372802734,
        8.987346649169922,
        8.61258316040039,
        8.706615447998047,
        8.849212646484375,
        8.447803497314453,
        8.869125366210938,
        8.705070495605469,
        8.503353118896484,
        8.82266616821289,
        8.760223388671875,
        8.55855941772461,
        8.385486602783203,
        8.492015838623047,
        8.422969818115234,
        8.512256622314453,
        8.324470520019531,
        8.413238525390625,
        8.459266662597656,
        8.40176773071289,
        8.388851165771484,
        8.312705993652344,
        8.518688201904297,
        8.243698120117188,
        8.678661346435547,
        8.483448028564453,
        8.325065612792969,
        8.243057250976562,
        8.391315460205078,
        8.34151840209961,
        8.410667419433594,
        8.44449234008789,
        8.323188781738281,
        8.36083984375,
        8.549381256103516,
        8.464134216308594,
        8.501174926757812,
        8.411102294921875,
        8.340396881103516,
        8.454021453857422,
        8.394317626953125,
        8.304264068603516,
        8.257511138916016,
        8.578147888183594,
        8.170913696289062,
        8.646385192871094,
        10.759208679199219,
        8.183795928955078,
        8.43862533569336,
        8.51803207397461,
        8.756168365478516,
        8.413753509521484,
        8.324501037597656,
        8.539363861083984,
        8.552886962890625,
        8.280464172363281,
        8.248481750488281,
        8.243499755859375,
        8.471405029296875,
        8.216533660888672,
        8.107704162597656,
        8.317131042480469,
        8.410667419433594,
        8.767181396484375,
        8.535728454589844,
        8.160533905029297,
        8.32086181640625,
        8.459114074707031,
        8.729911804199219,
        8.598934173583984,
        8.618843078613281,
        8.974315643310547,
        8.591167449951172,
        8.766250610351562,
        8.645423889160156,
        9.038291931152344,
        8.972633361816406,
        8.590377807617188,
        8.973876953125,
        9.27133560180664,
        8.974319458007812,
        8.888442993164062,
        9.065620422363281,
        9.206924438476562,
        8.894222259521484,
        8.900550842285156,
        8.97873306274414,
        8.80910873413086,
        8.8748779296875,
        9.008800506591797,
        8.940433502197266,
        8.89581298828125,
        8.767681121826172,
        8.759750366210938,
        8.772884368896484,
        8.899250030517578,
        17.905426025390625,
        8.304737091064453,
        8.419059753417969,
        8.472759246826172,
        8.40799331665039,
        8.779106140136719,
        8.583580017089844,
        8.570064544677734,
        8.658985137939453,
        8.845653533935547,
        8.588016510009766,
        8.87167739868164,
        8.462162017822266,
        8.51141357421875,
        8.562931060791016,
        8.664970397949219,
        8.538990020751953,
        8.543380737304688,
        8.631694793701172,
        8.705184936523438,
        8.682319641113281,
        8.57687759399414,
        8.74222183227539,
        8.704177856445312,
        9.076713562011719,
        8.952560424804688,
        8.840404510498047,
        8.929187774658203,
        8.674427032470703,
        8.60318374633789,
        8.715324401855469,
        8.873016357421875,
        8.809349060058594,
        8.426856994628906,
        8.44992446899414,
        8.202251434326172,
        8.288772583007812,
        8.28762435913086,
        8.307640075683594,
        8.459213256835938,
        8.4259033203125,
        8.49380874633789,
        8.756950378417969,
        8.641021728515625,
        8.61825180053711,
        8.664253234863281,
        8.830245971679688,
        8.78878402709961,
        8.502452850341797,
        8.685409545898438,
        8.565414428710938,
        8.740673065185547,
        8.415611267089844,
        8.671123504638672,
        8.589599609375,
        8.51986312866211,
        8.717521667480469,
        8.410140991210938,
        8.645103454589844,
        8.603988647460938,
        8.758426666259766,
        8.676700592041016,
        8.695579528808594,
        8.626537322998047,
        8.774295806884766,
        8.259422302246094,
        8.326065063476562,
        8.237194061279297,
        8.169784545898438,
        8.337574005126953,
        8.37066650390625,
        8.427467346191406,
        8.66094970703125
      ]
    }
  }
}