{
  "timestamp": "20260424_222052",
  "config": {
    "model_size": "7B",
    "batch_size": 1,
    "gradient_accumulation": 16,
    "max_steps": 200,
    "max_seq_len": 1024,
    "learning_rate": 0.0006,
    "Kx": 1,
    "Ku": 1,
    "Kv": 1
  },
  "results": {
    "DDP": {
      "final_loss": 8.450298309326172,
      "avg_loss": 8.512086925506592,
      "total_time_seconds": 1509.8789818286896,
      "tokens_per_second_per_gpu": 2170.2401579438533,
      "tokens_per_second_cluster": 4340.480315887707,
      "peak_memory_gb": 67.936103424,
      "mfu": 0.5853516383554564,
      "gpu_name": "NVIDIA H20",
      "sync_counts": {
        "all": 200
      },
      "losses": [
        11.60982894897461,
        11.614989280700684,
        11.059150695800781,
        11.397533416748047,
        11.337194442749023,
        11.053028106689453,
        10.66757583618164,
        10.566076278686523,
        10.789459228515625,
        10.517807006835938,
        9.595449447631836,
        10.114561080932617,
        10.111648559570312,
        9.744916915893555,
        9.768232345581055,
        9.68765640258789,
        9.697029113769531,
        9.878368377685547,
        9.480619430541992,
        9.827095031738281,
        9.556961059570312,
        9.601213455200195,
        9.433897018432617,
        9.580486297607422,
        9.587076187133789,
        9.31866455078125,
        9.512947082519531,
        9.594772338867188,
        9.835502624511719,
        9.806907653808594,
        9.397254943847656,
        9.24760627746582,
        9.257112503051758,
        9.219718933105469,
        9.197166442871094,
        9.274490356445312,
        9.361221313476562,
        9.266016006469727,
        8.968210220336914,
        9.326629638671875,
        9.129423141479492,
        9.256980895996094,
        9.097171783447266,
        9.235763549804688,
        9.212553024291992,
        8.93569564819336,
        8.964723587036133,
        9.229568481445312,
        9.064863204956055,
        8.977773666381836,
        8.996519088745117,
        8.854257583618164,
        9.032323837280273,
        9.012737274169922,
        8.88852310180664,
        9.261810302734375,
        9.207229614257812,
        9.034971237182617,
        8.833053588867188,
        8.75393295288086,
        8.89352798461914,
        8.831426620483398,
        8.974864959716797,
        8.929988861083984,
        8.855316162109375,
        8.673954010009766,
        9.152360916137695,
        8.743522644042969,
        8.694543838500977,
        8.793861389160156,
        8.897420883178711,
        8.67794418334961,
        8.6209716796875,
        8.667804718017578,
        8.624715805053711,
        8.880617141723633,
        8.731889724731445,
        8.695987701416016,
        8.720012664794922,
        8.611198425292969,
        8.725879669189453,
        8.754709243774414,
        8.569610595703125,
        8.804899215698242,
        8.640249252319336,
        8.628122329711914,
        8.542970657348633,
        8.766475677490234,
        8.706993103027344,
        8.687952041625977,
        8.607542037963867,
        8.594846725463867,
        8.639307022094727,
        8.732179641723633,
        8.58177375793457,
        8.355894088745117,
        8.616060256958008,
        8.733772277832031,
        8.66799545288086,
        8.581851959228516,
        8.576322555541992,
        8.57358169555664,
        8.762014389038086,
        8.503034591674805,
        8.401948928833008,
        8.521160125732422,
        8.554468154907227,
        8.626293182373047,
        8.578113555908203,
        8.461637496948242,
        8.617900848388672,
        8.536706924438477,
        8.674482345581055,
        8.699544906616211,
        8.91386604309082,
        8.546981811523438,
        8.41347885131836,
        8.461835861206055,
        8.843009948730469,
        8.541021347045898,
        8.662725448608398,
        8.634431838989258,
        8.559680938720703,
        8.655582427978516,
        8.616559982299805,
        8.491430282592773,
        8.486129760742188,
        8.261940002441406,
        8.621564865112305,
        8.630851745605469,
        8.530694961547852,
        8.558259963989258,
        8.611949920654297,
        8.528873443603516,
        8.596357345581055,
        8.473094940185547,
        8.426275253295898,
        8.507528305053711,
        8.439672470092773,
        8.474584579467773,
        8.625503540039062,
        8.526237487792969,
        8.428747177124023,
        8.430242538452148,
        8.579961776733398,
        8.431346893310547,
        8.466363906860352,
        8.611541748046875,
        8.397804260253906,
        8.532613754272461,
        8.33013916015625,
        8.465648651123047,
        8.343168258666992,
        8.393386840820312,
        8.684816360473633,
        8.605892181396484,
        8.480106353759766,
        8.494028091430664,
        8.485187530517578,
        8.485151290893555,
        8.442333221435547,
        8.618152618408203,
        8.464704513549805,
        8.595209121704102,
        8.505508422851562,
        8.483436584472656,
        8.535390853881836,
        8.370407104492188,
        8.409164428710938,
        8.533863067626953,
        8.482582092285156,
        8.503822326660156,
        8.535642623901367,
        8.431621551513672,
        8.558605194091797,
        8.496267318725586,
        8.440732955932617,
        8.45241928100586,
        8.371353149414062,
        8.43679428100586,
        8.419179916381836,
        8.582357406616211,
        8.646917343139648,
        8.453689575195312,
        8.403247833251953,
        8.433242797851562,
        8.316455841064453,
        8.45855712890625,
        8.393537521362305,
        8.468685150146484,
        8.542352676391602,
        8.36202621459961,
        8.523935317993164,
        8.431236267089844,
        8.429439544677734,
        8.380556106567383,
        8.65667724609375,
        8.28671646118164,
        8.528093338012695,
        8.450298309326172
      ]
    }
  }
}