{
  "timestamp": "20260429_062827",
  "config": {
    "model_size": "7B",
    "batch_size": 1,
    "gradient_accumulation": 8,
    "max_steps": 200,
    "max_seq_len": 2048,
    "learning_rate": 0.0006,
    "Kx": 32,
    "Ku": 96,
    "Kv": 192
  },
  "results": {
    "DESLOC": {
      "final_loss": 8.649347305297852,
      "avg_loss": 8.681916561126709,
      "total_time_seconds": 2429.7198939323425,
      "tokens_per_second_per_gpu": 1348.6328231427178,
      "tokens_per_second_cluster": 4045.8984694281535,
      "peak_memory_gb": 28.518426624,
      "mfu": 0.07125517259405527,
      "gpu_name": "NVIDIA H100 NVL",
      "sync_counts": {
        "x": 38,
        "u": 2,
        "v": 38
      },
      "losses": [
        11.593210220336914,
        10.940893173217773,
        10.914661407470703,
        10.439981460571289,
        10.248916625976562,
        10.258501052856445,
        9.993486404418945,
        10.095832824707031,
        9.976606369018555,
        9.574090957641602,
        9.635238647460938,
        9.445638656616211,
        9.300060272216797,
        9.151632308959961,
        9.341880798339844,
        8.933565139770508,
        8.861955642700195,
        9.590120315551758,
        9.104604721069336,
        9.155366897583008,
        9.450723648071289,
        8.89754867553711,
        9.03995132446289,
        8.856010437011719,
        8.904769897460938,
        8.944589614868164,
        8.574119567871094,
        8.748149871826172,
        8.59817886352539,
        9.110166549682617,
        8.729862213134766,
        8.554344177246094,
        8.992010116577148,
        8.608846664428711,
        8.70730972290039,
        8.846954345703125,
        8.447319030761719,
        8.868656158447266,
        8.702108383178711,
        8.502037048339844,
        8.824129104614258,
        8.759578704833984,
        8.556472778320312,
        8.385238647460938,
        8.49403190612793,
        8.421951293945312,
        8.509124755859375,
        8.31989860534668,
        8.409786224365234,
        8.458553314208984,
        8.397113800048828,
        8.389286041259766,
        8.311830520629883,
        8.512992858886719,
        8.24056625366211,
        8.682586669921875,
        8.480167388916016,
        8.321189880371094,
        8.242341995239258,
        8.389764785766602,
        8.34199333190918,
        8.408903121948242,
        8.439813613891602,
        8.316999435424805,
        8.352821350097656,
        8.55177116394043,
        8.464433670043945,
        8.502899169921875,
        8.412425994873047,
        8.337953567504883,
        8.454521179199219,
        8.394384384155273,
        8.29937744140625,
        8.256134033203125,
        8.57611083984375,
        8.167484283447266,
        8.672111511230469,
        8.568552017211914,
        8.181951522827148,
        8.429458618164062,
        8.50689697265625,
        8.752206802368164,
        8.41505241394043,
        8.309200286865234,
        8.534555435180664,
        8.551795959472656,
        8.270200729370117,
        8.248815536499023,
        8.23699951171875,
        8.465534210205078,
        8.211151123046875,
        8.101682662963867,
        8.307369232177734,
        8.406167984008789,
        8.757116317749023,
        8.52108383178711,
        8.150442123413086,
        8.30752182006836,
        8.451868057250977,
        8.723299026489258,
        8.576623916625977,
        8.59012222290039,
        8.962455749511719,
        8.57696533203125,
        8.776140213012695,
        8.640035629272461,
        9.060739517211914,
        8.962625503540039,
        8.588851928710938,
        8.970766067504883,
        9.209014892578125,
        10.136819839477539,
        9.064155578613281,
        9.203060150146484,
        9.315542221069336,
        8.900135040283203,
        8.856359481811523,
        8.877273559570312,
        8.718666076660156,
        8.857965469360352,
        9.061967849731445,
        9.004631042480469,
        8.962020874023438,
        8.880670547485352,
        8.825801849365234,
        8.782922744750977,
        8.969675064086914,
        8.984796524047852,
        8.326641082763672,
        8.439491271972656,
        8.44186782836914,
        8.339237213134766,
        8.74357795715332,
        8.536027908325195,
        8.531620025634766,
        8.627038955688477,
        8.851066589355469,
        8.576118469238281,
        8.873350143432617,
        8.452110290527344,
        8.529569625854492,
        8.565999984741211,
        8.682062149047852,
        8.551130294799805,
        8.542732238769531,
        8.634462356567383,
        8.753656387329102,
        8.713136672973633,
        8.592355728149414,
        8.784078598022461,
        8.728492736816406,
        9.090019226074219,
        8.938432693481445,
        8.833761215209961,
        8.936054229736328,
        8.662025451660156,
        8.611001968383789,
        8.693925857543945,
        8.843400955200195,
        8.776947021484375,
        8.42963981628418,
        8.45414924621582,
        8.18603515625,
        8.284475326538086,
        8.255722045898438,
        8.293418884277344,
        8.46035385131836,
        8.41639518737793,
        8.468093872070312,
        8.738792419433594,
        8.624795913696289,
        8.608709335327148,
        8.643211364746094,
        8.813364028930664,
        8.77968978881836,
        8.493335723876953,
        8.695981979370117,
        8.562873840332031,
        8.74249267578125,
        8.427450180053711,
        8.678028106689453,
        8.594644546508789,
        8.539558410644531,
        8.750783920288086,
        8.431514739990234,
        8.648120880126953,
        8.587705612182617,
        8.752128601074219,
        8.648242950439453,
        8.657127380371094,
        8.590999603271484,
        8.738218307495117,
        8.242895126342773,
        8.306892395019531,
        8.227365493774414,
        8.158683776855469,
        8.311697006225586,
        8.36083984375,
        8.419683456420898,
        8.649347305297852
      ]
    }
  }
}