{
  "timestamp": "20260429_034236",
  "config": {
    "model_size": "125M",
    "batch_size": 4,
    "gradient_accumulation": 4,
    "max_steps": 50,
    "max_seq_len": 1024,
    "learning_rate": 0.0006,
    "Kx": 1,
    "Ku": 1,
    "Kv": 1
  },
  "results": {
    "DDP": {
      "final_loss": 8.212112426757812,
      "avg_loss": 8.79819622039795,
      "total_time_seconds": 18.082744121551514,
      "tokens_per_second_per_gpu": 45302.85859786374,
      "tokens_per_second_cluster": 135908.5757935912,
      "peak_memory_gb": 5.65778432,
      "mfu": 0.044712074805283906,
      "gpu_name": "NVIDIA H100 NVL",
      "sync_counts": {
        "all": 50
      },
      "losses": [
        11.000591278076172,
        10.948707580566406,
        10.714607238769531,
        10.576684951782227,
        10.3936767578125,
        10.12276840209961,
        9.822162628173828,
        9.426733016967773,
        9.201297760009766,
        9.034856796264648,
        9.127151489257812,
        8.878202438354492,
        8.515996932983398,
        8.696599960327148,
        8.56635856628418,
        8.435606002807617,
        8.791309356689453,
        8.638128280639648,
        8.413734436035156,
        8.658021926879883,
        8.773422241210938,
        8.449302673339844,
        8.356039047241211,
        8.331249237060547,
        8.373910903930664,
        8.356241226196289,
        8.360761642456055,
        10.508434295654297,
        8.412725448608398,
        8.127540588378906,
        8.350461959838867,
        8.505615234375,
        8.282333374023438,
        8.354068756103516,
        8.31466293334961,
        8.276229858398438,
        8.30490493774414,
        8.342386245727539,
        8.318159103393555,
        8.38679313659668,
        8.169479370117188,
        8.356685638427734,
        8.258686065673828,
        8.381278991699219,
        8.41356086730957,
        8.299480438232422,
        8.222921371459961,
        8.055858612060547,
        8.09130859375,
        8.212112426757812
      ]
    }
  }
}