{
  "timestamp": "20260429_131825",
  "config": {
    "model_size": "7B",
    "batch_size": 1,
    "gradient_accumulation": 8,
    "max_steps": 200,
    "max_seq_len": 2048,
    "learning_rate": 0.0006,
    "Kx": 32,
    "Ku": 96,
    "Kv": 192
  },
  "results": {
    "DESLOC": {
      "final_loss": 8.650074005126953,
      "avg_loss": 8.750863399505615,
      "total_time_seconds": 2043.838216304779,
      "tokens_per_second_per_gpu": 1603.2580141907672,
      "tokens_per_second_cluster": 4809.774042572301,
      "peak_memory_gb": 28.518426624,
      "mfu": 0.08470832427743459,
      "gpu_name": "NVIDIA H100 NVL",
      "sync_counts": {
        "x": 38,
        "u": 2,
        "v": 38
      },
      "losses": [
        11.637310028076172,
        11.006248474121094,
        10.966337203979492,
        10.464710235595703,
        10.145021438598633,
        10.224258422851562,
        9.838394165039062,
        10.190074920654297,
        10.145269393920898,
        9.58547592163086,
        9.616363525390625,
        9.493988037109375,
        9.248649597167969,
        9.198768615722656,
        9.36136245727539,
        8.844392776489258,
        8.815116882324219,
        9.583797454833984,
        9.177835464477539,
        9.114908218383789,
        9.367589950561523,
        8.887287139892578,
        8.882665634155273,
        8.891973495483398,
        8.929141998291016,
        8.885639190673828,
        8.608701705932617,
        8.728065490722656,
        8.601310729980469,
        9.061840057373047,
        8.716493606567383,
        8.564563751220703,
        8.958368301391602,
        8.623146057128906,
        8.659242630004883,
        8.833629608154297,
        8.461027145385742,
        8.890708923339844,
        8.690582275390625,
        8.512136459350586,
        8.795433044433594,
        8.782234191894531,
        8.55693244934082,
        8.312889099121094,
        8.51716423034668,
        8.456092834472656,
        8.50180435180664,
        8.319135665893555,
        8.41450309753418,
        8.397062301635742,
        8.420894622802734,
        8.373117446899414,
        8.324853897094727,
        8.534927368164062,
        8.232254028320312,
        8.677650451660156,
        8.49171257019043,
        8.291915893554688,
        8.252525329589844,
        8.378402709960938,
        8.333137512207031,
        8.379098892211914,
        8.448341369628906,
        8.336954116821289,
        8.343692779541016,
        8.526138305664062,
        8.4346923828125,
        8.565515518188477,
        8.393308639526367,
        8.296796798706055,
        8.433378219604492,
        8.395488739013672,
        8.320610046386719,
        8.239286422729492,
        8.60206413269043,
        8.184061050415039,
        8.634374618530273,
        8.577043533325195,
        8.170448303222656,
        8.467981338500977,
        8.576177597045898,
        8.718017578125,
        8.42732048034668,
        8.31535530090332,
        8.560606002807617,
        8.592063903808594,
        8.215963363647461,
        8.262693405151367,
        8.235559463500977,
        8.483003616333008,
        8.197732925415039,
        8.131305694580078,
        8.282299041748047,
        8.417757034301758,
        8.788074493408203,
        8.5142822265625,
        8.139902114868164,
        8.326330184936523,
        8.46739387512207,
        8.739574432373047,
        8.631124496459961,
        8.613332748413086,
        8.951852798461914,
        8.617475509643555,
        8.774604797363281,
        8.734643936157227,
        9.040315628051758,
        8.933561325073242,
        8.578563690185547,
        8.988428115844727,
        9.287771224975586,
        9.042465209960938,
        8.805843353271484,
        8.977445602416992,
        9.084718704223633,
        8.823030471801758,
        8.825479507446289,
        13.550376892089844,
        10.865890502929688,
        9.427391052246094,
        9.278385162353516,
        8.917427062988281,
        8.808952331542969,
        8.76588249206543,
        8.713695526123047,
        8.722644805908203,
        8.925592422485352,
        9.04925537109375,
        8.368038177490234,
        8.482555389404297,
        8.471015930175781,
        8.433549880981445,
        8.83242416381836,
        8.642229080200195,
        8.618158340454102,
        8.72416877746582,
        8.943941116333008,
        8.578569412231445,
        8.909566879272461,
        8.449432373046875,
        8.515182495117188,
        8.580171585083008,
        8.697284698486328,
        8.620361328125,
        8.619338989257812,
        8.644704818725586,
        8.771844863891602,
        8.777059555053711,
        8.575693130493164,
        8.745187759399414,
        8.763408660888672,
        9.057292938232422,
        8.870330810546875,
        8.80618667602539,
        8.911905288696289,
        8.630178451538086,
        8.590887069702148,
        8.801580429077148,
        8.898283004760742,
        8.797435760498047,
        8.430171966552734,
        8.467233657836914,
        8.223289489746094,
        8.26799201965332,
        8.266929626464844,
        8.312665939331055,
        8.494253158569336,
        8.466424942016602,
        8.534950256347656,
        8.780223846435547,
        8.681365966796875,
        8.606416702270508,
        8.696195602416992,
        8.861045837402344,
        8.772092819213867,
        8.538293838500977,
        8.665178298950195,
        8.592735290527344,
        8.721170425415039,
        8.445524215698242,
        8.658393859863281,
        8.558094024658203,
        8.557012557983398,
        8.70374870300293,
        8.376035690307617,
        8.623023986816406,
        8.582799911499023,
        8.752691268920898,
        8.68354606628418,
        8.713973999023438,
        8.640430450439453,
        8.800054550170898,
        8.256647109985352,
        8.323116302490234,
        8.245342254638672,
        8.167583465576172,
        8.344415664672852,
        8.354730606079102,
        8.406352996826172,
        8.650074005126953
      ]
    }
  }
}