{
  "timestamp": "20260429_135923",
  "config": {
    "model_size": "7B",
    "batch_size": 4,
    "gradient_accumulation": 4,
    "max_steps": 200,
    "max_seq_len": 1024,
    "learning_rate": 0.0006,
    "Kx": 16,
    "Ku": 48,
    "Kv": 96
  },
  "results": {
    "DESLOC": {
      "final_loss": 8.415840148925781,
      "avg_loss": 8.43391176223755,
      "total_time_seconds": 2350.1799306869507,
      "tokens_per_second_per_gpu": 1394.2762242217773,
      "tokens_per_second_cluster": 4182.828672665331,
      "peak_memory_gb": 48.598624256,
      "mfu": 0.07362033417257699,
      "gpu_name": "NVIDIA H100 NVL",
      "sync_counts": {
        "x": 28,
        "u": 4,
        "v": 28
      },
      "losses": [
        11.682392120361328,
        10.934837341308594,
        10.527875900268555,
        10.232879638671875,
        9.708173751831055,
        9.784671783447266,
        9.476499557495117,
        9.541717529296875,
        9.363021850585938,
        9.053850173950195,
        9.156457901000977,
        9.180856704711914,
        8.809757232666016,
        8.736532211303711,
        9.040069580078125,
        8.695943832397461,
        8.872102737426758,
        8.84666633605957,
        8.599496841430664,
        8.773527145385742,
        8.729124069213867,
        8.310033798217773,
        8.5484619140625,
        8.679744720458984,
        8.39906120300293,
        8.51750373840332,
        8.620952606201172,
        8.465217590332031,
        8.593999862670898,
        8.664852142333984,
        8.413644790649414,
        8.35163688659668,
        8.435506820678711,
        8.590961456298828,
        8.311349868774414,
        8.664682388305664,
        8.24278450012207,
        8.479454040527344,
        8.530658721923828,
        8.40847396850586,
        8.52996826171875,
        8.22610092163086,
        8.289506912231445,
        8.314983367919922,
        8.439964294433594,
        8.449111938476562,
        8.3685302734375,
        8.42747688293457,
        8.306800842285156,
        8.330955505371094,
        8.268768310546875,
        8.55611801147461,
        8.752012252807617,
        8.775440216064453,
        8.96750259399414,
        8.897844314575195,
        9.004682540893555,
        8.931390762329102,
        8.988227844238281,
        8.827020645141602,
        8.936838150024414,
        9.024763107299805,
        8.982107162475586,
        8.961992263793945,
        8.338417053222656,
        8.36268424987793,
        8.320232391357422,
        8.441585540771484,
        8.637786865234375,
        8.858722686767578,
        8.709501266479492,
        8.689598083496094,
        8.861183166503906,
        8.761377334594727,
        8.688623428344727,
        8.784875869750977,
        8.66836166381836,
        8.669942855834961,
        8.814939498901367,
        8.726938247680664,
        8.455385208129883,
        8.294900894165039,
        8.423625946044922,
        8.336324691772461,
        8.442819595336914,
        8.383569717407227,
        8.661933898925781,
        8.67364501953125,
        8.719755172729492,
        8.535707473754883,
        8.55828857421875,
        8.587892532348633,
        8.80381965637207,
        8.514533996582031,
        8.54550552368164,
        8.476030349731445,
        8.350105285644531,
        8.278987884521484,
        8.271814346313477,
        8.334890365600586,
        8.290231704711914,
        8.651359558105469,
        8.710746765136719,
        8.523271560668945,
        8.706693649291992,
        8.884756088256836,
        8.544450759887695,
        8.605392456054688,
        8.544689178466797,
        8.684732437133789,
        8.515756607055664,
        8.594083786010742,
        8.227739334106445,
        8.233623504638672,
        8.315250396728516,
        8.253582000732422,
        8.30430793762207,
        8.33770751953125,
        8.416353225708008,
        8.38972282409668,
        8.565580368041992,
        8.600622177124023,
        8.315235137939453,
        8.52006721496582,
        8.3607177734375,
        8.678596496582031,
        8.520990371704102,
        8.592824935913086,
        8.08682632446289,
        8.295999526977539,
        8.135931015014648,
        8.33171272277832,
        8.190601348876953,
        8.386045455932617,
        8.300765991210938,
        8.439626693725586,
        8.48141860961914,
        8.538227081298828,
        8.422855377197266,
        8.475217819213867,
        8.465543746948242,
        8.579071044921875,
        8.620796203613281,
        8.451690673828125,
        8.317859649658203,
        12.257781982421875,
        8.315048217773438,
        8.12350845336914,
        8.294479370117188,
        8.283153533935547,
        8.296167373657227,
        8.495513916015625,
        8.426689147949219,
        8.47469711303711,
        8.353904724121094,
        8.50075912475586,
        8.43426513671875,
        8.546188354492188,
        8.37527847290039,
        8.406349182128906,
        8.134439468383789,
        8.168888092041016,
        8.178152084350586,
        8.301813125610352,
        8.313140869140625,
        8.339942932128906,
        8.178098678588867,
        8.415185928344727,
        8.45088005065918,
        8.391191482543945,
        8.34794807434082,
        8.454751968383789,
        8.431325912475586,
        8.599136352539062,
        8.416252136230469,
        8.454000473022461,
        8.161376953125,
        8.20351791381836,
        8.176290512084961,
        8.270654678344727,
        8.263555526733398,
        8.244617462158203,
        8.314104080200195,
        8.318267822265625,
        8.388113021850586,
        8.431882858276367,
        8.665843963623047,
        8.55935287475586,
        8.550983428955078,
        8.386163711547852,
        8.43560791015625,
        8.539142608642578,
        8.155759811401367,
        8.167852401733398,
        8.283906936645508,
        8.217081069946289,
        8.188945770263672,
        8.231586456298828,
        8.252521514892578,
        8.415840148925781
      ]
    }
  }
}