{
  "timestamp": "20260423_021722",
  "config": {
    "model_size": "125M",
    "batch_size": 4,
    "gradient_accumulation": 8,
    "max_steps": 500,
    "max_seq_len": 1024,
    "learning_rate": 0.0006,
    "Kx": 1,
    "Ku": 1,
    "Kv": 1
  },
  "results": {
    "DDP": {
      "final_loss": 2.1174984127283096,
      "avg_loss": 2.625722014270723,
      "total_time_seconds": 632.0370717048645,
      "tokens_per_second_per_gpu": 25922.530075341307,
      "tokens_per_second_cluster": 51845.06015068261,
      "peak_memory_gb": 10.364805632,
      "mfu": 0.07244145049696919,
      "gpu_name": "NVIDIA H100 NVL",
      "sync_counts": {
        "all": 500
      },
      "losses": [
        11.010983228683472,
        10.83345103263855,
        10.644574403762817,
        10.30575442314148,
        9.971306443214417,
        9.667075753211975,
        9.461460709571838,
        9.099831581115723,
        8.890961647033691,
        11.806844234466553,
        8.764582633972168,
        8.77649736404419,
        8.765395045280457,
        8.603599071502686,
        8.58893871307373,
        8.554080963134766,
        9.074968576431274,
        8.424998998641968,
        8.449677586555481,
        8.35402798652649,
        8.369110465049744,
        8.392443060874939,
        8.36463451385498,
        8.324939250946045,
        8.350687861442566,
        8.206054210662842,
        8.408526301383972,
        8.13200855255127,
        8.26523220539093,
        8.325549364089966,
        8.23826003074646,
        8.227487921714783,
        8.190444588661194,
        8.098137617111206,
        8.149246215820312,
        8.100247025489807,
        8.090334415435791,
        8.01905369758606,
        7.959954142570496,
        7.967710733413696,
        8.043952107429504,
        7.937872886657715,
        7.998341083526611,
        7.953507661819458,
        7.982279539108276,
        7.9149558544158936,
        7.8857961893081665,
        7.823349833488464,
        7.947152256965637,
        7.849491834640503,
        7.840424537658691,
        7.864199280738831,
        7.826820731163025,
        7.797526597976685,
        7.784497261047363,
        7.747632741928101,
        7.749400854110718,
        7.798723816871643,
        7.68498957157135,
        7.721372723579407,
        7.687864780426025,
        7.644708037376404,
        7.678062558174133,
        7.659467697143555,
        7.679791688919067,
        7.679811239242554,
        7.63244366645813,
        7.592006802558899,
        7.564974308013916,
        7.576658487319946,
        7.5705811977386475,
        7.5329930782318115,
        7.651280641555786,
        7.578456163406372,
        7.632513046264648,
        7.499576210975647,
        7.555767297744751,
        7.5721282958984375,
        7.514525890350342,
        7.509667873382568,
        7.477810740470886,
        7.518404603004456,
        7.459956169128418,
        7.463309645652771,
        7.464846253395081,
        7.459891319274902,
        7.410528182983398,
        7.416662096977234,
        7.411404848098755,
        7.351081907749176,
        7.445674896240234,
        7.439142346382141,
        7.39909291267395,
        7.328244209289551,
        7.28040623664856,
        7.374941945075989,
        7.488455653190613,
        7.353166341781616,
        7.382817387580872,
        7.276311278343201,
        7.363950550556183,
        7.339812397956848,
        7.310049057006836,
        7.298873484134674,
        7.168798446655273,
        7.158627867698669,
        7.277663767337799,
        7.217144310474396,
        7.14337831735611,
        7.17323625087738,
        7.125117182731628,
        7.0250831842422485,
        7.17076712846756,
        7.1389195919036865,
        7.095238983631134,
        7.1441327929496765,
        6.96780925989151,
        7.0155070424079895,
        6.998164594173431,
        6.926364481449127,
        6.971681535243988,
        7.001447558403015,
        6.794901013374329,
        6.775737702846527,
        6.92705911397934,
        6.918439328670502,
        6.842194855213165,
        6.650206685066223,
        6.9617708921432495,
        6.746581256389618,
        6.616186082363129,
        6.436619877815247,
        6.287430167198181,
        6.590622544288635,
        6.667153060436249,
        6.555054843425751,
        6.2956807017326355,
        6.305310249328613,
        6.347409605979919,
        6.085827589035034,
        6.335394263267517,
        6.3544135093688965,
        6.330047190189362,
        6.697208940982819,
        6.179177463054657,
        6.124053776264191,
        5.777426838874817,
        5.985986530780792,
        5.776750445365906,
        5.923363983631134,
        5.6627978682518005,
        5.284151673316956,
        6.146849989891052,
        6.104417443275452,
        5.674770414829254,
        5.221935749053955,
        5.600881665945053,
        5.23051518201828,
        5.927434980869293,
        5.411774754524231,
        5.549533307552338,
        5.680257976055145,
        5.621854722499847,
        6.004012048244476,
        5.241314232349396,
        5.3476578295230865,
        5.358188688755035,
        5.404018700122833,
        5.906064450740814,
        5.241853177547455,
        4.6641106605529785,
        5.10432305932045,
        5.2224425077438354,
        5.400492548942566,
        5.3691838681697845,
        5.452252924442291,
        4.645101755857468,
        4.816827803850174,
        5.2176684737205505,
        5.16599041223526,
        5.641808331012726,
        5.121222734451294,
        4.928493231534958,
        4.837795078754425,
        4.6362873911857605,
        5.229268699884415,
        4.600518882274628,
        4.280989691615105,
        4.947624713182449,
        4.695814490318298,
        4.50641605257988,
        4.96490541100502,
        4.897187054157257,
        5.0454632341861725,
        4.6376394629478455,
        5.234458565711975,
        5.040026396512985,
        5.040182024240494,
        4.693865656852722,
        5.457504361867905,
        4.570084303617477,
        4.47877636551857,
        4.615303456783295,
        4.152025729417801,
        4.798431038856506,
        4.133231490850449,
        4.661631792783737,
        4.776657968759537,
        5.08232244849205,
        4.691149413585663,
        4.106468230485916,
        3.7947877049446106,
        4.6658686101436615,
        4.441610008478165,
        4.975621700286865,
        3.2979054525494576,
        4.888048231601715,
        4.613875895738602,
        4.809564977884293,
        4.334497451782227,
        4.664081513881683,
        3.967846691608429,
        4.8667972683906555,
        4.704264849424362,
        3.7672890424728394,
        4.20014688372612,
        4.05046933889389,
        4.16775780916214,
        5.0970786809921265,
        4.0496926009655,
        3.135839134454727,
        3.9957705587148666,
        4.015866294503212,
        3.632615327835083,
        3.8870300948619843,
        4.03259152173996,
        4.490246206521988,
        4.3628460466861725,
        4.066588521003723,
        3.968016266822815,
        3.9600483775138855,
        4.284779101610184,
        4.071619927883148,
        3.623009294271469,
        3.634213775396347,
        4.110392868518829,
        4.106636747717857,
        3.7715498208999634,
        3.077528029680252,
        3.414402946829796,
        3.6455042362213135,
        3.237395241856575,
        4.530796855688095,
        4.20881262421608,
        3.9284006357192993,
        3.838767111301422,
        4.574780285358429,
        3.3245901465415955,
        3.0826332569122314,
        3.65036079287529,
        3.1342340409755707,
        3.8677122592926025,
        3.6911943405866623,
        3.7132862508296967,
        3.4915318936109543,
        3.915719211101532,
        3.9536286890506744,
        3.2757130712270737,
        4.298475921154022,
        4.445336192846298,
