{
  "timestamp": "20260424_092644",
  "config": {
    "model_size": "700M",
    "batch_size": 4,
    "gradient_accumulation": 4,
    "max_steps": 500,
    "max_seq_len": 1024,
    "learning_rate": 0.0006,
    "Kx": 32,
    "Ku": 96,
    "Kv": 192
  },
  "results": {
    "DESLOC": {
      "final_loss": 8.136574268341064,
      "avg_loss": 8.162481694221496,
      "total_time_seconds": 676.8199565410614,
      "tokens_per_second_per_gpu": 12103.662016507054,
      "tokens_per_second_cluster": 36310.98604952116,
      "peak_memory_gb": 23.413277184,
      "mfu": 0.07431411784300342,
      "gpu_name": "NVIDIA H100 NVL",
      "sync_counts": {
        "x": 47,
        "u": 5,
        "v": 47
      },
      "losses": [
        11.067792892456055,
        10.882704257965088,
        10.731806755065918,
        10.520382404327393,
        10.404308319091797,
        10.293496131896973,
        9.931257009506226,
        9.881489515304565,
        9.792693138122559,
        9.643028736114502,
        9.313750267028809,
        9.271574258804321,
        9.138993501663208,
        9.073087930679321,
        8.992825984954834,
        8.929440259933472,
        8.935165882110596,
        8.81050181388855,
        8.79063367843628,
        8.614393949508667,
        8.77371621131897,
        8.647361516952515,
        8.477819681167603,
        8.727312088012695,
        8.562896966934204,
        8.763320922851562,
        8.507745027542114,
        8.454919815063477,
        8.542601585388184,
        8.618846654891968,
        8.52805209159851,
        8.453356981277466,
        8.421577215194702,
        8.43328309059143,
        8.530948162078857,
        8.574520826339722,
        8.481560707092285,
        8.43850564956665,
        8.482287406921387,
        8.295912027359009,
        8.450182437896729,
        8.379877805709839,
        8.322525024414062,
        8.193162441253662,
        8.51026201248169,
        8.354607820510864,
        8.338462114334106,
        8.217839479446411,
        8.416529417037964,
        8.28615951538086,
        8.345989227294922,
        8.377163648605347,
        8.242016315460205,
        8.187885046005249,
        8.242276430130005,
        8.37736201286316,
        11.395649433135986,
        8.223149061203003,
        8.219017028808594,
        8.172881603240967,
        8.138981819152832,
        8.314184188842773,
        8.203630924224854,
        8.339563846588135,
        8.26827335357666,
        8.312108516693115,
        8.240176677703857,
        8.17610216140747,
        8.260302066802979,
        8.228224515914917,
        8.23634147644043,
        9.16463303565979,
        8.303001403808594,
        8.19603967666626,
        8.374954462051392,
        8.169381380081177,
        8.233081340789795,
        8.17539930343628,
        8.277132511138916,
        8.096304893493652,
        8.10987401008606,
        8.244067192077637,
        8.219744205474854,
        8.386906862258911,
        8.179842948913574,
        8.16270923614502,
        8.270471334457397,
        8.144938945770264,
        8.101555109024048,
        9.104393005371094,
        8.226628303527832,
        8.189887046813965,
        8.174769878387451,
        8.072729110717773,
        8.113124370574951,
        8.15324068069458,
        8.18966031074524,
        8.131956338882446,
        8.521068811416626,
        9.881207466125488,
        8.25748586654663,
        8.35538625717163,
        8.289154767990112,
        8.325300931930542,
        8.275382041931152,
        8.463982582092285,
        8.326777219772339,
        8.413414478302002,
        8.3790283203125,
        8.37516474723816,
        8.440499782562256,
        8.473284721374512,
        8.415176153182983,
        8.473816156387329,
        8.563018083572388,
        8.512897729873657,
        8.318711042404175,
        8.43600344657898,
        8.365089416503906,
        8.51275110244751,
        8.42835783958435,
        9.395872116088867,
        8.496358156204224,
        8.427467107772827,
        8.502190351486206,
        8.353096723556519,
        8.47377061843872,
        8.52392053604126,
        8.333157300949097,
        8.113754272460938,
        8.397866249084473,
        8.322465658187866,
        8.209137916564941,
        8.2769193649292,
        8.27255654335022,
        8.411765336990356,
        8.510541439056396,
        8.326533794403076,
        8.438957452774048,
        8.515109300613403,
        8.493282556533813,
        8.491608619689941,
        8.613970279693604,
        8.479006052017212,
        8.41128945350647,
        8.45545744895935,
        8.50324559211731,
        8.49498462677002,
        8.319740056991577,
        8.268075942993164,
        8.322448253631592,
        12.305867910385132,
        8.484584093093872,
        9.786200284957886,
        8.759342670440674,
        8.44236135482788,
        8.537759780883789,
        8.541825532913208,
        8.448373556137085,
        8.585184335708618,
        8.22867751121521,
        8.34741735458374,
        8.20256233215332,
        8.16663384437561,
        8.232103824615479,
        8.223333597183228,
        8.286542892456055,
        8.457672834396362,
        8.504899024963379,
        8.44441032409668,
        8.439349889755249,
        8.408854484558105,
        10.533989906311035,
        8.366772413253784,
        8.577804803848267,
        8.621177196502686,
        8.715438842773438,
        8.647244930267334,
        8.619726657867432,
        8.575157165527344,
        8.437556028366089,
        8.545392751693726,
        8.449261665344238,
        8.429860591888428,
        8.391765832901001,
        8.293057918548584,
        8.446777105331421,
        8.321027517318726,
        8.412822723388672,
        8.465035676956177,
        8.44873571395874,
        8.39258074760437,
        8.178576946258545,
        8.291770935058594,
        8.34108591079712,
        8.128539085388184,
        8.24709439277649,
        8.27483081817627,
        8.199618816375732,
        8.2769296169281,
        8.270270586013794,
        8.390346765518188,
        8.301814794540405,
        8.471426010131836,
        8.473954677581787,
        8.511018514633179,
        8.4674654006958,
        8.388534545898438,
        8.333647966384888,
        8.41120457649231,
        8.478692770004272,
        8.468409061431885,
        8.560070514678955,
        8.453633308410645,
        8.215925216674805,
        8.268478870391846,
        8.458739519119263,
        8.349613189697266,
        8.393756866455078,
        8.45518970489502,
        8.393760442733765,
        8.430615186691284,
        8.444647550582886,
        8.406529664993286,
        8.194015979766846,
        8.208631753921509,
        8.222777366638184,
        8.181808471679688,
        8.284013271331787,
        8.195717096328735,
        8.229344844818115,
        8.169761657714844,
        8.331604480743408,
        8.282814979553223,
        8.265345811843872,
        8.36119031906128,
        8.291913747787476,
        8.339089393615723,
        8.316710710525513,
        8.339202642440796,
        8.366275310516357,
        8.358065128326416,
        8.358694314956665,
        8.421790361404419,
        8.35369324684143,
        8.324316024780273,
        8.337448120117188,
        8.255829811096191,
        8.26458191871643,
        8.285916805267334,
        8.23387336730957,
        8.361828327178955,
        8.308248281478882,
        8.326277256011963,
        8.33717155456543,
        8.260876417160034,
        8.169502258300781,
        8.273414611816406,
        8.143157243728638,
        8.168291807174683,
        8.168511390686035,
        8.201529026031494,
        8.077707767486572,
        8.249424457550049,
        8.1516695022583,
        8.158181190490723,
        8.324946880340576,
        8.310430526733398,
        8.17398715019226,
        8.283676862716675,
        8.240646362304688,
