{
  "timestamp": "20260424_082129",
  "config": {
    "model_size": "700M",
    "batch_size": 4,
    "gradient_accumulation": 4,
    "max_steps": 500,
    "max_seq_len": 1024,
    "learning_rate": 0.0006,
    "Kx": 1,
    "Ku": 1,
    "Kv": 1
  },
  "results": {
    "DDP": {
      "final_loss": 7.8700573444366455,
      "avg_loss": 7.884204659461975,
      "total_time_seconds": 889.3958632946014,
      "tokens_per_second_per_gpu": 9210.74668556953,
      "tokens_per_second_cluster": 27632.240056708586,
      "peak_memory_gb": 26.510022144,
      "mfu": 0.056552183436711735,
      "gpu_name": "NVIDIA H100 NVL",
      "sync_counts": {
        "all": 500
      },
      "losses": [
        11.08376932144165,
        10.897650241851807,
        10.551294088363647,
        10.223972082138062,
        9.843863010406494,
        9.698028087615967,
        9.173603057861328,
        9.205927610397339,
        9.172367572784424,
        9.297505855560303,
        8.784403085708618,
        8.932826519012451,
        8.880332708358765,
        14.981514692306519,
        8.64124608039856,
        8.754014492034912,
        8.788851261138916,
        8.525922775268555,
        8.746092319488525,
        8.51327657699585,
        8.680719137191772,
        8.464951753616333,
        8.410644054412842,
        8.576552629470825,
        8.538806915283203,
        8.632707118988037,
        8.471009016036987,
        8.478636980056763,
        8.544439554214478,
        8.495861291885376,
        8.495681524276733,
        8.389491081237793,
        8.388792991638184,
        8.348285913467407,
        8.482180118560791,
        8.597294569015503,
        8.522793531417847,
        8.322627305984497,
        8.402712106704712,
        8.310126781463623,
        8.389994621276855,
        8.32224440574646,
        8.330617189407349,
        8.236309051513672,
        8.485989332199097,
        8.408116340637207,
        8.36532974243164,
        8.275529384613037,
        8.46957015991211,
        8.348305225372314,
        8.383809566497803,
        8.478564023971558,
        8.2444589138031,
        8.209000587463379,
        8.310073137283325,
        8.440277099609375,
        8.396012544631958,
        8.293675184249878,
        8.291999340057373,
        8.253142833709717,
        8.214916467666626,
        8.394952535629272,
        8.24090051651001,
        8.396224737167358,
        8.331072568893433,
        8.357869148254395,
        8.343291759490967,
        8.189798831939697,
        8.368400812149048,
        8.341110944747925,
        8.349283933639526,
        8.265092611312866,
        8.400174856185913,
        8.24889063835144,
        8.36019515991211,
        8.257459878921509,
        8.321247339248657,
        8.23295783996582,
        8.285005569458008,
        8.170045614242554,
        8.25373125076294,
        8.321842908859253,
        8.251875877380371,
        8.448173761367798,
        8.241379976272583,
        8.218479633331299,
        8.290778875350952,
        8.142382383346558,
        8.226873397827148,
        8.300549507141113,
        8.309744119644165,
        8.277819395065308,
        8.234914779663086,
        8.18295168876648,
        8.198028326034546,
        8.251194477081299,
        8.221727132797241,
        8.199910640716553,
        8.290910482406616,
        8.260301351547241,
        8.164307594299316,
        8.303709745407104,
        8.231431007385254,
        8.253952741622925,
        8.109602689743042,
        8.230354309082031,
        8.132108211517334,
        8.248950004577637,
        8.223316669464111,
        8.153961420059204,
        8.249763011932373,
        8.196538209915161,
        8.200426578521729,
        8.207422733306885,
        8.284626483917236,
        8.246880769729614,
        8.10978889465332,
        8.238221645355225,
        8.218372344970703,
        8.24276614189148,
        8.240792512893677,
        8.310269355773926,
        8.147868156433105,
        8.127842426300049,
        8.203943252563477,
        8.147926568984985,
        8.188668966293335,
        8.233526229858398,
        8.25830888748169,
        8.096261501312256,
        8.231447696685791,
        8.218811511993408,
        8.191635370254517,
        8.128809213638306,
        8.125874996185303,
        8.233474969863892,
        8.312270164489746,
        8.142081499099731,
        8.230126857757568,
        8.28598141670227,
        8.216758966445923,
        8.249445676803589,
        8.334715127944946,
        8.255457878112793,
        8.185392379760742,
        8.19805097579956,
        8.323290348052979,
        8.221191644668579,
        8.235095262527466,
        8.152745008468628,
        8.174634218215942,
        8.280133724212646,
        8.231656551361084,
        8.220499753952026,
        8.129055500030518,
        8.167566299438477,
        8.208709239959717,
        8.191890954971313,
        8.123210668563843,
        8.251326560974121,
        8.192280769348145,
        8.284920692443848,
        8.158643960952759,
        8.131192922592163,
        8.134596824645996,
        8.13940954208374,
        8.156923770904541,
        8.297932147979736,
        8.249088525772095,
        8.232061386108398,
        8.210515260696411,
        8.121880292892456,
        8.163050651550293,
        8.06513237953186,
        8.24522352218628,
        8.207129001617432,
        8.246421337127686,
        8.348886966705322,
        8.253265380859375,
        8.268633365631104,
        8.177349090576172,
        8.218432188034058,
        8.185073614120483,
        8.186478614807129,
        8.164119005203247,
        8.109730005264282,
        8.328438520431519,
        8.193555116653442,
        8.325824499130249,
        8.279536247253418,
        8.156003952026367,
        8.185538053512573,
        8.143595457077026,
        8.220287084579468,
        8.319949626922607,
        8.047484159469604,
        8.219221353530884,
        8.246530532836914,
        8.11410903930664,
        8.14649248123169,
        8.183416366577148,
        8.201955318450928,
        8.160537481307983,
        8.256748914718628,
        8.268314599990845,
        8.286195516586304,
        8.276186466217041,
        8.202327013015747,
        8.156195402145386,
        8.204030990600586,
        8.247365236282349,
        8.250122547149658,
        8.256228685379028,
        8.252486228942871,
        8.083716630935669,
        8.135414600372314,
        8.227009296417236,
        8.162841558456421,
        8.195481777191162,
        8.268006563186646,
        8.227614164352417,
        8.197744369506836,
        8.263785123825073,
        8.173709630966187,
        8.129071474075317,
        8.16159963607788,
        8.18666672706604,
        8.118387937545776,
        8.248876571655273,
        8.171341896057129,
        8.186570882797241,
        8.128502368927002,
        8.173528909683228,
        8.183136940002441,
        8.076626062393188,
        8.173531532287598,
        8.167196035385132,
        8.09909725189209,
        8.088234186172485,
        8.141009092330933,
        8.157728672027588,
        8.124374389648438,
        8.120058536529541,
        8.14292287826538,
        8.188724279403687,
        8.091309070587158,
        8.163725852966309,
        8.086148977279663,
        8.080843687057495,
        8.132028818130493,
        8.09120512008667,
        8.132716178894043,
        8.149458646774292,
        8.15757155418396,
        8.121736288070679,
        8.109066009521484,
        8.100286722183228,
        8.18038272857666,
        8.094535112380981,
        8.15259313583374,
        8.100322961807251,
        8.02538514137268,
        7.984806537628174,
        8.140763282775879,
        8.052355289459229,
        8.031595945358276,
        8.183065414428711,
        8.16730785369873,
        8.005015134811401,
        8.080262422561646,
        8.097921133041382,
