{
  "timestamp": "20260424_085954",
  "config": {
    "model_size": "700M",
    "batch_size": 4,
    "gradient_accumulation": 4,
    "max_steps": 500,
    "max_seq_len": 1024,
    "learning_rate": 0.0006,
    "Kx": 32,
    "Ku": 96,
    "Kv": 192
  },
  "results": {
    "DESLOC": {
      "final_loss": 8.09782075881958,
      "avg_loss": 8.141646628379823,
      "total_time_seconds": 677.5136413574219,
      "tokens_per_second_per_gpu": 12091.269459293906,
      "tokens_per_second_cluster": 36273.808377881716,
      "peak_memory_gb": 23.413277184,
      "mfu": 0.0742380299651481,
      "gpu_name": "NVIDIA H100 NVL",
      "sync_counts": {
        "x": 47,
        "u": 5,
        "v": 47
      },
      "losses": [
        11.081168174743652,
        10.880676746368408,
        10.690853595733643,
        10.548421859741211,
        10.35561752319336,
        10.294766426086426,
        9.916899681091309,
        9.881238460540771,
        9.803936958312988,
        9.640891313552856,
        9.386059999465942,
        9.28193974494934,
        9.17630648612976,
        9.04581618309021,
        9.011677980422974,
        8.90097975730896,
        8.937821865081787,
        8.845436334609985,
        8.768122673034668,
        8.614523649215698,
        8.74916410446167,
        8.631072521209717,
        8.50456190109253,
        8.692251920700073,
        8.567539691925049,
        8.86230731010437,
        8.52701735496521,
        8.436145782470703,
        8.536201238632202,
        8.47753381729126,
        10.33134412765503,
        11.109370946884155,
        8.41208529472351,
        8.43575382232666,
        8.546480417251587,
        8.599311828613281,
        8.496914148330688,
        8.41763949394226,
        8.509493112564087,
        8.29248857498169,
        8.475233316421509,
        8.397522449493408,
        8.339261293411255,
        8.190644979476929,
        8.498901844024658,
        8.368734359741211,
        8.333308935165405,
        8.233095169067383,
        8.399564981460571,
        8.299897193908691,
        8.325185537338257,
        8.391502618789673,
        8.242908000946045,
        8.195383310317993,
        8.245825290679932,
        8.380111932754517,
        8.33334994316101,
        8.239019870758057,
        8.204962015151978,
        8.170498132705688,
        8.143681764602661,
        8.310420036315918,
        8.204363822937012,
        8.350762844085693,
        8.441375970840454,
        8.28053331375122,
        8.278717279434204,
        8.20304012298584,
        8.271151781082153,
        8.252645492553711,
        8.254645347595215,
        8.320172309875488,
        8.332619428634644,
        8.208374738693237,
        8.373416900634766,
        8.210642576217651,
        8.262237071990967,
        8.19411826133728,
        8.287901878356934,
        8.105341911315918,
        8.14494514465332,
        8.280008554458618,
        8.22139859199524,
        8.398851871490479,
        8.225962162017822,
        8.174844980239868,
        8.254246234893799,
        8.141767978668213,
        8.133548021316528,
        8.257837772369385,
        8.220529794692993,
        8.19632601737976,
        8.202958583831787,
        8.099079370498657,
        8.152039766311646,
        8.182066440582275,
        8.221163988113403,
        8.153752565383911,
        8.254857063293457,
        8.238562822341919,
        8.246102094650269,
        8.370397329330444,
        8.344593286514282,
        8.383929252624512,
        8.303246259689331,
        8.433875799179077,
        8.347089529037476,
        8.421342849731445,
        8.401894569396973,
        8.292448997497559,
        8.421863794326782,
        8.459392070770264,
        8.349663972854614,
        8.420100450515747,
        8.519908428192139,
        8.463791608810425,
        8.269148111343384,
        8.413841962814331,
        8.370238542556763,
        8.510557651519775,
        8.41414737701416,
        8.443615436553955,
        8.490712881088257,
        8.426158905029297,
        8.480645179748535,
        8.354337930679321,
        8.46938157081604,
        8.506737470626831,
        8.382713317871094,
        8.139660358428955,
        8.40294885635376,
        8.28266167640686,
        8.21461296081543,
        8.28532600402832,
        8.286467552185059,
        8.378187656402588,
        8.512683391571045,
        8.323418378829956,
        8.444745063781738,
        8.535152196884155,
        8.50648832321167,
        8.508315086364746,
        8.625994443893433,
        8.486814022064209,
        8.432812929153442,
        8.50281572341919,
        8.589534759521484,
        8.53511095046997,
        8.393913745880127,
        8.333957433700562,
        8.3897066116333,
        8.433290481567383,
        8.452934980392456,
        9.06746506690979,
        8.324079036712646,
        8.361278772354126,
        8.471030950546265,
        8.475292682647705,
        8.388581037521362,
        8.492363929748535,
        8.197029113769531,
        8.288822889328003,
        8.185488224029541,
        8.145046472549438,
        8.202516317367554,
        8.241215229034424,
        8.268688440322876,
        8.410218000411987,
        8.448168516159058,
        8.401211023330688,
        8.407204627990723,
        8.358917951583862,
        8.387583494186401,
        8.258756160736084,
        8.463053226470947,
        8.510664939880371,
        8.547801733016968,
        8.551308155059814,
        8.517569780349731,
        8.40987753868103,
        8.348298788070679,
        8.44921064376831,
        8.378287315368652,
        8.37018632888794,
        8.374691247940063,
        8.241406679153442,
        8.405338048934937,
        8.318145513534546,
        8.372950792312622,
        8.436703205108643,
        8.418899297714233,
        8.413956880569458,
        8.166436672210693,
        8.270061731338501,
        8.3242928981781,
        8.121608018875122,
        8.248600244522095,
        8.2490074634552,
        8.170178174972534,
        8.24347710609436,
        8.235916376113892,
        8.32157826423645,
        8.261483669281006,
        8.42338252067566,
        8.426680564880371,
        8.470518350601196,
        8.414586782455444,
        8.377912521362305,
        8.308449745178223,
        8.384905815124512,
        8.446615934371948,
        8.429438829421997,
        8.516088485717773,
        8.408355236053467,
        8.179038763046265,
        8.231017827987671,
        8.417789459228516,
        8.26770305633545,
        8.317880392074585,
        8.416254043579102,
        8.345043659210205,
        8.400590419769287,
        8.367210388183594,
        8.347954511642456,
        8.18132495880127,
        8.206867933273315,
        8.212311744689941,
        8.179161071777344,
        8.270913362503052,
        8.197226762771606,
        8.212565183639526,
        8.146610498428345,
        8.317267179489136,
        8.256821632385254,
        8.240037441253662,
        8.317062377929688,
        8.253811836242676,
        8.293684482574463,
        8.27682089805603,
        8.3156578540802,
        8.32473373413086,
        8.319274187088013,
        8.316388845443726,
        8.388607263565063,
        8.318264484405518,
        8.264724016189575,
        8.299861192703247,
        8.213929414749146,
        8.235012769699097,
        8.228392362594604,
        8.201379299163818,
        8.319132328033447,
        8.273821353912354,
        8.295307636260986,
        8.288524627685547,
        8.236275434494019,
        8.160077095031738,
        8.252535104751587,
        8.157238721847534,
        8.156096935272217,
        8.164608478546143,
        8.183940172195435,
        8.065407276153564,
        8.218208312988281,
        8.139590978622437,
        8.139376878738403,
        8.30742073059082,
        8.289868831634521,
        8.147115230560303,
        8.263149738311768,
        8.2157883644104,
