{
  "timestamp": "20260424_114147",
  "config": {
    "model_size": "125M",
    "batch_size": 4,
    "gradient_accumulation": 1,
    "max_steps": 10,
    "max_seq_len": 1024,
    "learning_rate": 0.0006,
    "Kx": 1,
    "Ku": 1,
    "Kv": 1
  },
  "results": {
    "DDP": {
      "final_loss": 9.4575834274292,
      "avg_loss": 10.395300006866455,
      "total_time_seconds": 1.8898909091949463,
      "tokens_per_second_per_gpu": 21673.208649618882,
      "tokens_per_second_cluster": 65019.62594885664,
      "peak_memory_gb": 6.168989696,
      "mfu": 0.021390573495906975,
      "gpu_name": "NVIDIA H100 NVL",
      "sync_counts": {
        "all": 10
      },
      "losses": [
        10.93910026550293,
        10.845344543457031,
        10.888107299804688,
        10.748044967651367,
        10.500282287597656,
        10.48045539855957,
        10.28905963897705,
        9.796600341796875,
        10.008421897888184,
        9.4575834274292
      ]
    }
  }
}