{
  "timestamp": "20260424_071019",
  "config": {
    "model_size": "125M",
    "batch_size": 4,
    "gradient_accumulation": 1,
    "max_steps": 10,
    "max_seq_len": 1024,
    "learning_rate": 0.0006,
    "Kx": 1,
    "Ku": 1,
    "Kv": 1
  },
  "results": {
    "DDP": {
      "final_loss": 9.457596778869629,
      "avg_loss": 10.395300579071044,
      "total_time_seconds": 1.6239392757415771,
      "tokens_per_second_per_gpu": 25222.617995550037,
      "tokens_per_second_cluster": 75667.85398665011,
      "peak_memory_gb": 6.168989696,
      "mfu": 0.024893695839655304,
      "gpu_name": "NVIDIA H100 NVL",
      "sync_counts": {
        "all": 10
      },
      "losses": [
        10.93910026550293,
        10.845283508300781,
        10.888124465942383,
        10.748043060302734,
        10.500276565551758,
        10.48045539855957,
        10.289051055908203,
        9.796622276306152,
        10.008452415466309,
        9.457596778869629
      ]
    }
  }
}