{
  "timestamp": "20260429_035643",
  "config": {
    "model_size": "125M",
    "batch_size": 4,
    "gradient_accumulation": 4,
    "max_steps": 500,
    "max_seq_len": 1024,
    "learning_rate": 0.0006,
    "Kx": 1,
    "Ku": 1,
    "Kv": 1
  },
  "results": {
    "DDP": {
      "final_loss": 3.4345575869083405,
      "avg_loss": 2.979901936799288,
      "total_time_seconds": 176.8365285396576,
      "tokens_per_second_per_gpu": 46325.27039323129,
      "tokens_per_second_cluster": 138975.81117969385,
      "peak_memory_gb": 5.65778432,
      "mfu": 0.04572115357185944,
      "gpu_name": "NVIDIA H100 NVL",
      "sync_counts": {
        "all": 500
      },
      "losses": [
        11.003402709960938,
        10.913551330566406,
        10.751365661621094,
        10.592727661132812,
        10.18665885925293,
        10.032367706298828,
        9.674602508544922,
        9.465850830078125,
        9.333976745605469,
        9.17738151550293,
        8.803518295288086,
        8.866357803344727,
        8.828601837158203,
        8.666038513183594,
        12.18442153930664,
        8.706159591674805,
        8.683473587036133,
        8.539762496948242,
        8.64651870727539,
        8.439254760742188,
        8.547937393188477,
        8.458406448364258,
        8.342880249023438,
        8.496688842773438,
        8.453498840332031,
        8.40589714050293,
        8.39643669128418,
        8.389225006103516,
        8.432889938354492,
        8.401201248168945,
        8.482730865478516,
        8.255681991577148,
        8.293416976928711,
        8.226503372192383,
        8.33734130859375,
        8.446800231933594,
        8.399639129638672,
        8.203880310058594,
        8.272956848144531,
        8.171211242675781,
        8.283645629882812,
        8.228355407714844,
        8.209571838378906,
        8.073802947998047,
        8.39838981628418,
        8.243383407592773,
        8.190811157226562,
        8.061555862426758,
        8.271024703979492,
        8.183183670043945,
        8.187007904052734,
        8.237995147705078,
        8.11391830444336,
        7.97553825378418,
        8.105216979980469,
        8.178142547607422,
        8.100221633911133,
        8.062356948852539,
        7.962593078613281,
        8.014820098876953,
        7.948083877563477,
        8.087944030761719,
        7.918025970458984,
        8.08894157409668,
        7.956577301025391,
        7.95465087890625,
        8.037195205688477,
        7.829923629760742,
        7.918647766113281,
        7.985773086547852,
        7.931499481201172,
        7.817619323730469,
        7.956825256347656,
        7.828060150146484,
        7.847883224487305,
        7.792047500610352,
        7.845367431640625,
        7.804750442504883,
        7.847587585449219,
        7.78529167175293,
        7.739948272705078,
        7.790943145751953,
        7.716705322265625,
        7.835111618041992,
        7.756780624389648,
        7.694272994995117,
        7.777767181396484,
        7.518026351928711,
        7.610322952270508,
        7.7075347900390625,
        7.696935653686523,
        7.654632568359375,
        7.712972640991211,
        7.581806182861328,
        7.664838790893555,
        7.597259521484375,
        7.625921249389648,
        7.5776519775390625,
        7.639326095581055,
        7.6556549072265625,
        7.603681564331055,
        7.649679183959961,
        7.526008605957031,
        7.508310317993164,
        7.487203598022461,
        7.48430061340332,
        7.446958541870117,
        7.529157638549805,
        7.522174835205078,
        7.424957275390625,
        7.548576354980469,
        7.504053115844727,
        7.532708168029785,
        7.572216033935547,
        7.514581680297852,
        7.621429443359375,
        7.306684494018555,
        7.424083709716797,
        7.419521331787109,
        7.4696807861328125,
        7.532131195068359,
        7.505590438842773,
        7.300752639770508,
        7.221901893615723,
        7.253885269165039,
        7.334364891052246,
        7.336761474609375,
        7.265413284301758,
        7.314504623413086,
        7.1999711990356445,
        7.390627861022949,
        7.249786376953125,
        7.190243721008301,
        7.353008270263672,
        6.920177459716797,
        7.242252349853516,
        7.156299591064453,
        7.144843101501465,
        7.142608642578125,
        7.172294616699219,
        7.147623062133789,
        7.200263023376465,
        7.114286422729492,
        7.041836738586426,
        6.953090667724609,
        7.0442914962768555,
        6.91512393951416,
        7.0257768630981445,
        7.089289665222168,
        6.756557464599609,
        6.918373107910156,
        6.990767478942871,
        6.8982391357421875,
        6.865326881408691,
        6.843209266662598,
        7.022172927856445,
        6.431307792663574,
        6.663113117218018,
        6.388115882873535,
        7.0460686683654785,
        6.551616191864014,
        6.814777374267578,
        6.59061336517334,
        6.772329807281494,
        6.703881502151489,
        6.510078430175781,
        6.476133823394775,
        6.649266719818115,
        5.830947399139404,
        6.0320805311203,
        6.041087627410889,
        6.393846035003662,
        6.4546990394592285,
        6.231983184814453,
        6.659205913543701,
        5.640201807022095,
        5.984753131866455,
        5.657628178596497,
        6.0297486782073975,
        6.393285274505615,
        5.768702387809753,
        6.01966655254364,
        5.796220541000366,
        5.7942585945129395,
        6.064854621887207,
        5.533116102218628,
        6.013034343719482,
        6.207623243331909,
        6.194770574569702,
        5.419570684432983,
        5.522751450538635,
        5.16633403301239,
        5.4733299016952515,
        5.7170774936676025,
        5.885130047798157,
        6.22998309135437,
        5.695063352584839,
        5.120633482933044,
        5.145667195320129,
        5.484829545021057,
        5.767077088356018,
        5.39726996421814,
        5.921956539154053,
        5.92044734954834,
        5.845935940742493,
        6.371466398239136,
        5.6057610511779785,
        5.416256546974182,
        5.895250678062439,
        4.594944477081299,
        5.248489260673523,
        6.130128741264343,
        5.5407891273498535,
        4.845789670944214,
        3.8680878281593323,
        5.009198009967804,
        4.733104825019836,
        5.053378999233246,
        4.909121632575989,
        5.660409331321716,
        5.424265027046204,
        5.679706573486328,
        5.038723826408386,
        4.876711010932922,
        4.832607746124268,
        4.626132369041443,
        5.163657188415527,
        5.393919229507446,
        5.346381902694702,
        5.648082375526428,
        4.921078860759735,
        5.430402457714081,
        5.068696141242981,
        4.348882973194122,
        4.831154465675354,
        4.750878930091858,
        5.223006010055542,
        5.546236038208008,
        5.029958546161652,
        4.621072590351105,
        4.799386739730835,
        5.431388735771179,
        5.109657466411591,
        5.258677840232849,
        4.7785117626190186,
        4.298735082149506,
        5.38620138168335,
        5.031633377075195,
        3.995437741279602,
        4.547216773033142,
        5.409509897232056,
        5.07520604133606,
        5.494448781013489,
        4.959344148635864,
        3.1216288208961487,
        3.789303421974182,
        3.6322664618492126,
        4.127873182296753,
        4.706845283508301,
        5.017109036445618,
        5.089193522930145,
        3.735751211643219,
        4.385505199432373,
        4.667697489261627,
        4.9483160972595215,
        4.630930125713348,
        5.352409362792969,
        3.938911736011505,
        4.921249508857727,
        4.416319966316223,
