{
  "timestamp": "20260424_071242",
  "config": {
    "model_size": "125M",
    "batch_size": 4,
    "gradient_accumulation": 1,
    "max_steps": 10,
    "max_seq_len": 1024,
    "learning_rate": 0.0006,
    "Kx": 32,
    "Ku": 96,
    "Kv": 192
  },
  "results": {
    "DESLOC": {
      "final_loss": 10.290384292602539,
      "avg_loss": 10.665159606933594,
      "total_time_seconds": 2.265040636062622,
      "tokens_per_second_per_gpu": 18083.56077496332,
      "tokens_per_second_cluster": 54250.68232488996,
      "peak_memory_gb": 5.67688448,
      "mfu": 0.017847737364506733,
      "gpu_name": "NVIDIA H100 NVL",
      "sync_counts": {
        "x": 6,
        "u": 0,
        "v": 6
      },
      "losses": [
        10.93910026550293,
        10.802129745483398,
        10.811887741088867,
        10.739450454711914,
        10.638301849365234,
        10.764078140258789,
        10.65279769897461,
        10.529335021972656,
        10.484130859375,
        10.290384292602539
      ]
    }
  }
}