{
  "timestamp": "20260429_034751",
  "config": {
    "model_size": "125M",
    "batch_size": 4,
    "gradient_accumulation": 4,
    "max_steps": 500,
    "max_seq_len": 1024,
    "learning_rate": 0.0006,
    "Kx": 32,
    "Ku": 96,
    "Kv": 192
  },
  "results": {
    "DESLOC": {
      "final_loss": 5.603168249130249,
      "avg_loss": 5.353375156521797,
      "total_time_seconds": 146.25301122665405,
      "tokens_per_second_per_gpu": 56012.52193915197,
      "tokens_per_second_cluster": 168037.5658174559,
      "peak_memory_gb": 6.652639232,
      "mfu": 0.05528207597685824,
      "gpu_name": "NVIDIA H100 NVL",
      "sync_counts": {
        "x": 47,
        "u": 5,
        "v": 47
      },
      "losses": [
        11.003402709960938,
        10.902999877929688,
        10.79299545288086,
        10.73162841796875,
        10.565605163574219,
        10.521358489990234,
        10.26605224609375,
        10.21029281616211,
        10.176578521728516,
        9.98284912109375,
        9.831787109375,
        9.80291748046875,
        9.650531768798828,
        9.573970794677734,
        9.622814178466797,
        9.420238494873047,
        9.377010345458984,
        9.299722671508789,
        9.14339828491211,
        9.025602340698242,
        9.290864944458008,
        8.975383758544922,
        8.849889755249023,
        9.0181884765625,
        8.85264778137207,
        8.799524307250977,
        8.782320022583008,
        8.678613662719727,
        8.685413360595703,
        8.70228385925293,
        8.658088684082031,
        8.583467483520508,
        8.56458854675293,
        8.519880294799805,
        8.610237121582031,
        8.640995025634766,
        8.583160400390625,
        8.526519775390625,
        8.522638320922852,
        8.333438873291016,
        8.481405258178711,
        8.521749496459961,
        8.33173942565918,
        8.249807357788086,
        8.52707290649414,
        8.412006378173828,
        8.340219497680664,
        8.835344314575195,
        8.400215148925781,
        8.308597564697266,
        8.337554931640625,
        8.330730438232422,
        8.263586044311523,
        8.175941467285156,
        8.231180191040039,
        8.301521301269531,
        8.268869400024414,
        8.17498779296875,
        8.126617431640625,
        8.093847274780273,
        8.074773788452148,
        8.222023010253906,
        8.103456497192383,
        8.216903686523438,
        8.157913208007812,
        8.197092056274414,
        8.12486457824707,
        8.048187255859375,
        8.086526870727539,
        8.140924453735352,
        8.07961654663086,
        8.157434463500977,
        8.126876831054688,
        8.023229598999023,
        8.174051284790039,
        7.97157096862793,
        8.033210754394531,
        8.006357192993164,
        8.060319900512695,
        7.940221786499023,
        7.906684875488281,
        8.04121208190918,
        7.978847503662109,
        8.156829833984375,
        7.981637954711914,
        7.944435119628906,
        8.03073501586914,
        7.8551483154296875,
        7.840362548828125,
        7.965518951416016,
        7.972631454467773,
        7.896881103515625,
        7.885648727416992,
        7.799678802490234,
        7.8554534912109375,
        7.854703903198242,
        7.89063835144043,
        7.890363693237305,
        8.022701263427734,
        7.997669219970703,
        7.99138069152832,
        8.088661193847656,
        8.04024887084961,
        8.083063125610352,
        8.17330551147461,
        8.136299133300781,
        8.052961349487305,
        8.40439224243164,
        8.114286422729492,
        8.076190948486328,
        8.132806777954102,
        8.181316375732422,
        8.117725372314453,
        8.151924133300781,
        8.31637954711914,
        8.219879150390625,
        8.038618087768555,
        8.210697174072266,
        8.107624053955078,
        8.274324417114258,
        8.196918487548828,
        8.238798141479492,
        8.205448150634766,
        8.144840240478516,
        8.224637985229492,
        8.070415496826172,
        8.149129867553711,
        8.18264389038086,
        8.155977249145508,
        7.903383255004883,
        8.170515060424805,
        8.033260345458984,
        7.925050735473633,
        8.002368927001953,
        7.914756774902344,
        8.023807525634766,
        8.115299224853516,
        7.90070915222168,
        8.018749237060547,
        8.08565902709961,
        7.990812301635742,
        8.004144668579102,
        8.056081771850586,
        8.001569747924805,
        8.008340835571289,
        8.01014518737793,
        8.124906539916992,
        8.063520431518555,
        8.001260757446289,
        7.918754577636719,
        7.987749099731445,
        8.068035125732422,
        8.099601745605469,
        8.07098388671875,
        7.916313171386719,
        7.991617202758789,
        8.009292602539062,
        8.02916145324707,
        8.044818878173828,
        8.090560913085938,
        7.840700149536133,
        7.878564834594727,
        7.810642242431641,
        7.733497619628906,
        7.802984237670898,
        7.729219436645508,
        7.747074127197266,
        7.914434432983398,
        7.880306243896484,
        7.838666915893555,
        7.839826583862305,
        7.802818298339844,
        7.831872940063477,
        7.713895797729492,
        7.903341293334961,
        7.922883987426758,
        7.908710479736328,
        7.951099395751953,
        7.915431976318359,
        7.8080596923828125,
        7.794580459594727,
        7.870199203491211,
        7.823841094970703,
        7.77497673034668,
        7.842090606689453,
        7.762426376342773,
        7.942230224609375,
        7.8524322509765625,
        7.888710021972656,
        7.853389739990234,
        7.762729644775391,
        7.807332992553711,
        7.568204879760742,
        7.580806732177734,
        7.731727600097656,
        7.5887908935546875,
        7.570446014404297,
        7.635772705078125,
        7.561918258666992,
        7.609804153442383,
        7.595129013061523,
        7.642572402954102,
        7.642515182495117,
        7.753133773803711,
        7.695974349975586,
        7.791557312011719,
        7.709012985229492,
        7.73048210144043,
        7.655241012573242,
        7.649133682250977,
        7.81098747253418,
        7.737947463989258,
        7.8263702392578125,
        7.747873306274414,
        7.655282974243164,
        7.669408798217773,
        7.749967575073242,
        7.621921539306641,
        7.662281036376953,
        7.762149810791016,
        7.705957412719727,
        7.749860763549805,
        7.6936492919921875,
        7.724468231201172,
        7.473232269287109,
        7.442171096801758,
        7.527536392211914,
        7.511919021606445,
        7.508466720581055,
        7.426361083984375,
        7.452768325805664,
        7.438493728637695,
        7.565256118774414,
        7.49078369140625,
        7.496452331542969,
        7.5268402099609375,
        7.558595657348633,
        7.556875228881836,
        7.550725936889648,
        7.486330032348633,
        7.597005844116211,
        7.537418365478516,
        7.57441520690918,
        7.621240615844727,
        7.571634292602539,
        7.44432258605957,
        7.6373138427734375,
        7.582771301269531,
        7.545476913452148,
        7.56144905090332,
        7.521856307983398,
        7.607439041137695,
        7.582954406738281,
        7.606769561767578,
        7.623052597045898,
        7.54008674621582,
        7.273979187011719,
        7.253009796142578,
        7.366884231567383,
        7.394634246826172,
        7.326210021972656,
        7.23979377746582,
        7.258205413818359,
        7.3379364013671875,
        7.311140060424805,
        7.273000717163086,
        7.37799072265625,
        7.373685836791992,
        7.3560333251953125,
        7.381649017333984,
