{
  "timestamp": "20260423_042232",
  "config": {
    "model_size": "125M",
    "batch_size": 4,
    "gradient_accumulation": 8,
    "max_steps": 500,
    "max_seq_len": 1024,
    "learning_rate": 0.0006,
    "Kx": 32,
    "Ku": 96,
    "Kv": 192
  },
  "results": {
    "DESLOC": {
      "final_loss": 3.365429997444153,
      "avg_loss": 3.597984925955534,
      "total_time_seconds": 281.80234718322754,
      "tokens_per_second_per_gpu": 58140.04093211879,
      "tokens_per_second_cluster": 116280.08186423758,
      "peak_memory_gb": 6.180077056,
      "mfu": 0.1624744531044928,
      "gpu_name": "NVIDIA H100 NVL",
      "sync_counts": {
        "x": 47,
        "u": 100,
        "v": 47
      },
      "losses": [
        10.944478750228882,
        10.8384850025177,
        10.740520000457764,
        10.555423974990845,
        10.4078688621521,
        10.323557138442993,
        10.189361572265625,
        10.063821077346802,
        9.88927149772644,
        9.770934104919434,
        9.61091697216034,
        9.586724400520325,
        10.500018239021301,
        9.445066094398499,
        9.328754305839539,
        9.277946472167969,
        9.171917200088501,
        9.106950759887695,
        9.040292024612427,
        8.953205704689026,
        8.91159701347351,
        8.847044229507446,
        8.836583971977234,
        8.763307213783264,
        8.730921268463135,
        8.663454055786133,
        8.69697380065918,
        8.53598439693451,
        8.517478942871094,
        8.59518837928772,
        8.470579266548157,
        8.436951756477356,
        8.37532663345337,
        8.360464572906494,
        8.382746934890747,
        8.357170104980469,
        8.337963819503784,
        8.26978087425232,
        8.195186614990234,
        8.203348636627197,
        8.251990914344788,
        8.137523651123047,
        8.173537135124207,
        8.095090627670288,
        8.111461520195007,
        8.11249041557312,
        8.109145522117615,
        8.06871771812439,
        8.1061292886734,
        8.094333410263062,
        8.027972102165222,
        8.109457969665527,
        8.102354049682617,
        8.044734358787537,
        7.960198163986206,
        7.9700963497161865,
        7.995479702949524,
        8.00265347957611,
        7.909041404724121,
        7.962649583816528,
        7.953698515892029,
        7.858745574951172,
        7.892722845077515,
        7.850885391235352,
        7.833043336868286,
        7.884029984474182,
        7.858092784881592,
        7.8139848709106445,
        7.799795985221863,
        7.7701029777526855,
        7.763749003410339,
        7.757408380508423,
        7.864920735359192,
        7.825497508049011,
        7.840157866477966,
        7.713246464729309,
        7.771959662437439,
        7.793925166130066,
        7.743611216545105,
        7.7529356479644775,
        7.701598048210144,
        7.690134882926941,
        7.677903056144714,
        7.663964152336121,
        7.654048323631287,
        7.692278861999512,
        7.666061043739319,
        7.65685760974884,
        7.6286303997039795,
        7.5952616930007935,
        7.653854966163635,
        7.6583802700042725,
        7.596583008766174,
        7.545386791229248,
        7.581158518791199,
        7.643732666969299,
        7.672948598861694,
        7.583661794662476,
        7.618772268295288,
        7.579800009727478,
        7.7208510637283325,
        7.754458546638489,
        7.733353972434998,
        7.792957186698914,
        7.787424445152283,
        7.756548285484314,
        7.794161677360535,
        7.812411308288574,
        7.7731627225875854,
        7.79313337802887,
        7.792488694190979,
        7.751919507980347,
        7.815715670585632,
        7.802103400230408,
        7.788691401481628,
        7.772611856460571,
        7.865623235702515,
        7.809786796569824,
        7.77269184589386,
        7.749974310398102,
        7.768969774246216,
        7.762328863143921,
        7.687970161437988,
        7.68956184387207,
        7.750158786773682,
        7.743001341819763,
        7.6994287967681885,
        7.705703258514404,
        7.6175806522369385,
        7.566112279891968,
        7.521775722503662,
        7.494909167289734,
        7.458373665809631,
        7.455473780632019,
        7.526374101638794,
        7.478289604187012,
        7.360988616943359,
        7.505065202713013,
        7.448050260543823,
        7.497503459453583,
        7.4660484790802,
        7.516786336898804,
        7.56067430973053,
        7.545089840888977,
        7.461687684059143,
        7.452053546905518,
        7.432278513908386,
        7.491533041000366,
        7.474301695823669,
        7.4165650606155396,
        7.448549866676331,
        7.46146035194397,
        7.42626690864563,
        7.491417050361633,
        7.456227242946625,
        7.381774187088013,
        7.471489071846008,
        7.426238536834717,
        7.400863409042358,
        7.448678970336914,
        7.233025789260864,
        7.285053610801697,
        7.164883017539978,
        7.231913626194,
        7.212828874588013,
        7.241841077804565,
        7.193843901157379,
        7.11471301317215,
        7.169901490211487,
        7.213765025138855,
        7.020569562911987,
        7.17309033870697,
        7.125200390815735,
        7.166119039058685,
        7.211368799209595,
        7.256293594837189,
        7.184344530105591,
        7.122113466262817,
        7.113576591014862,
        7.120497226715088,
        7.170987606048584,
        7.191069722175598,
        7.157139420509338,
        7.160266876220703,
        7.104613780975342,
        7.135067999362946,
        7.113861262798309,
        7.13376647233963,
        7.176046013832092,
        7.057632803916931,
        7.087414741516113,
        6.962061107158661,
        6.998707413673401,
        7.060705661773682,
        6.8566670417785645,
        6.8219210505485535,
        6.901048064231873,
        6.888348937034607,
        6.828063666820526,
        6.975191831588745,
        6.779323041439056,
        6.804483592510223,
        6.7527430057525635,
        6.603229522705078,
        6.809017777442932,
        6.677407920360565,
        6.822838187217712,
        6.761656939983368,
        6.714739561080933,
        6.725722074508667,
        6.584689557552338,
        6.695711612701416,
        6.753661870956421,
        6.631900727748871,
        6.804892361164093,
        6.530345857143402,
        6.601770639419556,
        6.657273292541504,
        6.713066220283508,
        6.701581239700317,
        6.5649374127388,
        6.5355905294418335,
        6.666282594203949,
        6.687210500240326,
        6.298407554626465,
        6.3861870765686035,
        6.285837292671204,
        6.402718186378479,
        6.57961630821228,
        6.403204441070557,
        6.049382984638214,
        6.3905240297317505,
        6.239814639091492,
        6.074462175369263,
        6.1478049755096436,
        6.2031073570251465,
        6.270377218723297,
        6.251849353313446,
        6.098784029483795,
        6.110507309436798,
        5.987025082111359,
        6.071876347064972,
        6.123732328414917,
        5.802088439464569,
        5.812343955039978,
        5.976173937320709,
        5.937609136104584,
        5.79871279001236,
        5.580210447311401,
        5.584307968616486,
        5.672006726264954,
        5.469078421592712,
        6.096009016036987,
        5.962526202201843,
        5.674339294433594,
        5.621269762516022,
        5.812301456928253,
        5.26234644651413,
        4.717580705881119,
        5.568848788738251,
        4.95402854681015,
        5.39784574508667,
        5.315523147583008,
        5.3415738344192505,
        4.984400689601898,
        5.410482585430145,
        5.337767601013184,
        4.845507383346558,
        5.556608021259308,
