{
  "timestamp": "20260424_124401",
  "config": {
    "model_size": "1.3B",
    "batch_size": 2,
    "gradient_accumulation": 8,
    "max_steps": 500,
    "max_seq_len": 1024,
    "learning_rate": 0.0006,
    "Kx": 32,
    "Ku": 96,
    "Kv": 192
  },
  "results": {
    "DESLOC": {
      "final_loss": 8.16289472579956,
      "avg_loss": 8.17355405807495,
      "total_time_seconds": 1333.9846489429474,
      "tokens_per_second_per_gpu": 6141.000203031842,
      "tokens_per_second_cluster": 18423.000609095525,
      "peak_memory_gb": 31.791302656,
      "mfu": 0.06400207649620726,
      "gpu_name": "NVIDIA H100 NVL",
      "sync_counts": {
        "x": 47,
        "u": 5,
        "v": 47
      },
      "losses": [
        11.160517692565918,
        10.868494033813477,
        10.671737670898438,
        10.40615177154541,
        10.13741660118103,
        10.038524150848389,
        9.578335285186768,
        9.525412797927856,
        9.507452249526978,
        9.348992109298706,
        9.015933752059937,
        9.015881299972534,
        8.959564208984375,
        8.848854303359985,
        8.840489387512207,
        8.745568752288818,
        8.777034759521484,
        8.68306851387024,
        8.689879417419434,
        8.496756076812744,
        8.668097734451294,
        8.542540311813354,
        8.370337724685669,
        8.645392894744873,
        8.493826866149902,
        8.526475429534912,
        8.460842847824097,
        8.37032151222229,
        8.488420009613037,
        8.46041464805603,
        8.47588586807251,
        8.374065637588501,
        8.349714756011963,
        8.610363960266113,
        8.446517944335938,
        8.5247642993927,
        8.424612522125244,
        8.355444431304932,
        8.441948413848877,
        8.22046184539795,
        8.371603727340698,
        13.915555953979492,
        8.311480522155762,
        8.163006067276001,
        8.524139881134033,
        8.328563928604126,
        8.303852796554565,
        8.223273038864136,
        8.366709470748901,
        8.282505750656128,
        8.34614109992981,
        8.40245509147644,
        8.202817916870117,
        8.189464092254639,
        8.231523036956787,
        8.362672328948975,
        8.334169387817383,
        8.220606088638306,
        8.184950351715088,
        8.185800075531006,
        8.139897584915161,
        8.279455423355103,
        8.219111442565918,
        8.344596147537231,
        8.246524572372437,
        8.300051212310791,
        8.246662855148315,
        8.190737009048462,
        8.365364789962769,
        8.205404281616211,
        8.248989343643188,
        8.288339853286743,
        8.307281017303467,
        8.181997299194336,
        8.387182235717773,
        8.194047689437866,
        8.247021913528442,
        8.209306001663208,
        8.2742600440979,
        8.087101221084595,
        8.225900411605835,
        8.271522045135498,
        8.218107223510742,
        8.394059181213379,
        8.226983070373535,
        8.166597127914429,
        8.24544095993042,
        8.114501953125,
        8.133198022842407,
        8.249849319458008,
        8.22266173362732,
        8.213513374328613,
        8.226542234420776,
        8.069144487380981,
        8.111597537994385,
        8.185370445251465,
        8.180310010910034,
        8.199822902679443,
        8.270977020263672,
        8.237796545028687,
        8.274688959121704,
        8.400293111801147,
        8.373403549194336,
        8.457997560501099,
        8.401861429214478,
        8.495310544967651,
        8.512130975723267,
        8.511213541030884,
        8.538677215576172,
        8.427018404006958,
        8.57872748374939,
        8.666683673858643,
        8.539113283157349,
        8.611243486404419,
        8.679216384887695,
        8.574937582015991,
        8.430917263031006,
        8.543026447296143,
        8.519851446151733,
        8.673402786254883,
        8.516765832901001,
        8.70332145690918,
        8.719759464263916,
        8.614200592041016,
        8.688436031341553,
        8.563452005386353,
        8.660845756530762,
        8.718236207962036,
        8.384350299835205,
        8.208284378051758,
        8.40804648399353,
        8.321033716201782,
        8.263072967529297,
        8.361862182617188,
        8.363574266433716,
        8.483171701431274,
        8.632848978042603,
        8.436386823654175,
        8.5436372756958,
        8.656808614730835,
        8.586087942123413,
        8.592913150787354,
        8.719390392303467,
        8.527446508407593,
        8.440348148345947,
        8.549635410308838,
        8.622458219528198,
        8.598093748092651,
        8.379286050796509,
        8.417854309082031,
        8.479491233825684,
        8.537266254425049,
        8.551419258117676,
        8.565315246582031,
        8.458328008651733,
        8.562147617340088,
        8.604692459106445,
        8.595259189605713,
        8.532830476760864,
        8.623542547225952,
        8.263079404830933,
        8.373161315917969,
        8.214412927627563,
        8.158676385879517,
        8.263485193252563,
        8.310416460037231,
        8.35520625114441,
        8.45910906791687,
        8.458840131759644,
        8.378625869750977,
        8.39591670036316,
        8.330986261367798,
        8.357389450073242,
        8.252536296844482,
        8.449265480041504,
        8.439745903015137,
        8.463242053985596,
        8.529447793960571,
        8.501042127609253,
        8.445878267288208,
        8.407813310623169,
        8.505388021469116,
        8.43883490562439,
        8.410193920135498,
        8.42439866065979,
        8.288630247116089,
        8.548794984817505,
        8.408346891403198,
        8.454325199127197,
        8.594053268432617,
        8.531940698623657,
        8.550718784332275,
        8.129859685897827,
        8.252667427062988,
        8.3724045753479,
        8.103057384490967,
        8.265291929244995,
        8.354373693466187,
        8.230292797088623,
        8.33397388458252,
        8.310394763946533,
        8.44893193244934,
        8.388517141342163,
        8.51740026473999,
        8.54700779914856,
        8.548503637313843,
        8.486756801605225,
        8.43461275100708,
        8.370382070541382,
        8.397130489349365,
        8.459423065185547,
        8.444512605667114,
        8.494311094284058,
        8.413557529449463,
        8.201032876968384,
        8.248917818069458,
        8.4738929271698,
        8.366618156433105,
        8.435780763626099,
        8.466294527053833,
        8.414713859558105,
        8.486517667770386,
        8.403940439224243,
        8.394056797027588,
        8.177539587020874,
        8.21535849571228,
        8.239436388015747,
        8.19063687324524,
        8.30733036994934,
        8.203850746154785,
        8.251439571380615,
        8.184978723526001,
        8.370828628540039,
        8.303693532943726,
        8.293869733810425,
        8.37689733505249,
        8.305420160293579,
        8.355170011520386,
        8.323613405227661,
        8.342795133590698,
        8.357542514801025,
        8.346890687942505,
        8.346500873565674,
        8.404868841171265,
        8.326101779937744,
        8.307955980300903,
        8.322570323944092,
        8.236947298049927,
        8.26390027999878,
        8.277717113494873,
        8.24466586112976,
        8.351276874542236,
        8.327720642089844,
        8.362875938415527,
        8.354678630828857,
        8.286935329437256,
        8.18385124206543,
        8.28685998916626,
        8.15570330619812,
        8.169917583465576,
        8.176541090011597,
        8.211061716079712,
        8.086567401885986,
        8.262583255767822,
        8.161174774169922,
        8.1765456199646,
        8.353912353515625,
        8.350451707839966,
        8.198589324951172,
        8.297133207321167,
        8.246263980865479,
