{
  "timestamp": "20260424_213035",
  "config": {
    "model_size": "7B",
    "batch_size": 1,
    "gradient_accumulation": 16,
    "max_steps": 200,
    "max_seq_len": 1024,
    "learning_rate": 0.0006,
    "Kx": 32,
    "Ku": 96,
    "Kv": 192
  },
  "results": {
    "DESLOC": {
      "final_loss": 8.4149169921875,
      "avg_loss": 8.610709896087647,
      "total_time_seconds": 1388.584260225296,
      "tokens_per_second_per_gpu": 2359.8135841380945,
      "tokens_per_second_cluster": 4719.627168276189,
      "peak_memory_gb": 80.007530496,
      "mfu": 0.63648289920015,
      "gpu_name": "NVIDIA H20",
      "sync_counts": {
        "x": 38,
        "u": 2,
        "v": 38
      },
      "losses": [
        11.602577209472656,
        11.165761947631836,
        10.799489974975586,
        10.632680892944336,
        10.141027450561523,
        10.27914810180664,
        9.818937301635742,
        9.723535537719727,
        10.05117416381836,
        9.62417984008789,
        9.004039764404297,
        9.56705093383789,
        9.332441329956055,
        9.007776260375977,
        9.199539184570312,
        8.942031860351562,
        9.064735412597656,
        9.157609939575195,
        8.777166366577148,
        8.886451721191406,
        9.018304824829102,
        8.720146179199219,
        8.427202224731445,
        8.807640075683594,
        8.606586456298828,
        8.493082046508789,
        8.725166320800781,
        8.737701416015625,
        8.846014022827148,
        8.899856567382812,
        8.619905471801758,
        8.495269775390625,
        8.543272018432617,
        8.485309600830078,
        8.512935638427734,
        8.668478012084961,
        8.591922760009766,
        8.509845733642578,
        8.590156555175781,
        8.595743179321289,
        8.425853729248047,
        8.629678726196289,
        8.487354278564453,
        8.665243148803711,
        8.594356536865234,
        8.439170837402344,
        8.431039810180664,
        8.596477508544922,
        8.473344802856445,
        8.377927780151367,
        8.504899978637695,
        8.355405807495117,
        8.462076187133789,
        8.514928817749023,
        8.348100662231445,
        8.683784484863281,
        8.69786262512207,
        8.497949600219727,
        8.335872650146484,
        8.344486236572266,
        8.458566665649414,
        8.415740966796875,
        8.430524826049805,
        8.434043884277344,
        8.378582000732422,
        8.249122619628906,
        8.549406051635742,
        8.35451889038086,
        8.307439804077148,
        8.374637603759766,
        8.45301628112793,
        8.293787002563477,
        8.328804016113281,
        8.353288650512695,
        8.334754943847656,
        8.425497055053711,
        8.310226440429688,
        8.43069076538086,
        8.305999755859375,
        8.147994995117188,
        8.427412033081055,
        8.353145599365234,
        8.273500442504883,
        8.437257766723633,
        8.343561172485352,
        8.329975128173828,
        8.235651016235352,
        8.299911499023438,
        8.28288459777832,
        8.399717330932617,
        8.240303039550781,
        8.260204315185547,
        8.394723892211914,
        8.390129089355469,
        8.281110763549805,
        8.171968460083008,
        8.373188018798828,
        8.309202194213867,
        8.36030387878418,
        8.394601821899414,
        8.543697357177734,
        8.604257583618164,
        8.77341079711914,
        8.737499237060547,
        8.788558959960938,
        8.821395874023438,
        8.816122055053711,
        8.822153091430664,
        8.759904861450195,
        8.794902801513672,
        8.884292602539062,
        8.667200088500977,
        8.85783576965332,
        8.958993911743164,
        8.972248077392578,
        8.918670654296875,
        8.85212516784668,
        8.899726867675781,
        9.114713668823242,
        8.95798110961914,
        8.950502395629883,
        9.281362533569336,
        8.974298477172852,
        8.989200592041016,
        8.753522872924805,
        8.689355850219727,
        8.679327011108398,
        8.487035751342773,
        8.550888061523438,
        8.46835708618164,
        8.277435302734375,
        8.337642669677734,
        8.519418716430664,
        8.476852416992188,
        8.503421783447266,
        8.478094100952148,
        8.477846145629883,
        8.577394485473633,
        8.55489730834961,
        8.502050399780273,
        8.68913459777832,
        8.645519256591797,
        8.546552658081055,
        8.545999526977539,
        8.608625411987305,
        8.488424301147461,
        8.599020004272461,
        8.636983871459961,
        8.504074096679688,
        8.640266418457031,
        8.384248733520508,
        8.564697265625,
        8.54401969909668,
        8.628477096557617,
        8.77517318725586,
        8.756235122680664,
        8.581815719604492,
        8.64263916015625,
        8.670324325561523,
        8.643383026123047,
        8.325031280517578,
        8.451171875,
        8.347946166992188,
        8.444282531738281,
        8.410844802856445,
        8.41098403930664,
        8.487602233886719,
        8.359580993652344,
        8.383893966674805,
        8.521062850952148,
        8.520576477050781,
        8.44499397277832,
        8.576337814331055,
        8.557226181030273,
        8.609783172607422,
        8.581371307373047,
        8.532665252685547,
        8.563339233398438,
        8.485261917114258,
        8.630285263061523,
        8.529083251953125,
        8.709768295288086,
        8.81529426574707,
        8.635183334350586,
        8.608638763427734,
        8.587604522705078,
        8.437995910644531,
        8.640253067016602,
        8.607393264770508,
        8.682985305786133,
        8.631185531616211,
        8.482864379882812,
        8.441324234008789,
        8.313819885253906,
        8.301858901977539,
        8.257511138916016,
        8.522684097290039,
        8.167289733886719,
        8.46888542175293,
        8.4149169921875
      ]
    }
  }
}