{
  "timestamp": "20260427_095720",
  "config": {
    "model_size": "1.3B",
    "batch_size": 2,
    "gradient_accumulation": 8,
    "max_steps": 500,
    "max_seq_len": 1024,
    "learning_rate": 0.0006,
    "Kx": 1,
    "Ku": 1,
    "Kv": 1
  },
  "results": {
    "DDP": {
      "final_loss": 7.861997604370117,
      "avg_loss": 7.869892654418945,
      "total_time_seconds": 1665.5951063632965,
      "tokens_per_second_per_gpu": 4918.362193010175,
      "tokens_per_second_cluster": 14755.086579030525,
      "peak_memory_gb": 14.660929536,
      "mfu": 0.05125962919813613,
      "gpu_name": "NVIDIA H100 NVL",
      "sync_counts": {
        "all": 500
      },
      "losses": [
        11.24919319152832,
        10.908235549926758,
        10.448097229003906,
        10.106494903564453,
        9.781578063964844,
        9.658987045288086,
        9.204381942749023,
        9.356582641601562,
        9.301691055297852,
        9.245893478393555,
        9.054939270019531,
        9.119384765625,
        9.04056167602539,
        8.975421905517578,
        8.858282089233398,
        8.952510833740234,
        8.941844940185547,
        8.710441589355469,
        8.981328964233398,
        8.743829727172852,
        8.857439041137695,
        8.635848999023438,
        8.62122917175293,
        8.73042106628418,
        8.736185073852539,
        8.72712516784668,
        8.583206176757812,
        8.66273307800293,
        8.665445327758789,
        8.627662658691406,
        8.56412124633789,
        8.550439834594727,
        8.575267791748047,
        8.466264724731445,
        8.6275634765625,
        8.688562393188477,
        8.61514663696289,
        8.438148498535156,
        8.503875732421875,
        8.450857162475586,
        8.48843002319336,
        8.428543090820312,
        8.49700927734375,
        8.312870025634766,
        8.603826522827148,
        8.479787826538086,
        8.466756820678711,
        8.339847564697266,
        8.616182327270508,
        8.399913787841797,
        8.470161437988281,
        8.597606658935547,
        8.363767623901367,
        8.335002899169922,
        8.435373306274414,
        8.490034103393555,
        8.48276138305664,
        8.3734130859375,
        8.371109008789062,
        8.352094650268555,
        8.29104232788086,
        8.456130981445312,
        8.337406158447266,
        8.447164535522461,
        8.383110046386719,
        8.412290573120117,
        8.428628921508789,
        8.261070251464844,
        8.486690521240234,
        8.413846969604492,
        8.436120986938477,
        8.3414306640625,
        8.462882995605469,
        8.343347549438477,
        8.425518035888672,
        8.323141098022461,
        8.390722274780273,
        8.314861297607422,
        8.358711242675781,
        8.221939086914062,
        8.316423416137695,
        8.390560150146484,
        8.369335174560547,
        8.495418548583984,
        8.31881332397461,
        8.269096374511719,
        8.357088088989258,
        8.227359771728516,
        8.325048446655273,
        8.367643356323242,
        8.390003204345703,
        8.37786865234375,
        8.29298210144043,
        8.268903732299805,
        8.258960723876953,
        8.31867790222168,
        8.388765335083008,
        8.292718887329102,
        8.33903694152832,
        8.34384536743164,
        8.272029876708984,
        8.411615371704102,
        8.271570205688477,
        8.31307601928711,
        8.177444458007812,
        8.316719055175781,
        8.234794616699219,
        8.306062698364258,
        8.288938522338867,
        8.232946395874023,
        8.344549179077148,
        8.282665252685547,
        8.532272338867188,
        8.264249801635742,
        8.393060684204102,
        8.360815048217773,
        8.157636642456055,
        8.355707168579102,
        8.354684829711914,
        8.389232635498047,
        8.348897933959961,
        8.39382553100586,
        8.23067855834961,
        8.223382949829102,
        8.291017532348633,
        8.239356994628906,
        8.24755859375,
        8.349031448364258,
        8.367149353027344,
        8.19927978515625,
        8.383941650390625,
        8.28409194946289,
        8.239952087402344,
        8.221620559692383,
        8.203378677368164,
        8.330350875854492,
        8.4031982421875,
        8.203216552734375,
        8.22346305847168,
        8.33449935913086,
        8.289213180541992,
        8.300178527832031,
        8.35881233215332,
        8.332094192504883,
        8.17734146118164,
        8.20595932006836,
        8.394554138183594,
        8.298234939575195,
        8.269084930419922,
        8.145246505737305,
        8.286867141723633,
        8.359365463256836,
        8.331476211547852,
        8.243877410888672,
        8.200292587280273,
        8.218206405639648,
        8.316825866699219,
        8.232318878173828,
        8.254554748535156,
        8.310312271118164,
        8.224063873291016,
        8.33546257019043,
        8.197580337524414,
        8.169095993041992,
        8.252874374389648,
        8.209552764892578,
        8.220062255859375,
        8.352981567382812,
        8.361015319824219,
        8.314250946044922,
        8.262258529663086,
        8.216146469116211,
        8.225584030151367,
        8.10651969909668,
        8.251428604125977,
        8.222576141357422,
        8.31816291809082,
        8.376304626464844,
        8.2720947265625,
        8.255731582641602,
        8.2305908203125,
        8.267257690429688,
        8.211601257324219,
        8.270906448364258,
        8.179630279541016,
        8.114788055419922,
        8.349567413330078,
        8.195714950561523,
        8.349113464355469,
        8.330883026123047,
        8.242231369018555,
        8.252923965454102,
        8.156469345092773,
        8.25802993774414,
        8.366212844848633,
        8.045747756958008,
        8.270906448364258,
        8.320390701293945,
        8.143320083618164,
        8.157352447509766,
        8.215322494506836,
        8.245983123779297,
        8.223743438720703,
        8.299112319946289,
        8.30415153503418,
        8.310579299926758,
        8.250228881835938,
        8.205513000488281,
        8.184612274169922,
        8.208307266235352,
        8.302616119384766,
        8.272468566894531,
        8.325759887695312,
        8.325559616088867,
        8.097810745239258,
        8.213127136230469,
        8.324199676513672,
        8.132888793945312,
        8.218124389648438,
        8.319520950317383,
        8.21098518371582,
        8.22964859008789,
        8.289281845092773,
        8.258434295654297,
        8.196638107299805,
        8.2109375,
        8.221553802490234,
        8.123359680175781,
        8.22195816040039,
        8.231912612915039,
        8.165586471557617,
        8.12708854675293,
        8.182683944702148,
        8.227371215820312,
        8.134113311767578,
        8.197977066040039,
        8.21137809753418,
        8.177492141723633,
        8.098234176635742,
        8.179159164428711,
        8.21969985961914,
        8.222192764282227,
        8.174539566040039,
        8.196022033691406,
        8.190366744995117,
        8.12757682800293,
        8.207473754882812,
        8.11463737487793,
        8.105720520019531,
        8.161458969116211,
        8.089117050170898,
        8.165321350097656,
        8.161092758178711,
        8.168428421020508,
        8.155284881591797,
        8.129007339477539,
        8.112154006958008,
        8.29239273071289,
        8.084297180175781,
        8.152910232543945,
        8.159313201904297,
        8.085409164428711,
        8.039236068725586,
        8.191686630249023,
        8.028335571289062,
        8.040445327758789,
        8.192081451416016,
        8.098217010498047,
        8.010562896728516,
        8.087604522705078,
        8.065910339355469,
        8.1002197265625,
        8.048526763916016,
