{
  "timestamp": "20260429_054651",
  "config": {
    "model_size": "7B",
    "batch_size": 1,
    "gradient_accumulation": 8,
    "max_steps": 200,
    "max_seq_len": 2048,
    "learning_rate": 0.0006,
    "Kx": 1,
    "Ku": 1,
    "Kv": 1
  },
  "results": {
    "DDP": {
      "final_loss": 8.605621337890625,
      "avg_loss": 8.508011531829833,
      "total_time_seconds": 2412.0077815055847,
      "tokens_per_second_per_gpu": 1358.5362473228045,
      "tokens_per_second_cluster": 4075.6087419684136,
      "peak_memory_gb": 41.833108992,
      "mfu": 0.07177842116632403,
      "gpu_name": "NVIDIA H100 NVL",
      "sync_counts": {
        "all": 200
      },
      "losses": [
        11.593210220336914,
        11.58631706237793,
        14.449596405029297,
        11.549349784851074,
        10.5543212890625,
        10.679019927978516,
        10.134164810180664,
        10.750225067138672,
        10.830102920532227,
        10.252927780151367,
        10.65176773071289,
        10.112606048583984,
        10.46541976928711,
        9.808553695678711,
        9.89364242553711,
        9.848974227905273,
        9.547351837158203,
        10.172685623168945,
        9.958349227905273,
        9.986091613769531,
        9.739654541015625,
        9.781330108642578,
        9.685422897338867,
        9.632696151733398,
        9.782630920410156,
        10.031705856323242,
        9.423635482788086,
        9.742738723754883,
        9.306634902954102,
        9.844488143920898,
        9.80654525756836,
        9.349424362182617,
        9.706653594970703,
        9.690937042236328,
        9.554573059082031,
        9.591363906860352,
        9.106523513793945,
        9.869340896606445,
        9.369050979614258,
        9.415098190307617,
        9.478885650634766,
        9.320234298706055,
        9.601667404174805,
        9.036691665649414,
        9.133272171020508,
        9.131500244140625,
        9.212547302246094,
        8.758951187133789,
        8.97529411315918,
        9.233657836914062,
        9.058942794799805,
        9.129053115844727,
        9.209108352661133,
        8.917003631591797,
        8.916046142578125,
        9.359598159790039,
        8.817138671875,
        8.992414474487305,
        8.831157684326172,
        9.063859939575195,
        9.018571853637695,
        8.867826461791992,
        8.609611511230469,
        8.863086700439453,
        9.146217346191406,
        9.064697265625,
        8.983081817626953,
        8.922473907470703,
        8.780509948730469,
        8.773420333862305,
        9.144271850585938,
        8.736410140991211,
        8.531221389770508,
        8.644573211669922,
        8.947120666503906,
        8.588451385498047,
        9.121870040893555,
        8.920448303222656,
        8.596538543701172,
        8.797416687011719,
        8.866741180419922,
        9.101572036743164,
        9.096254348754883,
        8.651483535766602,
        9.102415084838867,
        8.866609573364258,
        8.426639556884766,
        8.721138000488281,
        8.818567276000977,
        8.629243850708008,
        8.631521224975586,
        8.506986618041992,
        8.59511947631836,
        8.90703010559082,
        8.862287521362305,
        8.676446914672852,
        8.640411376953125,
        8.626617431640625,
        8.791284561157227,
        8.740304946899414,
        8.432546615600586,
        8.429056167602539,
        8.600770950317383,
        8.445348739624023,
        8.5521240234375,
        8.38296890258789,
        8.631551742553711,
        8.471025466918945,
        8.34133529663086,
        8.58912467956543,
        8.735057830810547,
        8.744400024414062,
        8.619119644165039,
        8.551189422607422,
        8.64708137512207,
        8.502082824707031,
        8.494380950927734,
        8.45128059387207,
        8.608098983764648,
        8.50375747680664,
        8.695230484008789,
        8.514120101928711,
        8.441503524780273,
        8.50741195678711,
        8.603231430053711,
        8.656288146972656,
        8.517192840576172,
        8.649152755737305,
        8.529918670654297,
        8.678701400756836,
        8.702598571777344,
        8.520727157592773,
        8.76679801940918,
        8.540037155151367,
        8.432519912719727,
        8.558923721313477,
        8.728338241577148,
        8.374320983886719,
        8.63557243347168,
        8.272468566894531,
        8.410604476928711,
        8.358489990234375,
        8.47332763671875,
        8.436071395874023,
        8.468149185180664,
        8.572782516479492,
        8.54715347290039,
        8.59463119506836,
        8.565462112426758,
        8.58757209777832,
        8.522111892700195,
        8.778892517089844,
        8.538431167602539,
        8.570497512817383,
        8.632312774658203,
        8.385059356689453,
        8.413707733154297,
        8.362470626831055,
        8.735418319702148,
        8.573333740234375,
        8.596878051757812,
        8.592864990234375,
        8.374317169189453,
        8.485105514526367,
        8.419858932495117,
        8.414709091186523,
        8.56879997253418,
        8.336702346801758,
        8.36149787902832,
        8.603702545166016,
        8.614372253417969,
        8.517522811889648,
        8.541015625,
        8.592805862426758,
        8.629972457885742,
        8.329011917114258,
        8.446046829223633,
        8.530328750610352,
        8.667076110839844,
        8.402460098266602,
        8.622779846191406,
        8.511409759521484,
        8.470964431762695,
        8.423633575439453,
        8.29718017578125,
        8.427528381347656,
        8.312660217285156,
        8.449316024780273,
        8.286762237548828,
        8.330768585205078,
        8.398927688598633,
        8.555866241455078,
        8.389837265014648,
        8.472494125366211,
        8.32589340209961,
        8.222375869750977,
        8.386709213256836,
        8.317779541015625,
        8.383758544921875,
        8.605621337890625
      ]
    }
  }
}