{
  "timestamp": "20260424_134318",
  "config": {
    "model_size": "1.3B",
    "batch_size": 2,
    "gradient_accumulation": 8,
    "max_steps": 500,
    "max_seq_len": 1024,
    "learning_rate": 0.0006,
    "Kx": 32,
    "Ku": 96,
    "Kv": 192
  },
  "results": {
    "DESLOC": {
      "final_loss": 7.950378656387329,
      "avg_loss": 7.922113430500031,
      "total_time_seconds": 1336.5289874076843,
      "tokens_per_second_per_gpu": 6129.30963501892,
      "tokens_per_second_cluster": 18387.92890505676,
      "peak_memory_gb": 31.791302656,
      "mfu": 0.06388023630674142,
      "gpu_name": "NVIDIA H100 NVL",
      "sync_counts": {
        "x": 47,
        "u": 5,
        "v": 47
      },
      "losses": [
        11.249393701553345,
        10.841369152069092,
        10.609210014343262,
        10.416846990585327,
        10.088998317718506,
        10.067010641098022,
        9.620505094528198,
        9.530999183654785,
        9.479283332824707,
        9.329871892929077,
        9.002044677734375,
        8.995439767837524,
        8.908252954483032,
        8.823273181915283,
        8.835935115814209,
        8.735661029815674,
        8.770433187484741,
        8.687736988067627,
        8.695882320404053,
        8.51944637298584,
        8.714813470840454,
        8.550237894058228,
        8.368014574050903,
        8.62101697921753,
        8.4908127784729,
        8.502500772476196,
        8.459347486495972,
        8.359474420547485,
        8.474551916122437,
        8.440577983856201,
        8.455079078674316,
        8.380512237548828,
        8.358806610107422,
        8.339008808135986,
        8.438990592956543,
        14.740797519683838,
        8.4493248462677,
        8.345432043075562,
        8.462218761444092,
        8.254112720489502,
        8.407856464385986,
        8.327166080474854,
        8.267534255981445,
        8.175759077072144,
        8.528007984161377,
        8.314147472381592,
        8.295833587646484,
        8.180905818939209,
        8.355589628219604,
        16.023913860321045,
        8.448471069335938,
        8.47308349609375,
        8.267774105072021,
        8.203176975250244,
        8.247955799102783,
        8.389445543289185,
        8.356704235076904,
        8.22416067123413,
        8.218787670135498,
        8.172203063964844,
        8.146021604537964,
        8.304243564605713,
        8.22631549835205,
        8.352593421936035,
        8.251174688339233,
        8.293021440505981,
        8.27918028831482,
        8.158429861068726,
        8.325748920440674,
        8.241109609603882,
        8.242931842803955,
        8.257288694381714,
        8.28754210472107,
        8.20086669921875,
        8.425106048583984,
        8.194984674453735,
        8.281541109085083,
        8.227632284164429,
        8.287282228469849,
        8.118810892105103,
        8.166922807693481,
        8.261613845825195,
        8.215148210525513,
        8.443907260894775,
        8.201182126998901,
        8.181787729263306,
        8.26208758354187,
        8.10727572441101,
        8.151260137557983,
        8.278423547744751,
        8.224887132644653,
        8.227029800415039,
        8.20656132698059,
        8.06589674949646,
        8.21245551109314,
        8.209428071975708,
        8.234004259109497,
        8.160266637802124,
        8.262900829315186,
        8.256719827651978,
        8.315786123275757,
        8.498755931854248,
        8.376413345336914,
        8.464347839355469,
        8.428226709365845,
        9.029405117034912,
        8.639158487319946,
        11.320111751556396,
        8.644997119903564,
        8.51935887336731,
        8.623656988143921,
        8.576128005981445,
        8.503727674484253,
        8.584055423736572,
        8.700115442276001,
        8.589387655258179,
        8.416137456893921,
        8.633816242218018,
        8.6038339138031,
        8.794738054275513,
        8.72144627571106,
        8.804485559463501,
        8.742509603500366,
        8.656508207321167,
        13.681523561477661,
        8.651051044464111,
        8.867647171020508,
        8.868141174316406,
        8.40082836151123,
        8.147426128387451,
        8.477003574371338,
        8.342411041259766,
        8.255982875823975,
        8.363580465316772,
        8.384336471557617,
        8.515340566635132,
        8.630162477493286,
        8.441471576690674,
        8.555114030838013,
        8.659727334976196,
        8.641963720321655,
        8.63035535812378,
        8.75072169303894,
        8.572309970855713,
        8.488835096359253,
        8.562166213989258,
        8.640844106674194,
        8.561107635498047,
        8.40913438796997,
        8.3805410861969,
        8.499983787536621,
        8.499409437179565,
        8.547637939453125,
        8.51732611656189,
        8.38309907913208,
        8.457555770874023,
        8.495720624923706,
        8.533501148223877,
        8.439186334609985,
        8.532498359680176,
        8.240057945251465,
        8.35853123664856,
        8.189365148544312,
        8.16204023361206,
        8.249170541763306,
        8.280733823776245,
        8.31630563735962,
        8.480875730514526,
        8.545167684555054,
        8.473666667938232,
        8.466434240341187,
        8.445354223251343,
        8.46211862564087,
        8.303747177124023,
        8.49324107170105,
        8.514737606048584,
        8.545048713684082,
        8.519457340240479,
        8.465730667114258,
        8.395408153533936,
        8.353992223739624,
        8.466841459274292,
        8.394813776016235,
        8.43318772315979,
        8.403832912445068,
        8.292579650878906,
        8.432347536087036,
        8.318686246871948,
        8.397431135177612,
        8.525059223175049,
        8.515175819396973,
        8.483026027679443,
        8.13772463798523,
        8.225213766098022,
        8.317960262298584,
        8.05845594406128,
        8.18259596824646,
        8.255782842636108,
        8.169938564300537,
        8.21412992477417,
        8.231316804885864,
        8.316874265670776,
        8.258038997650146,
        8.395253896713257,
        8.398606538772583,
        8.369585990905762,
        8.340583562850952,
        8.304267406463623,
        8.778302192687988,
        8.625656366348267,
        8.63257622718811,
        8.58306097984314,
        8.538377046585083,
        8.447319030761719,
        8.225335359573364,
        8.283513069152832,
        8.54899525642395,
        8.340806722640991,
        8.432125806808472,
        8.496225595474243,
        8.364235162734985,
        8.490456104278564,
        8.384498119354248,
        8.397321701049805,
        8.159446716308594,
        8.215630769729614,
        8.210087060928345,
        8.177119970321655,
        8.268927574157715,
        8.192795038223267,
        8.207110166549683,
        8.168048620223999,
        8.318886518478394,
        8.289029598236084,
        8.26151990890503,
        8.33489990234375,
        8.29065489768982,
        8.310457468032837,
        8.29616665840149,
        8.289759635925293,
        8.295744895935059,
        8.300301313400269,
        8.301768064498901,
        8.321341037750244,
        8.30155634880066,
        8.274806261062622,
        8.26443886756897,
        8.141066551208496,
        8.204771280288696,
        8.205165147781372,
        8.207940816879272,
        8.225380420684814,
        8.264145612716675,
        8.303309202194214,
        8.287617921829224,
        8.21512246131897,
        8.052778959274292,
        8.170058965682983,
        8.06598687171936,
        8.083760261535645,
        8.082882642745972,
        8.113565683364868,
        7.9797446727752686,
        8.118382453918457,
        8.07451844215393,
        8.078879356384277,
        8.236632823944092,
        8.235027313232422,
        8.143266201019287,
        8.270055294036865,
        8.164634704589844,
