{
  "timestamp": "20260429_033739",
  "config": {
    "model_size": "125M",
    "batch_size": 4,
    "gradient_accumulation": 4,
    "max_steps": 50,
    "max_seq_len": 1024,
    "learning_rate": 0.0006,
    "Kx": 1,
    "Ku": 1,
    "Kv": 1
  },
  "results": {
    "DDP": {
      "final_loss": 8.205831527709961,
      "avg_loss": 8.793762016296387,
      "total_time_seconds": 17.8476881980896,
      "tokens_per_second_per_gpu": 45899.501991954705,
      "tokens_per_second_cluster": 137698.50597586413,
      "peak_memory_gb": 5.657772032,
      "mfu": 0.04530093751493048,
      "gpu_name": "NVIDIA H100 NVL",
      "sync_counts": {
        "all": 50
      },
      "losses": [
        11.000591278076172,
        10.948593139648438,
        10.714679718017578,
        10.576717376708984,
        10.393707275390625,
        10.12276840209961,
        9.822225570678711,
        9.426589965820312,
        9.201210021972656,
        9.034757614135742,
        9.12722396850586,
        8.878059387207031,
        8.516077041625977,
        8.69654655456543,
        8.566537857055664,
        8.435628890991211,
        8.791397094726562,
        8.63831901550293,
        8.414154052734375,
        8.658246994018555,
        8.773984909057617,
        8.44915771484375,
        8.356317520141602,
        8.332094192504883,
        8.373384475708008,
        8.356512069702148,
        8.360313415527344,
        10.336782455444336,
        8.416236877441406,
        8.134845733642578,
        8.356300354003906,
        8.51091194152832,
        8.301942825317383,
        8.347562789916992,
        8.301858901977539,
        8.237951278686523,
        8.298749923706055,
        8.344528198242188,
        8.302436828613281,
        8.364322662353516,
        8.166315078735352,
        8.345277786254883,
        8.242265701293945,
        8.38827896118164,
        8.41940689086914,
        8.327035903930664,
        8.236833572387695,
        8.049549102783203,
        8.087080001831055,
        8.205831527709961
      ]
    }
  }
}