{
  "timestamp": "20260424_230918",
  "config": {
    "model_size": "7B",
    "batch_size": 1,
    "gradient_accumulation": 16,
    "max_steps": 200,
    "max_seq_len": 1024,
    "learning_rate": 0.0006,
    "Kx": 32,
    "Ku": 32,
    "Kv": 32
  },
  "results": {
    "LocalAdam": {
      "final_loss": 8.414737701416016,
      "avg_loss": 8.430943870544434,
      "total_time_seconds": 1390.687860250473,
      "tokens_per_second_per_gpu": 2356.2440527882545,
      "tokens_per_second_cluster": 4712.488105576509,
      "peak_memory_gb": 80.007522816,
      "mfu": 0.6355201343115998,
      "gpu_name": "NVIDIA H20",
      "sync_counts": {
        "all": 38
      },
      "losses": [
        11.60982894897461,
        11.068923950195312,
        10.887351989746094,
        10.60152816772461,
        10.258565902709961,
        10.138483047485352,
        9.921890258789062,
        9.86323356628418,
        10.120365142822266,
        9.89084243774414,
        9.407064437866211,
        9.856508255004883,
        9.704132080078125,
        9.423213958740234,
        9.42055892944336,
        9.298358917236328,
        9.273733139038086,
        9.424551010131836,
        9.213687896728516,
        9.25636100769043,
        9.209808349609375,
        9.003219604492188,
        8.844520568847656,
        9.164033889770508,
        9.157773971557617,
        8.91862678527832,
        9.125526428222656,
        9.051218032836914,
        9.26169204711914,
        9.270896911621094,
        9.013429641723633,
        8.95953369140625,
        8.932973861694336,
        8.826089859008789,
        8.823751449584961,
        8.91387939453125,
        8.9561767578125,
        8.88101577758789,
        8.742969512939453,
        8.972640991210938,
        8.711376190185547,
        8.963075637817383,
        8.77642822265625,
        8.931039810180664,
        8.919363021850586,
        8.651632308959961,
        8.69845962524414,
        8.914571762084961,
        8.690328598022461,
        8.661993026733398,
        8.716314315795898,
        8.560409545898438,
        8.734294891357422,
        8.712268829345703,
        8.544013977050781,
        8.866491317749023,
        8.80797004699707,
        8.752511978149414,
        8.564176559448242,
        8.469123840332031,
        8.582881927490234,
        8.482595443725586,
        8.652385711669922,
        8.645862579345703,
        8.619205474853516,
        8.38986587524414,
        8.804962158203125,
        8.448713302612305,
        8.451105117797852,
        8.552392959594727,
        8.597694396972656,
        8.409196853637695,
        8.402875900268555,
        8.519575119018555,
        8.40400505065918,
        8.587892532348633,
        8.47346305847168,
        8.430551528930664,
        8.425638198852539,
        8.369991302490234,
        8.502382278442383,
        8.469396591186523,
        8.2978515625,
        8.509134292602539,
        8.375404357910156,
        8.412195205688477,
        8.327499389648438,
        8.427034378051758,
        8.445663452148438,
        8.461435317993164,
        8.315093994140625,
        8.359119415283203,
        8.461811065673828,
        8.497385025024414,
        8.349634170532227,
        8.162944793701172,
        8.343648910522461,
        8.495439529418945,
        8.449565887451172,
        8.334184646606445,
        8.427667617797852,
        8.412595748901367,
        8.618173599243164,
        8.414737701416016,
        8.43597412109375,
        8.525604248046875,
        8.602643966674805,
        8.599666595458984,
        8.457767486572266,
        8.508380889892578,
        8.53274917602539,
        8.498641967773438,
        8.638254165649414,
        8.624549865722656,
        8.791658401489258,
        8.47142219543457,
        8.397342681884766,
        8.56039810180664,
        9.108449935913086,
        8.597784042358398,
        8.682306289672852,
        8.679058074951172,
        8.621603012084961,
        8.580759048461914,
        8.538394927978516,
        8.499588012695312,
        8.532997131347656,
        8.323509216308594,
        8.388853073120117,
        8.374229431152344,
        8.279949188232422,
        8.352718353271484,
        8.44021224975586,
        8.372320175170898,
        8.398700714111328,
        8.349832534790039,
        8.387289047241211,
        8.466230392456055,
        8.385553359985352,
        8.363725662231445,
        8.590587615966797,
        8.533174514770508,
        8.389776229858398,
        8.418050765991211,
        8.429542541503906,
        8.3651123046875,
        8.458847045898438,
        8.550716400146484,
        8.332990646362305,
        8.414533615112305,
        8.238889694213867,
        8.31605339050293,
        8.288375854492188,
        8.388872146606445,
        8.603107452392578,
        8.522457122802734,
        8.397378921508789,
        8.445947647094727,
        8.434186935424805,
        8.439605712890625,
        8.232566833496094,
        8.375179290771484,
        8.2625732421875,
        8.337039947509766,
        8.239011764526367,
        8.341253280639648,
        8.387142181396484,
        8.32717514038086,
        8.306039810180664,
        8.39344596862793,
        8.373580932617188,
        8.361724853515625,
        8.440650939941406,
        8.377199172973633,
        8.412845611572266,
        8.394229888916016,
        8.358642578125,
        8.357736587524414,
        8.320964813232422,
        8.361988067626953,
        8.353950500488281,
        8.408201217651367,
        8.57131576538086,
        8.41966438293457,
        8.384305953979492,
        8.406740188598633,
        8.299726486206055,
        8.437232971191406,
        8.443794250488281,
        8.46357536315918,
        8.541290283203125,
        8.418590545654297,
        8.287189483642578,
        8.1942138671875,
        8.211160659790039,
        8.21391487121582,
        8.37109375,
        8.085403442382812,
        8.406795501708984,
        8.414737701416016
      ]
    }
  }
}