{
  "timestamp": "20260420_065014",
  "config": {
    "model_size": "125M",
    "batch_size": 4,
    "gradient_accumulation": 8,
    "max_steps": 500,
    "Kx": 1,
    "Ku": 1,
    "Kv": 1
  },
  "results": {
    "DESLOC": {
      "final_loss": 10.833635807037354,
      "avg_loss": 10.835493285655975,
      "total_time_seconds": 299.28689098358154,
      "tokens_per_second": 109486.92036697861,
      "peak_memory_gb": 9.816805888,
      "sync_counts": {
        "x": 500,
        "u": 500,
        "v": 500
      }
    }
  }
}