{
  "timestamp": "20260420_064505",
  "config": {
    "model_size": "125M",
    "batch_size": 4,
    "gradient_accumulation": 8,
    "max_steps": 500,
    "Kx": 1,
    "Ku": 1,
    "Kv": 1
  },
  "results": {
    "DESLOC": {
      "final_loss": 10.835564613342285,
      "avg_loss": 10.836736407279968,
      "total_time_seconds": 298.54368448257446,
      "tokens_per_second": 109759.4814534173,
      "peak_memory_gb": 9.816805888,
      "sync_counts": {
        "x": 500,
        "u": 500,
        "v": 500
      }
    }
  }
}