{
  "timestamp": "20260420_070221",
  "config": {
    "model_size": "125M",
    "batch_size": 4,
    "gradient_accumulation": 8,
    "max_steps": 500,
    "Kx": 32,
    "Ku": 32,
    "Kv": 32
  },
  "results": {
    "LocalAdam": {
      "final_loss": 10.83527660369873,
      "avg_loss": 10.836475856304169,
      "total_time_seconds": 300.20697593688965,
      "tokens_per_second": 54575.680491329724,
      "peak_memory_gb": 9.816805888,
      "sync_counts": {
        "all": 0
      }
    }
  }
}