{
  "timestamp": "20260423_120153",
  "config": {
    "model_size": "125M",
    "batch_size": 4,
    "gradient_accumulation": 8,
    "max_steps": 500,
    "max_seq_len": 1024,
    "learning_rate": 0.0006,
    "Kx": 32,
    "Ku": 96,
    "Kv": 192
  },
  "results": {
    "DESLOC": {
      "final_loss": 3.396548092365265,
      "avg_loss": 3.586802621409297,
      "total_time_seconds": 278.39437198638916,
      "tokens_per_second_per_gpu": 58851.76443437952,
      "tokens_per_second_cluster": 117703.52886875904,
      "peak_memory_gb": 6.180077056,
      "mfu": 0.16446339024553192,
      "gpu_name": "NVIDIA H100 NVL",
      "sync_counts": {
        "x": 47,
        "u": 5,
        "v": 47
      },
      "losses": [
        10.922890901565552,
        10.837175130844116,
        10.772602081298828,
        10.57316517829895,
        10.436111688613892,
        10.362588167190552,
        10.189319372177124,
        9.990423917770386,
        9.87743091583252,
        9.67669939994812,
        9.711190223693848,
        9.585121512413025,
        9.484487414360046,
        9.381032109260559,
        9.395049214363098,
        9.189401626586914,
        9.063477396965027,
        9.029391527175903,
        8.912139058113098,
        8.859442353248596,
        8.858052492141724,
        8.731459498405457,
        8.707191705703735,
        8.691522240638733,
        8.648727774620056,
        8.571003437042236,
        8.602362513542175,
        8.472650408744812,
        8.459707379341125,
        8.527156114578247,
        8.44097888469696,
        8.394697785377502,
        8.380457758903503,
        8.309889912605286,
        8.33716082572937,
        8.332625985145569,
        8.289892792701721,
        8.272377133369446,
        8.161458849906921,
        8.180596828460693,
        8.210204243659973,
        8.188547968864441,
        8.173093914985657,
        8.086550831794739,
        8.125285506248474,
        8.105256795883179,
        8.090631484985352,
        8.021586894989014,
        8.085022687911987,
        8.075803756713867,
        8.00838053226471,
        8.086588382720947,
        8.046160817146301,
        7.987446546554565,
        7.941311240196228,
        7.933340072631836,
        7.946388840675354,
        7.980132460594177,
        7.889117121696472,
        7.97038996219635,
        7.91025185585022,
        7.866537094116211,
        7.877344727516174,
        7.849590539932251,
        7.826414227485657,
        7.902300238609314,
        7.865656137466431,
        7.794113755226135,
        7.797070860862732,
        7.7632505893707275,
        7.732423186302185,
        7.753264427185059,
        7.848104119300842,
        7.838196158409119,
        7.840538263320923,
        7.712684273719788,
        7.739497423171997,
        7.802050471305847,
        7.732046484947205,
        7.746709823608398,
        7.6773072481155396,
        7.680741190910339,
        7.685075402259827,
        7.628551483154297,
        7.644940376281738,
        7.663266062736511,
        7.637322545051575,
        7.6228015422821045,
        7.607046008110046,
        7.5983065366744995,
        7.639131546020508,
        7.632312774658203,
        7.565921783447266,
        7.521403670310974,
        7.599930286407471,
        7.613233804702759,
        7.658156514167786,
        7.611541152000427,
        7.609897494316101,
        7.582969903945923,
        7.684905290603638,
        7.731775403022766,
        7.726494669914246,
        7.895317792892456,
        7.803448677062988,
        7.82148802280426,
        7.7719316482543945,
        7.84003746509552,
        7.756904602050781,
        7.751501798629761,
        7.786184191703796,
        7.7271610498428345,
        7.8144371509552,
        7.776482105255127,
        7.764496922492981,
        7.735362768173218,
        7.770363807678223,
        7.7688024044036865,
        7.7617350816726685,
        7.746167063713074,
        7.750196218490601,
        7.758720278739929,
        7.687464952468872,
        7.690938234329224,
        7.7340333461761475,
        7.744769215583801,
        7.70058810710907,
        7.650649547576904,
        7.628316164016724,
        7.506845712661743,
        7.514437437057495,
        7.457612156867981,
        7.464393973350525,
        7.4559104442596436,
        7.510053396224976,
        7.475668549537659,
        7.368078589439392,
        7.501275181770325,
        7.443463325500488,
        7.478698015213013,
        7.4599820375442505,
        7.515131831169128,
        7.588205814361572,
        7.5348615646362305,
        7.494471192359924,
        7.451657652854919,
        7.441896438598633,
        7.501220464706421,
        7.447320103645325,
        7.446509957313538,
        7.468274831771851,
        7.495504140853882,
        7.4046489000320435,
        7.524848580360413,
        7.46639883518219,
        7.422161817550659,
        7.481685757637024,
        7.418123245239258,
        7.411428213119507,
        7.4323954582214355,
        7.22995662689209,
        7.265320062637329,
        7.16762912273407,
        7.242496848106384,
        7.211375713348389,
        7.245190262794495,
        7.214194416999817,
        7.068145751953125,
        7.197178602218628,
        7.209526419639587,
        6.988765180110931,
        7.17338764667511,
        7.148177742958069,
        7.165258049964905,
        7.218655109405518,
        7.26394248008728,
        7.136509716510773,
        7.144835829734802,
        7.104324102401733,
        7.168785333633423,
        7.165212154388428,
        7.180469870567322,
        7.183358430862427,
        7.168448328971863,
        7.114560484886169,
        7.13138210773468,
        7.126159429550171,
        7.1113386154174805,
        7.185631275177002,
        7.099387168884277,
        7.125867247581482,
        7.042601466178894,
        7.039847135543823,
        7.095187425613403,
        6.924523293972015,
        6.882866442203522,
        6.94849294424057,
        6.929941177368164,
        6.864185631275177,
        7.066685080528259,
        6.847605586051941,
        6.837122082710266,
        6.8074058294296265,
        6.657491683959961,
        6.833783745765686,
        6.72902125120163,
        6.870412707328796,
        6.7755526304244995,
        6.8308128118515015,
        6.772352159023285,
        6.675809264183044,
        6.751522064208984,
        6.827525794506073,
        6.629019916057587,
        6.878768146038055,
        6.541486442089081,
        6.626293778419495,
        6.692178249359131,
        6.751613676548004,
        6.747461020946503,
        6.650735318660736,
        6.587831914424896,
        6.723399519920349,
        6.756085634231567,
        6.398853242397308,
        6.432922065258026,
        6.342747926712036,
        6.43144291639328,
        6.65910804271698,
        6.4426878690719604,
        6.154371559619904,
        6.485139071941376,
        6.289878189563751,
        6.217483878135681,
        6.234586715698242,
        6.30834174156189,
        6.297466039657593,
        6.3479602336883545,
        6.154344379901886,
        6.187274813652039,
        6.1210877895355225,
        6.144064247608185,
        6.243338167667389,
        5.935541272163391,
        5.934170246124268,
        6.029792845249176,
        6.0400097370147705,
        5.887136220932007,
        5.6397465467453,
        5.669531285762787,
        5.7859246134758,
        5.570666074752808,
        6.114734649658203,
        6.019868969917297,
        5.79069322347641,
        5.712485730648041,
        5.834997832775116,
        5.346775591373444,
        4.8217456340789795,
        5.6233251094818115,
        5.005321443080902,
        5.49952632188797,
        5.398068785667419,
        5.335200607776642,
        5.034931868314743,
        5.47363817691803,
        5.3831393122673035,
        4.937483727931976,
        5.601647853851318,
