{
  "timestamp": "20260423_030937",
  "config": {
    "model_size": "125M",
    "batch_size": 4,
    "gradient_accumulation": 8,
    "max_steps": 500,
    "max_seq_len": 1024,
    "learning_rate": 0.0006,
    "Kx": 32,
    "Ku": 96,
    "Kv": 192
  },
  "results": {
    "DESLOC": {
      "final_loss": 7.709948897361755,
      "avg_loss": 7.780382859110833,
      "total_time_seconds": 279.12658977508545,
      "tokens_per_second_per_gpu": 58697.381762167104,
      "tokens_per_second_cluster": 117394.76352433421,
      "peak_memory_gb": 6.180077056,
      "mfu": 0.16403196226862685,
      "gpu_name": "NVIDIA H100 NVL",
      "sync_counts": {
        "x": 47,
        "u": 108,
        "v": 2
      },
      "losses": [
        10.944478750228882,
        10.838486194610596,
        10.5761878490448,
        21.137375354766846,
        21.096318244934082,
        21.076716661453247,
        11.703745603561401,
        11.209226965904236,
        10.410025119781494,
        10.160893678665161,
        9.944271326065063,
        17.96212911605835,
        10.05467677116394,
        9.789990663528442,
        9.566237926483154,
        9.414338827133179,
        9.135291695594788,
        10.169997692108154,
        8.925339341163635,
        8.698530435562134,
        9.690263271331787,
        8.659818530082703,
        8.611630082130432,
        8.597606658935547,
        8.556953191757202,
        8.366723418235779,
        8.607035040855408,
        8.325242757797241,
        8.539358854293823,
        9.15288519859314,
        8.402613401412964,
        8.96756660938263,
        8.872649908065796,
        8.309345245361328,
        8.405288577079773,
        11.320898294448853,
        8.42934513092041,
        8.304157257080078,
        8.213539958000183,
        8.275258660316467,
        8.289106130599976,
        8.25906217098236,
        8.300737261772156,
        8.21678340435028,
        8.268270611763,
        8.302531003952026,
        8.243617296218872,
        8.197925448417664,
        8.33883249759674,
        8.26984167098999,
        8.237886548042297,
        8.334426999092102,
        8.577274441719055,
        8.546076536178589,
        8.226909756660461,
        8.211045622825623,
        8.253642201423645,
        8.347236275672913,
        8.273855566978455,
        8.315534830093384,
        8.278034925460815,
        8.225896000862122,
        8.205340504646301,
        8.207750797271729,
        8.193549156188965,
        8.279752016067505,
        8.2336927652359,
        8.174092054367065,
        8.171433806419373,
        8.214519023895264,
        8.197133421897888,
        8.161479353904724,
        8.286209344863892,
        8.34495234489441,
        8.26509404182434,
        8.236294746398926,
        8.238662481307983,
        8.324285745620728,
        8.256051421165466,
        8.207642078399658,
        8.180511236190796,
        8.192225694656372,
        8.252764344215393,
        8.181708455085754,
        8.211615562438965,
        8.299944996833801,
        8.181087136268616,
        8.164284586906433,
        8.132051467895508,
        8.180467128753662,
        8.232826113700867,
        8.336652517318726,
        8.20804738998413,
        8.18505573272705,
        8.718534588813782,
        8.558595180511475,
        8.228635907173157,
        8.227992296218872,
        8.251012206077576,
        8.203871726989746,
        8.25058102607727,
        8.294840097427368,
        8.266491174697876,
        8.267488241195679,
        8.319221019744873,
        8.283774018287659,
        8.231156468391418,
        8.21553921699524,
        8.170389294624329,
        8.183278918266296,
        8.183685660362244,
        8.181999683380127,
        8.245120286941528,
        8.16786539554596,
        8.250325560569763,
        8.279576539993286,
        8.253053903579712,
        8.25278627872467,
        8.212125301361084,
        8.201339840888977,
        8.238333940505981,
        8.248961687088013,
        8.184555411338806,
        8.231144070625305,
        8.506079912185669,
        8.331849932670593,
        8.375396966934204,
        8.510717630386353,
        8.206257581710815,
        13.30959177017212,
        13.035322427749634,
        12.3347886800766,
        11.60691499710083,
        10.688174962997437,
        9.75880777835846,
        9.00653350353241,
        8.427029013633728,
        8.379660964012146,
        8.218198418617249,
        8.322001457214355,
        8.310308575630188,
        8.372599720954895,
        8.979701399803162,
        8.317540407180786,
        8.137430787086487,
        8.211678862571716,
        8.265198230743408,
        8.213048100471497,
        8.214189410209656,
        8.24150002002716,
        8.28004240989685,
        8.362600445747375,
        8.224453449249268,
        8.33605945110321,
        8.309075832366943,
        8.234965920448303,
        8.298422574996948,
        8.266846656799316,
        8.288210272789001,
        8.311268210411072,
        8.19087553024292,
        15.395846128463745,
        9.077173113822937,
        8.198176264762878,
        8.208266496658325,
        8.246158719062805,
        8.223891377449036,
        8.26011598110199,
        8.201605319976807,
        8.296304106712341,
        8.2074054479599,
        8.278244376182556,
        8.319612622261047,
        8.27004587650299,
        8.234569668769836,
        8.293026208877563,
        8.290380477905273,
        8.264052152633667,
        8.17554223537445,
        8.254407048225403,
        8.167322635650635,
        8.282026410102844,
        8.254856824874878,
        8.266068816184998,
        8.307145595550537,
        8.231889843940735,
        8.316194534301758,
        8.227333903312683,
        8.39971923828125,
        8.255250692367554,
        8.234127163887024,
        8.22122573852539,
        8.18716049194336,
        8.226483583450317,
        8.20519495010376,
        8.141276836395264,
        8.18398129940033,
        8.193724274635315,
        8.164945125579834,
        8.195840716362,
        8.149616718292236,
        8.117160320281982,
        8.111446499824524,
        8.190376996994019,
        8.21869707107544,
        8.1527818441391,
        8.15146279335022,
        8.128564238548279,
        8.17988634109497,
        8.171400427818298,
        8.206482768058777,
        8.202844977378845,
        8.182600975036621,
        8.084661841392517,
        8.240138411521912,
        8.159361481666565,
        8.140506029129028,
        8.197218179702759,
        8.164077281951904,
        8.308910131454468,
        8.11142385005951,
        8.118348717689514,
        8.212285280227661,
        8.18743646144867,
        8.112376809120178,
        8.165301203727722,
        8.156953692436218,
        8.16690468788147,
        8.21165931224823,
        8.165958166122437,
        8.126651644706726,
        8.163169264793396,
        8.118579030036926,
        8.142205953598022,
        8.135537981987,
        8.118055701255798,
        8.155649185180664,
        8.131611943244934,
        8.109092473983765,
        8.1428781747818,
        8.094706654548645,
        8.180145382881165,
        8.239847302436829,
        8.181519389152527,
        8.094464659690857,
        8.184699892997742,
        8.120474457740784,
        8.165430188179016,
        8.210930109024048,
        8.124079704284668,
        8.20159649848938,
        8.191137433052063,
        8.120821475982666,
        8.172699570655823,
        8.19024646282196,
        8.161909103393555,
        8.044492959976196,
        8.04817247390747,
        8.063770532608032,
        8.044175267219543,
        8.096464037895203,
        8.08037805557251,
        8.038514018058777,
        8.123043298721313,
        8.060475707054138,
        8.114764332771301,
        8.095122575759888,
        8.107364892959595,
        8.109493255615234,
        8.091670989990234,
        8.127136826515198,
