{
  "timestamp": "20260424_024738",
  "config": {
    "model_size": "125M",
    "batch_size": 4,
    "gradient_accumulation": 4,
    "max_steps": 500,
    "max_seq_len": 1024,
    "learning_rate": 0.0006,
    "Kx": 32,
    "Ku": 96,
    "Kv": 192
  },
  "results": {
    "DESLOC": {
      "final_loss": 5.546391129493713,
      "avg_loss": 5.368269608020783,
      "total_time_seconds": 147.13731575012207,
      "tokens_per_second_per_gpu": 55675.88315877785,
      "tokens_per_second_cluster": 167027.64947633355,
      "peak_memory_gb": 6.180077056,
      "mfu": 0.15558827483271973,
      "gpu_name": "NVIDIA H100 NVL",
      "sync_counts": {
        "x": 47,
        "u": 5,
        "v": 47
      },
      "losses": [
        10.959986686706543,
        10.894495964050293,
        10.739698886871338,
        10.701218128204346,
        10.561565399169922,
        10.46282958984375,
        10.31701946258545,
        10.206562519073486,
        10.130554676055908,
        10.016481399536133,
        9.807411193847656,
        9.719646453857422,
        9.589226245880127,
        9.4719557762146,
        9.582542896270752,
        9.382583618164062,
        9.371187448501587,
        9.250590085983276,
        9.13040041923523,
        9.068582534790039,
        9.087858200073242,
        8.981911897659302,
        8.855795621871948,
        9.39492654800415,
        8.836728811264038,
        8.802616357803345,
        8.774684429168701,
        8.661527395248413,
        8.698352336883545,
        8.654496192932129,
        8.667372465133667,
        8.587372541427612,
        8.647711038589478,
        8.599864959716797,
        8.6530122756958,
        8.820340633392334,
        8.62050199508667,
        8.565195560455322,
        8.601887464523315,
        8.389480590820312,
        8.507230281829834,
        8.505804300308228,
        8.397323369979858,
        8.263232946395874,
        8.506446599960327,
        8.406440496444702,
        8.295750617980957,
        8.242238283157349,
        8.385928869247437,
        8.286277294158936,
        8.342515707015991,
        8.338379144668579,
        8.26210880279541,
        8.192186832427979,
        8.275634050369263,
        8.342914581298828,
        8.281299352645874,
        8.204005241394043,
        8.145080327987671,
        8.13275146484375,
        8.088930368423462,
        8.239090204238892,
        8.180215120315552,
        8.251509189605713,
        8.169543027877808,
        8.217036962509155,
        8.133444547653198,
        8.053620100021362,
        8.125551223754883,
        8.116857767105103,
        8.080992698669434,
        8.140210151672363,
        8.135651111602783,
        8.041832685470581,
        8.190935134887695,
        8.00959825515747,
        8.047837257385254,
        8.023815393447876,
        8.092780113220215,
        8.020416021347046,
        7.966702222824097,
        8.068922281265259,
        7.99400520324707,
        8.26700234413147,
        8.018486261367798,
        7.97329568862915,
        8.056165933609009,
        7.8668084144592285,
        7.879871606826782,
        8.004068374633789,
        7.984997987747192,
        7.914814233779907,
        7.926167964935303,
        7.804568767547607,
        7.895465612411499,
        7.840391397476196,
        7.933056116104126,
        8.025569200515747,
        8.01846718788147,
        9.292550325393677,
        7.9961535930633545,
        8.054086446762085,
        8.037522792816162,
        9.011693716049194,
        7.99701714515686,
        8.127147197723389,
        9.77718734741211,
        8.178683519363403,
        8.126762866973877,
        8.108786582946777,
        8.183670043945312,
        8.223140716552734,
        8.153444766998291,
        8.201826810836792,
        8.306251764297485,
        8.270429611206055,
        8.110228300094604,
        8.183347463607788,
        8.185814619064331,
        8.258880376815796,
        8.252857446670532,
        8.299957752227783,
        8.213278770446777,
        8.177404403686523,
        8.251001834869385,
        8.094998121261597,
        8.192020893096924,
        8.18561577796936,
        8.125500917434692,
        7.940046548843384,
        8.174596309661865,
        7.987507581710815,
        7.900039911270142,
        7.993981838226318,
        7.9119298458099365,
        8.011382818222046,
        8.121684551239014,
        7.939155340194702,
        7.987487554550171,
        8.073613405227661,
        8.005989789962769,
        8.017082929611206,
        8.089150428771973,
        7.998028993606567,
        7.997558832168579,
        8.008427858352661,
        8.108198404312134,
        8.040718793869019,
        8.041350364685059,
        7.942640542984009,
        7.991970777511597,
        8.078476428985596,
        8.02543020248413,
        8.073157787322998,
        7.93563437461853,
        8.019776582717896,
        7.9837586879730225,
        8.049311876296997,
        7.8992321491241455,
        8.059757709503174,
        7.815229654312134,
        7.881219148635864,
        7.757895469665527,
        7.695891380310059,
        7.798536062240601,
        7.707913637161255,
        7.801074981689453,
        7.861631631851196,
        7.849588871002197,
        7.823657989501953,
        7.803599834442139,
        7.743719577789307,
        7.806352853775024,
        7.749645471572876,
        7.868207216262817,
        7.8430445194244385,
        7.870694875717163,
        7.912055969238281,
        7.879644393920898,
        7.8450706005096436,
        7.80029034614563,
        7.9038307666778564,
        7.85097861289978,
        7.783835411071777,
        7.8500261306762695,
        7.786257266998291,
        7.926330327987671,
        7.86837100982666,
        7.91811990737915,
        7.865277051925659,
        7.797081351280212,
        7.782156705856323,
        7.583692789077759,
        7.619552135467529,
        7.751434087753296,
        7.5978617668151855,
        7.628992557525635,
        7.623392105102539,
        7.521183013916016,
        7.622068166732788,
        7.60085391998291,
        7.595147609710693,
        7.609093904495239,
        7.703875541687012,
        7.626789569854736,
        7.767702579498291,
        7.666428327560425,
        7.6920623779296875,
        7.621438980102539,
        7.6267900466918945,
        7.7661964893341064,
        7.749300003051758,
        7.802248001098633,
        7.710813283920288,
        7.654702663421631,
        7.6530842781066895,
        7.738220930099487,
        7.668042421340942,
        7.676922082901001,
        7.761368274688721,
        7.689179182052612,
        7.713262557983398,
        7.693897485733032,
        7.701314926147461,
        7.511803150177002,
        7.476136207580566,
        7.528443336486816,
        7.548243999481201,
        7.531228303909302,
        7.4634010791778564,
        7.4506144523620605,
        7.41606068611145,
        7.542456388473511,
        7.4524853229522705,
        7.520914316177368,
        7.493401050567627,
        7.560132026672363,
        7.4717934131622314,
        7.5850629806518555,
        7.466692686080933,
        7.585798263549805,
        7.464190483093262,
        7.560650587081909,
        7.628887414932251,
        7.550372838973999,
        7.550299644470215,
        7.6419007778167725,
        7.601849555969238,
        7.556353569030762,
        7.5796778202056885,
        7.544236183166504,
        7.643163204193115,
        7.5382421016693115,
        7.592387676239014,
        7.5856781005859375,
        7.540691137313843,
        7.31302809715271,
        7.242214202880859,
        7.361716270446777,
        7.420108079910278,
        7.3348846435546875,
        7.287433862686157,
        7.291976690292358,
        7.356706857681274,
        7.311537265777588,
        7.257606267929077,
        7.372500896453857,
        7.3525097370147705,
        7.341724872589111,
