{
  "timestamp": "20260423_125602",
  "config": {
    "model_size": "700M",
    "batch_size": 4,
    "gradient_accumulation": 8,
    "max_steps": 500,
    "max_seq_len": 1024,
    "learning_rate": 0.0006,
    "Kx": 32,
    "Ku": 96,
    "Kv": 192
  },
  "results": {
    "DESLOC": {
      "final_loss": 6.6083871722221375,
      "avg_loss": 6.861211785078049,
      "total_time_seconds": 1274.44988489151,
      "tokens_per_second_per_gpu": 12855.742853627171,
      "tokens_per_second_cluster": 25711.485707254342,
      "peak_memory_gb": 23.413277184,
      "mfu": 0.2234921378826115,
      "gpu_name": "NVIDIA H100 NVL",
      "sync_counts": {
        "x": 47,
        "u": 5,
        "v": 47
      },
      "losses": [
        11.050992488861084,
        10.89754056930542,
        10.67208480834961,
        10.36409592628479,
        10.149952411651611,
        10.05776858329773,
        9.836334705352783,
        9.628906011581421,
        9.43617844581604,
        9.277801752090454,
        9.14352560043335,
        9.130046844482422,
        8.97497808933258,
        8.90118396282196,
        8.83078157901764,
        8.779852151870728,
        8.670298337936401,
        8.667295455932617,
        8.577194690704346,
        8.524972438812256,
        8.53854775428772,
        8.522468447685242,
        8.504766464233398,
        8.483261108398438,
        8.499365448951721,
        9.403804540634155,
        8.544897675514221,
        8.385674238204956,
        8.409517645835876,
        8.506315469741821,
        8.446953296661377,
        8.48636019229889,
        8.385262250900269,
        8.306086778640747,
        8.387290358543396,
        8.407607197761536,
        8.380924463272095,
        8.283312559127808,
        8.23155403137207,
        8.2315593957901,
        8.289896011352539,
        8.266908168792725,
        8.256827473640442,
        8.186766505241394,
        11.006232380867004,
        8.30429494380951,
        8.24198305606842,
        8.203174710273743,
        8.297646641731262,
        8.259937167167664,
        8.237841963768005,
        8.360833644866943,
        8.299977660179138,
        8.238123416900635,
        8.171193242073059,
        8.1877920627594,
        8.220170974731445,
        8.313125848770142,
        8.190621972084045,
        8.238284468650818,
        8.201728343963623,
        8.190246820449829,
        8.133511543273926,
        8.163320660591125,
        8.151669025421143,
        8.24656867980957,
        8.209380507469177,
        8.105887293815613,
        8.142388463020325,
        8.131983518600464,
        8.19831645488739,
        8.12082314491272,
        8.264886617660522,
        8.256603598594666,
        8.160206198692322,
        8.133852005004883,
        8.173319339752197,
        8.302395105361938,
        8.202949047088623,
        8.152031779289246,
        8.125081896781921,
        8.13222062587738,
        8.15043592453003,
        8.11828076839447,
        8.12890350818634,
        8.197991371154785,
        8.097528219223022,
        8.060629606246948,
        8.003499984741211,
        8.07342803478241,
        8.13949990272522,
        8.25035309791565,
        8.095548033714294,
        8.033465385437012,
        8.268922448158264,
        8.16253113746643,
        8.122066736221313,
        8.12880539894104,
        8.131740808486938,
        8.130904197692871,
        8.198841452598572,
        8.230096697807312,
        8.241597533226013,
        8.237641453742981,
        8.290779113769531,
        8.307666778564453,
        8.274639248847961,
        8.243302702903748,
        8.239835619926453,
        8.251702308654785,
        8.217137813568115,
        8.241414546966553,
        8.286486268043518,
        8.219622135162354,
        8.235630750656128,
        8.297569155693054,
        8.273683071136475,
        8.267794489860535,
        8.244006752967834,
        8.183891534805298,
        8.233627080917358,
        8.278648734092712,
        8.173433542251587,
        8.178825616836548,
        8.215561151504517,
        8.226687788963318,
        8.20215892791748,
        8.243547439575195,
        8.252561330795288,
        8.184671878814697,
        8.224295616149902,
        8.12528133392334,
        8.132789015769958,
        8.098535418510437,
        8.169930696487427,
        8.223143339157104,
        8.091322422027588,
        8.226694703102112,
        8.163001298904419,
        8.160933375358582,
        8.11250650882721,
        8.166096925735474,
        8.244717359542847,
        8.1690012216568,
        8.070620775222778,
        8.126965522766113,
        8.10851275920868,
        8.110116004943848,
        8.127105116844177,
        8.130089044570923,
        8.168142080307007,
        8.209036350250244,
        8.031384825706482,
        8.145976305007935,
        8.119127869606018,
        8.10246741771698,
        8.121241092681885,
        8.175078511238098,
        8.092961549758911,
        8.094598412513733,
        7.913671970367432,
        7.995836496353149,
        7.9586217403411865,
        8.003156065940857,
        7.904785871505737,
        7.964125156402588,
        7.946071982383728,
        7.945872187614441,
        7.946072578430176,
        8.03691840171814,
        7.931518912315369,
        8.03105914592743,
        8.098605751991272,
        8.021094918251038,
        8.048150539398193,
        8.05000114440918,
        8.092047810554504,
        8.121652483940125,
        8.017351984977722,
        8.067731022834778,
        8.092520833015442,
        8.01190459728241,
        8.065358877182007,
        7.9663392305374146,
        8.082700490951538,
        8.028972506523132,
        8.030040383338928,
        7.989697098731995,
        8.12795639038086,
        8.013465285301208,
        7.966493844985962,
        7.9935609102249146,
        7.920295357704163,
        7.897414326667786,
        7.894131898880005,
        7.80742073059082,
        7.83281409740448,
        7.84098744392395,
        7.838523745536804,
        7.915287494659424,
        7.887617588043213,
        7.858137369155884,
        7.889773607254028,
        7.844667434692383,
        7.898051023483276,
        7.868281602859497,
        7.911569356918335,
        7.922622203826904,
        7.954620003700256,
        7.911448359489441,
        7.962303996086121,
        7.97298800945282,
        7.963960647583008,
        7.920812726020813,
        8.053764820098877,
        7.909431219100952,
        7.935672879219055,
        7.9723405838012695,
        7.982659935951233,
        7.9590163230896,
        7.96193528175354,
        7.980402112007141,
        7.900229573249817,
        7.981033205986023,
        7.780116319656372,
        7.737082839012146,
        7.7998223304748535,
        7.826513648033142,
        7.837879776954651,
        7.807077050209045,
        7.77742075920105,
        7.779826641082764,
        7.795261025428772,
        7.837871193885803,
        7.8815248012542725,
        7.863146424293518,
        7.881311297416687,
        7.8937050104141235,
        7.825815558433533,
        7.899103164672852,
        7.854703068733215,
        7.863254189491272,
        7.926538705825806,
        7.899469017982483,
        7.884082198143005,
        7.9056466817855835,
        7.917384147644043,
        7.934674263000488,
        7.935325026512146,
        7.906951904296875,
        7.939268589019775,
        7.92247998714447,
        7.906708598136902,
        7.856819272041321,
        7.929070234298706,
        7.867198586463928,
        7.729497790336609,
        7.728900194168091,
        7.6944819688797,
        7.7671403884887695,
        7.80159866809845,
        7.795785188674927,
        7.724710822105408,
        7.776496529579163,
        7.763341903686523,
        7.837778091430664,
        7.792974233627319,
        7.729721426963806,
        7.813543438911438,
        7.842373728752136,
