{
  "timestamp": "20260423_131758",
  "config": {
    "model_size": "700M",
    "batch_size": 4,
    "gradient_accumulation": 8,
    "max_steps": 500,
    "max_seq_len": 1024,
    "learning_rate": 0.0006,
    "Kx": 32,
    "Ku": 96,
    "Kv": 192
  },
  "results": {
    "DESLOC": {
      "final_loss": 7.804849028587341,
      "avg_loss": 7.837448596954346,
      "total_time_seconds": 1270.6091001033783,
      "tokens_per_second_per_gpu": 12894.60306766808,
      "tokens_per_second_cluster": 25789.20613533616,
      "peak_memory_gb": 23.413277184,
      "mfu": 0.2241677077359808,
      "gpu_name": "NVIDIA H100 NVL",
      "sync_counts": {
        "x": 47,
        "u": 5,
        "v": 47
      },
      "losses": [
        11.050992488861084,
        10.897554159164429,
        10.67207956314087,
        10.364094495773315,
        10.14995551109314,
        10.057762742042542,
        9.836332201957703,
        9.628921508789062,
        9.436191439628601,
        9.277819156646729,
        9.1435307264328,
        9.130062103271484,
        8.974993348121643,
        8.901194334030151,
        8.830782771110535,
        8.779838800430298,
        8.67031180858612,
        8.6672945022583,
        8.577202200889587,
        8.524975419044495,
        8.538547992706299,
        8.522475242614746,
        8.504774570465088,
        8.483263850212097,
        8.499371528625488,
        9.412938952445984,
        8.544907927513123,
        8.385631442070007,
        8.409411430358887,
        8.506353259086609,
        8.446757435798645,
        8.49696934223175,
        8.385319709777832,
        8.308290243148804,
        8.38036572933197,
        8.406290531158447,
        8.386994242668152,
        8.283798098564148,
        8.244908332824707,
        8.234816312789917,
        8.29676628112793,
        8.271142482757568,
        8.262417078018188,
        8.198487401008606,
        8.296850204467773,
        8.296179294586182,
        8.234552145004272,
        11.73675286769867,
        8.297372937202454,
        8.261858940124512,
        8.238817691802979,
        8.358408808708191,
        8.291550278663635,
        8.238823771476746,
        8.171839356422424,
        8.182002663612366,
        8.216297268867493,
        8.307907223701477,
        8.197402119636536,
        8.231455206871033,
        8.20986545085907,
        8.211202025413513,
        8.153546333312988,
        8.175248742103577,
        8.165711879730225,
        8.2717946767807,
        8.224927306175232,
        8.128895163536072,
        8.184375762939453,
        8.193734288215637,
        8.201730370521545,
        8.146890759468079,
        8.29955518245697,
        8.300212264060974,
        8.229897499084473,
        8.194297432899475,
        8.203760504722595,
        8.313587546348572,
        8.212084650993347,
        8.181991696357727,
        8.176903128623962,
        8.162881255149841,
        8.192653059959412,
        8.167746543884277,
        8.162858128547668,
        8.255658507347107,
        8.152725577354431,
        8.132688045501709,
        8.067933797836304,
        8.13654339313507,
        8.185734033584595,
        8.244354963302612,
        8.141674399375916,
        8.11987853050232,
        8.239481449127197,
        8.922104835510254,
        8.203586220741272,
        8.144987940788269,
        8.168290257453918,
        8.180168867111206,
        8.276490330696106,
        9.374059081077576,
        8.399928212165833,
        8.39599072933197,
        8.461656093597412,
        8.414280414581299,
        8.36137342453003,
        8.345716953277588,
        8.36929452419281,
        8.36842930316925,
        8.33664071559906,
        8.364632725715637,
        8.395111918449402,
        8.299562811851501,
        8.375937938690186,
        8.414118885993958,
        8.447330355644226,
        8.38956606388092,
        8.415005445480347,
        8.34808611869812,
        8.340814113616943,
        8.41231882572174,
        8.315698504447937,
        8.355311155319214,
        8.362944722175598,
        8.392839312553406,
        8.338808178901672,
        8.444738388061523,
        8.323509812355042,
        8.272575855255127,
        8.318309545516968,
        8.236536979675293,
        8.286412954330444,
        8.245192766189575,
        8.340622186660767,
        8.401264429092407,
        8.28480315208435,
        8.405653834342957,
        8.373393297195435,
        8.375329375267029,
        8.372665524482727,
        8.45755648612976,
        8.51675271987915,
        8.429229140281677,
        8.327102899551392,
        8.405818343162537,
        8.449432015419006,
        8.354095220565796,
        8.362608790397644,
        8.364312291145325,
        8.372631072998047,
        8.43436849117279,
        8.30263602733612,
        8.399199724197388,
        8.455222606658936,
        8.30635142326355,
        8.399494051933289,
        8.394514799118042,
        8.342897057533264,
        8.386767983436584,
        8.25197458267212,
        8.288392663002014,
        8.24039340019226,
        8.221617937088013,
        8.195499300956726,
        8.237865090370178,
        8.190142750740051,
        8.255077481269836,
        8.190704703330994,
        8.34592616558075,
        8.291184425354004,
        8.381131172180176,
        8.448957562446594,
        8.376940488815308,
        8.385272026062012,
        8.396505355834961,
        8.40581727027893,
        8.362540483474731,
        8.25554370880127,
        8.35325562953949,
        8.266765594482422,
        8.303191423416138,
        8.314105749130249,
        8.28454577922821,
        8.367987275123596,
        8.286307573318481,
        8.351694345474243,
        8.224038004875183,
        8.381828665733337,
        8.256944060325623,
        8.228703022003174,
        8.254316210746765,
        8.209156394004822,
        8.174021124839783,
        8.193230867385864,
        8.108357071876526,
        8.13602089881897,
        8.071596622467041,
        8.113364934921265,
        8.13996970653534,
        8.131361603736877,
        8.128669500350952,
        8.1063951253891,
        8.146790266036987,
        8.148301124572754,
        8.139910459518433,
        8.173173069953918,
        8.145795702934265,
        8.127664566040039,
        8.16513991355896,
        8.196757316589355,
        8.13763701915741,
        8.142610907554626,
        8.058422207832336,
        8.206329464912415,
        8.110141634941101,
        8.132910013198853,
        8.140029072761536,
        8.101645231246948,
        8.162827372550964,
        8.10159683227539,
        8.09143877029419,
        8.06335723400116,
        8.127124071121216,
        7.9930291175842285,
        8.00521969795227,
        8.003228902816772,
        8.051995158195496,
        8.027775645256042,
        8.043846845626831,
        7.997701048851013,
        7.968906283378601,
        8.033666253089905,
        8.038087725639343,
        8.03940463066101,
        7.99392294883728,
        8.039214253425598,
        8.054508328437805,
        8.03898549079895,
        8.043527603149414,
        8.02162504196167,
        8.041939616203308,
        8.090952157974243,
        8.085513591766357,
        8.017175912857056,
        8.057726740837097,
        8.036976218223572,
        8.073362231254578,
        8.08686625957489,
        8.036529064178467,
        8.102722644805908,
        8.070406079292297,
        8.090811252593994,
        8.050414323806763,
        8.046209812164307,
        8.025222778320312,
        7.894920229911804,
        7.907209873199463,
        7.89795458316803,
        7.903702139854431,
        7.98971700668335,
        7.9861146211624146,
        7.894803166389465,
        7.919300079345703,
        7.930544972419739,
        7.996469855308533,
        7.928483486175537,
        7.953241467475891,
        7.996636867523193,
        8.000199317932129,
        8.00951063632965,
