{
  "timestamp": "20260424_024500",
  "config": {
    "model_size": "125M",
    "batch_size": 4,
    "gradient_accumulation": 4,
    "max_steps": 500,
    "max_seq_len": 1024,
    "learning_rate": 0.0006,
    "Kx": 32,
    "Ku": 96,
    "Kv": 192
  },
  "results": {
    "DESLOC": {
      "final_loss": 5.69431734085083,
      "avg_loss": 5.404951180815697,
      "total_time_seconds": 147.0740225315094,
      "tokens_per_second_per_gpu": 55699.84324216693,
      "tokens_per_second_cluster": 167099.5297265008,
      "peak_memory_gb": 6.180077056,
      "mfu": 0.15565523215477464,
      "gpu_name": "NVIDIA H100 NVL",
      "sync_counts": {
        "x": 47,
        "u": 5,
        "v": 47
      },
      "losses": [
        10.929780006408691,
        10.85132360458374,
        10.7831392288208,
        10.673702239990234,
        10.531861305236816,
        10.525394439697266,
        10.31199312210083,
        10.225578784942627,
        10.134667873382568,
        9.999251365661621,
        9.81022024154663,
        9.699075698852539,
        9.574107646942139,
        9.490522861480713,
        9.415846347808838,
        9.329563617706299,
        9.266316413879395,
        9.254874229431152,
        9.1957426071167,
        9.060587167739868,
        9.104326486587524,
        8.965157985687256,
        8.852623224258423,
        8.966864585876465,
        8.79783582687378,
        8.822831869125366,
        8.97269868850708,
        8.663307905197144,
        8.709240198135376,
        8.698762893676758,
        8.621127367019653,
        8.63558292388916,
        8.613173007965088,
        8.529386520385742,
        8.718284130096436,
        8.653584003448486,
        8.585769176483154,
        8.752931833267212,
        8.6373450756073,
        8.406042098999023,
        8.510053396224976,
        8.471869468688965,
        8.4187593460083,
        8.307965517044067,
        8.534013032913208,
        8.444965124130249,
        8.34769606590271,
        8.234994411468506,
        8.393644332885742,
        8.354331016540527,
        8.362418413162231,
        8.352444648742676,
        8.286097526550293,
        8.19207239151001,
        8.240126371383667,
        8.32382345199585,
        8.280795335769653,
        8.188161849975586,
        8.136477947235107,
        8.11091160774231,
        8.088193655014038,
        8.237771272659302,
        8.119506597518921,
        8.228150844573975,
        8.16377305984497,
        8.209451675415039,
        8.1250638961792,
        8.065983533859253,
        8.082772970199585,
        8.103113889694214,
        8.036015748977661,
        8.186671018600464,
        8.122104167938232,
        8.033871412277222,
        8.178478002548218,
        7.99131178855896,
        8.035715103149414,
        8.015592575073242,
        8.077226161956787,
        7.961655378341675,
        7.936683893203735,
        8.036197662353516,
        8.052990436553955,
        8.187732458114624,
        7.994087219238281,
        7.952885627746582,
        8.0382719039917,
        7.876278877258301,
        7.884113788604736,
        7.992004871368408,
        7.9646217823028564,
        7.931752443313599,
        7.936481237411499,
        7.8030030727386475,
        7.9060328006744385,
        7.874752998352051,
        7.936985492706299,
        7.883805274963379,
        8.031667470932007,
        8.37456750869751,
        8.002461194992065,
        8.262548446655273,
        8.066988706588745,
        8.572265148162842,
        8.010482549667358,
        8.123603582382202,
        7.9654834270477295,
        8.110594511032104,
        8.082682132720947,
        8.068853855133057,
        8.161389112472534,
        8.178056955337524,
        8.215119361877441,
        8.179499626159668,
        8.294448375701904,
        8.251135349273682,
        8.063279390335083,
        8.128742456436157,
        8.169668436050415,
        8.246095180511475,
        8.193013429641724,
        8.275914192199707,
        8.169578075408936,
        8.133749723434448,
        8.196157932281494,
        8.051275491714478,
        8.297098636627197,
        8.218286514282227,
        8.082111120223999,
        7.899291276931763,
        8.152346849441528,
        8.021429061889648,
        7.916475534439087,
        8.005725145339966,
        7.935295820236206,
        8.079468965530396,
        8.140089750289917,
        7.9958720207214355,
        8.04282808303833,
        8.126701354980469,
        8.033751487731934,
        8.030426502227783,
        8.076398611068726,
        8.047526121139526,
        8.053547620773315,
        8.063812017440796,
        8.085389614105225,
        8.071057319641113,
        8.009635925292969,
        7.908767461776733,
        8.002081632614136,
        8.085024356842041,
        8.01949429512024,
        8.057701587677002,
        7.89825177192688,
        7.997643232345581,
        8.039498805999756,
        8.049012899398804,
        7.876882791519165,
        8.055003643035889,
        7.8287763595581055,
        7.89846396446228,
        7.799250364303589,
        7.722795009613037,
        7.781551361083984,
        7.770241737365723,
        7.789673089981079,
        7.8885908126831055,
        7.832060813903809,
        7.813650131225586,
        7.848913192749023,
        7.794593334197998,
        7.82267427444458,
        7.763935804367065,
        7.858947992324829,
        7.850176095962524,
        7.916749715805054,
        7.948633909225464,
        7.9047346115112305,
        7.8513875007629395,
        7.786772012710571,
        7.946147441864014,
        7.865097284317017,
        7.813983678817749,
        7.8416664600372314,
        7.729613542556763,
        7.925914287567139,
        7.823437690734863,
        7.891784429550171,
        7.897363185882568,
        7.822145462036133,
        7.804883718490601,
        7.607255697250366,
        7.6340672969818115,
        7.759844064712524,
        7.60690712928772,
        7.6203367710113525,
        7.633270263671875,
        7.570160150527954,
        7.632222652435303,
        7.629263877868652,
        7.6488401889801025,
        7.641812562942505,
        7.7576704025268555,
        7.702832460403442,
        7.807038307189941,
        7.688620090484619,
        7.7108070850372314,
        7.655629396438599,
        7.700711250305176,
        7.824307680130005,
        7.750333309173584,
        7.765259504318237,
        7.688694715499878,
        7.64708399772644,
        7.6821277141571045,
        7.736063241958618,
        7.620773077011108,
        7.696564435958862,
        7.723883390426636,
        7.710889577865601,
        7.726321458816528,
        7.6773598194122314,
        7.677185773849487,
        7.4750378131866455,
        7.4522528648376465,
        7.530881881713867,
        7.510618686676025,
        7.566782474517822,
        7.440726280212402,
        7.4126880168914795,
        7.3994550704956055,
        7.563063144683838,
        7.496612787246704,
        7.47568154335022,
        7.526548385620117,
        7.541812181472778,
        7.50229287147522,
        7.550161600112915,
        7.439735412597656,
        7.609886884689331,
        7.506532907485962,
        7.611978530883789,
        7.619070529937744,
        7.571627378463745,
        7.515464901924133,
        7.639221429824829,
        7.56960654258728,
        7.506328105926514,
        7.54703688621521,
        7.478922128677368,
        7.626966714859009,
        7.586230516433716,
        7.609738111495972,
        7.598818778991699,
        7.521605968475342,
        7.2866387367248535,
        7.284939765930176,
        7.41422963142395,
        7.4247424602508545,
        7.370845556259155,
        7.289170980453491,
        7.262109279632568,
        7.382640361785889,
        7.325923204421997,
        7.286629676818848,
        7.396178245544434,
        7.401874303817749,
        7.331547975540161,
