{
  "timestamp": "20260422_101916",
  "config": {
    "model_size": "125M",
    "batch_size": 4,
    "gradient_accumulation": 4,
    "max_steps": 500,
    "max_seq_len": 1024,
    "learning_rate": 0.0006,
    "Kx": 32,
    "Ku": 96,
    "Kv": 192
  },
  "results": {
    "DESLOC": {
      "final_loss": 8.17041301727295,
      "avg_loss": 8.107259380817414,
      "total_time_seconds": 154.24750971794128,
      "tokens_per_second_per_gpu": 53109.447374417796,
      "tokens_per_second_cluster": 106218.89474883559,
      "peak_memory_gb": 9.816805888,
      "mfu": 0.12701008315876214,
      "gpu_name": "NVIDIA A100 80GB PCIe",
      "sync_counts": {
        "x": 15,
        "u": 5,
        "v": 2
      },
      "losses": [
        11.009485721588135,
        10.933293342590332,
        10.889796733856201,
        10.810254096984863,
        10.698975801467896,
        10.454902172088623,
        10.377146244049072,
        10.257988929748535,
        10.051589250564575,
        9.887084007263184,
        9.821956396102905,
        9.732416152954102,
        9.886332035064697,
        9.559245824813843,
        9.299124002456665,
        9.420537948608398,
        9.435905694961548,
        9.573493003845215,
        9.298344850540161,
        9.497726202011108,
        9.175191879272461,
        9.283146142959595,
        9.250563859939575,
        8.943547487258911,
        9.130887269973755,
        9.013474702835083,
        8.880321502685547,
        8.994036674499512,
        8.888461828231812,
        8.901562929153442,
        8.791959047317505,
        8.508692026138306,
        8.71941876411438,
        8.622852563858032,
        8.666443824768066,
        8.462972402572632,
        8.499012231826782,
        8.579613447189331,
        8.454048156738281,
        8.794206142425537,
        8.551630973815918,
        8.641495943069458,
        8.58912444114685,
        8.528371810913086,
        8.503709316253662,
        8.41824984550476,
        8.4471595287323,
        8.414103984832764,
        8.61867356300354,
        8.540121793746948,
        8.386831283569336,
        8.29706597328186,
        8.515119791030884,
        8.60135555267334,
        8.638820886611938,
        8.578528881072998,
        8.581058979034424,
        8.531688451766968,
        8.58222770690918,
        8.481268405914307,
        8.483369588851929,
        8.430278539657593,
        8.342242240905762,
        8.416213035583496,
        8.295325994491577,
        8.245875597000122,
        8.37401008605957,
        8.191675901412964,
        8.338059425354004,
        8.366388320922852,
        8.74457836151123,
        8.269216299057007,
        8.3897864818573,
        8.187589883804321,
        8.313027381896973,
        8.562758684158325,
        8.333532094955444,
        8.352605819702148,
        8.329663038253784,
        8.418256282806396,
        8.35646104812622,
        8.420555114746094,
        8.403254270553589,
        8.394527673721313,
        8.317352533340454,
        8.173882961273193,
        8.349100828170776,
        8.324352025985718,
        8.35213327407837,
        8.195504903793335,
        8.260082006454468,
        8.399935245513916,
        8.315224647521973,
        8.28188419342041,
        8.27588152885437,
        8.162072658538818,
        8.18152403831482,
        57.691734313964844,
        52.97958755493164,
        52.95596122741699,
        42.81699752807617,
        31.81762981414795,
        17.380358695983887,
        8.446312427520752,
        8.532924890518188,
        8.43137788772583,
        8.367615938186646,
        8.607506036758423,
        8.549038648605347,
        8.338594198226929,
        8.357202768325806,
        8.45481824874878,
        8.43407654762268,
        8.559704303741455,
        8.790716171264648,
        8.734621286392212,
        8.522331476211548,
        8.551464319229126,
        8.376516103744507,
        8.521803855895996,
        8.471587657928467,
        8.324743509292603,
        8.492726802825928,
        8.530654907226562,
        8.528554439544678,
        8.427958726882935,
        8.388017654418945,
        8.403910636901855,
        8.34438180923462,
        8.368064165115356,
        8.206786155700684,
        8.196271419525146,
        8.19295620918274,
        8.348349332809448,
        8.285747051239014,
        8.13826298713684,
        8.331018686294556,
        8.170954942703247,
        8.294857025146484,
        8.359857559204102,
        8.228822469711304,
        8.402066707611084,
        8.424647331237793,
        8.256358623504639,
        8.292162656784058,
        8.191780090332031,
        8.245698690414429,
        8.193420171737671,
        8.302999258041382,
        8.223722696304321,
        8.290151596069336,
        8.316394329071045,
        8.387174129486084,
        8.323174238204956,
        8.190924406051636,
        8.371551752090454,
        8.274459838867188,
        8.134048700332642,
        8.292931318283081,
        8.328155279159546,
        8.231154680252075,
        8.233160972595215,
        8.208538055419922,
        8.29366397857666,
        8.157442331314087,
        8.271413087844849,
        8.173517227172852,
        8.30964469909668,
        8.278091192245483,
        8.241700410842896,
        8.28769826889038,
        8.282806396484375,
        8.400850772857666,
        8.347824573516846,
        8.235793828964233,
        8.30535101890564,
        8.166664838790894,
        8.19252061843872,
        8.263070821762085,
        8.269758224487305,
        8.272278308868408,
        8.339420318603516,
        8.354450464248657,
        8.294695854187012,
        8.25698733329773,
        8.190322875976562,
        8.171527862548828,
        8.220476627349854,
        8.264058113098145,
        8.150289297103882,
        8.224146842956543,
        8.082202911376953,
        8.19133472442627,
        8.16091275215149,
        8.04729676246643,
        9.810115098953247,
        9.766099452972412,
        10.527144432067871,
        10.695029973983765,
        9.054454565048218,
        8.249334573745728,
        8.223140478134155,
        8.15936827659607,
        8.154495477676392,
        8.203375816345215,
        8.177772760391235,
        8.181663990020752,
        8.167407512664795,
        8.113941669464111,
        8.435307741165161,
        8.207656621932983,
        8.125015258789062,
        8.241662979125977,
        8.16946005821228,
        8.174587726593018,
        8.231300830841064,
        8.280219554901123,
        8.103142023086548,
        8.140470266342163,
        8.118277549743652,
        8.257351398468018,
        8.138783931732178,
        8.1203134059906,
        7.971936941146851,
        8.15714168548584,
        8.180382013320923,
        8.101859092712402,
        8.137885570526123,
        8.251452207565308,
        8.149221181869507,
        8.158336400985718,
        8.117117643356323,
        8.195246458053589,
        8.179889917373657,
        8.15857982635498,
        8.108789443969727,
        8.288546562194824,
        8.346242904663086,
        8.142150402069092,
        8.176520824432373,
        8.197495460510254,
        8.18657922744751,
        8.057963371276855,
        8.12958550453186,
        8.16847538948059,
        8.291764974594116,
        8.1860671043396,
        8.222973346710205,
        8.096185207366943,
        8.17501974105835,
        8.179923057556152,
        8.148495197296143,
        8.198456287384033,
        8.18846082687378,
        8.201228857040405,
        8.04173493385315,
        8.070101499557495,
        8.23339295387268,
        8.025770425796509,
        8.076849460601807,
        8.160951852798462,
        8.025697469711304,
        8.10010576248169,
        8.0338294506073,
        8.164873600006104,
        8.124860525131226,
        8.197258949279785,
        8.147935390472412,
        8.074712991714478,
        8.192003726959229,
