{
  "timestamp": "20260424_033035",
  "config": {
    "model_size": "700M",
    "batch_size": 4,
    "gradient_accumulation": 4,
    "max_steps": 500,
    "max_seq_len": 1024,
    "learning_rate": 0.0006,
    "Kx": 1,
    "Ku": 1,
    "Kv": 1
  },
  "results": {
    "DDP": {
      "final_loss": 7.716652870178223,
      "avg_loss": 7.712038987874985,
      "total_time_seconds": 842.3765857219696,
      "tokens_per_second_per_gpu": 9724.866691277917,
      "tokens_per_second_cluster": 29174.600073833753,
      "peak_memory_gb": 26.510022144,
      "mfu": 0.169063061715168,
      "gpu_name": "NVIDIA H100 NVL",
      "sync_counts": {
        "all": 500
      },
      "losses": [
        11.08376932144165,
        10.897664546966553,
        10.551299810409546,
        10.223980903625488,
        9.84386134147644,
        9.698019027709961,
        9.173609256744385,
        9.205931425094604,
        9.172374963760376,
        9.297513484954834,
        8.784412145614624,
        8.932833194732666,
        8.880332946777344,
        14.978211402893066,
        8.641286373138428,
        8.754014492034912,
        8.788808584213257,
        8.525930881500244,
        8.74614691734314,
        8.513245582580566,
        8.680710315704346,
        8.464989423751831,
        8.410599708557129,
        8.576541423797607,
        8.5387864112854,
        8.632707834243774,
        8.470990419387817,
        8.47862434387207,
        8.544395923614502,
        8.495926856994629,
        8.49563455581665,
        8.389506816864014,
        8.388765096664429,
        8.34833288192749,
        8.482120990753174,
        8.597283363342285,
        8.522757530212402,
        8.322672843933105,
        8.402785301208496,
        8.310023784637451,
        8.390079975128174,
        8.322228193283081,
        8.330625295639038,
        8.236268043518066,
        8.485963821411133,
        8.40818738937378,
        8.365351676940918,
        8.275635719299316,
        8.469539403915405,
        8.348284721374512,
        8.383810043334961,
        8.47852873802185,
        8.244463205337524,
        8.208984136581421,
        8.310050249099731,
        8.44033408164978,
        8.396084785461426,
        8.29364275932312,
        8.292000532150269,
        8.253153324127197,
        8.215155601501465,
        8.396572351455688,
        8.242010116577148,
        8.397476434707642,
        8.332374811172485,
        8.358367681503296,
        8.342735528945923,
        8.192553997039795,
        8.367584228515625,
        8.341292381286621,
        8.350331544876099,
        8.267839670181274,
        8.402736186981201,
        8.251429796218872,
        8.36402153968811,
        8.260963916778564,
        8.323592901229858,
        8.23525357246399,
        8.290143013000488,
        8.172041893005371,
        8.260072231292725,
        8.332409143447876,
        8.258249044418335,
        8.459494829177856,
        8.255581855773926,
        8.231121063232422,
        8.300437927246094,
        8.15733003616333,
        8.243596315383911,
        8.314537763595581,
        8.317383527755737,
        8.286022901535034,
        8.246180057525635,
        8.202751636505127,
        8.219470739364624,
        8.263656377792358,
        8.288075923919678,
        8.220323085784912,
        8.297566175460815,
        8.275534629821777,
        8.208134651184082,
        8.336158037185669,
        8.2457754611969,
        8.275672435760498,
        8.12048864364624,
        8.277827024459839,
        8.17151665687561,
        8.274896144866943,
        8.247425556182861,
        8.183172464370728,
        8.288393259048462,
        8.248098134994507,
        8.230744123458862,
        8.222139835357666,
        8.338367223739624,
        8.283740520477295,
        8.132953882217407,
        8.270438432693481,
        8.26024866104126,
        8.290114164352417,
        8.272999286651611,
        8.329163789749146,
        8.170750617980957,
        8.175235271453857,
        8.24439001083374,
        8.18091106414795,
        8.213358402252197,
        8.29287838935852,
        8.29936695098877,
        8.131845712661743,
        8.327268838882446,
        8.239875793457031,
        8.208046674728394,
        8.169720888137817,
        8.165876150131226,
        8.247835636138916,
        8.336509227752686,
        8.155966520309448,
        8.175283432006836,
        8.246190786361694,
        8.21484088897705,
        8.23530888557434,
        8.285297155380249,
        8.245637655258179,
        8.129611730575562,
        8.165743827819824,
        8.296015501022339,
        8.231194972991943,
        8.22110629081726,
        8.105506896972656,
        8.198354721069336,
        8.275704383850098,
        8.239795207977295,
        8.182469129562378,
        8.141113758087158,
        8.168972253799438,
        8.248504638671875,
        8.169583797454834,
        8.166943550109863,
        8.24849820137024,
        8.15882158279419,
        8.269546031951904,
        8.139373302459717,
        8.119608640670776,
        8.171417951583862,
        8.141446113586426,
        8.155808448791504,
        8.278013467788696,
        8.25858759880066,
        8.240390062332153,
        8.216668605804443,
        8.096846580505371,
        8.154944896697998,
        8.047126531600952,
        8.192801475524902,
        8.168946027755737,
        8.202927589416504,
        8.287995338439941,
        8.246328115463257,
        8.191085577011108,
        8.14815640449524,
        8.189674139022827,
        8.147478580474854,
        8.182869672775269,
        8.099589824676514,
        8.063926696777344,
        8.248952150344849,
        8.136550903320312,
        8.269740581512451,
        8.23967170715332,
        8.153927326202393,
        8.14823842048645,
        8.087890863418579,
        8.151526689529419,
        8.278146982192993,
        8.006393671035767,
        8.161622524261475,
        8.248502969741821,
        8.055153846740723,
        8.076808452606201,
        8.145575523376465,
        8.176536798477173,
        8.127281427383423,
        8.204692363739014,
        8.203060150146484,
        8.24412488937378,
        8.18639063835144,
        8.145166873931885,
        8.098344564437866,
        8.144938707351685,
        8.219334125518799,
        8.191282272338867,
        8.230702877044678,
        8.23598599433899,
        8.025279521942139,
        8.095002889633179,
        8.166538715362549,
        8.079963207244873,
        8.146860599517822,
        8.220156192779541,
        8.170714855194092,
        8.157763719558716,
        8.209983825683594,
        8.1393404006958,
        8.100330352783203,
        8.092936277389526,
        8.110939264297485,
        8.038408756256104,
        8.146260499954224,
        8.152084827423096,
        8.096122741699219,
        8.015219688415527,
        8.085482358932495,
        8.141511917114258,
        8.033264398574829,
        8.099996566772461,
        8.096477508544922,
        8.08517837524414,
        8.038041591644287,
        8.051886558532715,
        8.107088088989258,
        8.05946683883667,
        8.060241222381592,
        8.078730344772339,
        8.087686777114868,
        8.053852796554565,
        8.089542150497437,
        8.026380777359009,
        7.998208522796631,
        8.075934171676636,
        8.007297039031982,
        8.02974796295166,
        8.01447081565857,
        8.038695335388184,
        8.03903579711914,
        8.008503913879395,
        8.006768703460693,
        8.143802165985107,
        7.995785713195801,
        8.049723148345947,
        8.045070171356201,
        7.950711011886597,
        7.946766138076782,
        8.05948805809021,
        7.922663450241089,
        7.941612005233765,
        8.051923274993896,
        7.992172956466675,
        7.912492513656616,
        8.01598834991455,
        7.970802307128906,
        8.004725217819214,
