{
  "timestamp": "20260424_023430",
  "config": {
    "model_size": "125M",
    "batch_size": 4,
    "gradient_accumulation": 4,
    "max_steps": 500,
    "max_seq_len": 1024,
    "learning_rate": 0.0006,
    "Kx": 1,
    "Ku": 1,
    "Kv": 1
  },
  "results": {
    "DDP": {
      "final_loss": 3.7428323328495026,
      "avg_loss": 3.1959723743796347,
      "total_time_seconds": 188.1689236164093,
      "tokens_per_second_per_gpu": 43535.35027228914,
      "tokens_per_second_cluster": 130606.05081686743,
      "peak_memory_gb": 6.676655104,
      "mfu": 0.12166111534839155,
      "gpu_name": "NVIDIA H100 NVL",
      "sync_counts": {
        "all": 500
      },
      "losses": [
        10.959986686706543,
        10.826557636260986,
        10.651119709014893,
        10.4249587059021,
        10.170176267623901,
        9.881092548370361,
        9.498759746551514,
        10.558786153793335,
        9.254688501358032,
        9.326698064804077,
        8.849075555801392,
        8.867567539215088,
        8.859209060668945,
        9.238057136535645,
        8.64203953742981,
        8.693658828735352,
        8.704032897949219,
        8.585878133773804,
        8.610008239746094,
        8.47107744216919,
        8.54001522064209,
        8.803741693496704,
        8.353859901428223,
        8.516778469085693,
        8.469732284545898,
        8.503994703292847,
        8.376492738723755,
        8.395500183105469,
        8.392440795898438,
        8.353111982345581,
        8.364267349243164,
        8.229242086410522,
        8.209019660949707,
        8.21654224395752,
        8.37004804611206,
        8.343560218811035,
        8.326845407485962,
        8.166324138641357,
        8.201730012893677,
        8.073116540908813,
        8.190332651138306,
        8.173010110855103,
        8.130186557769775,
        7.992539167404175,
        8.298310279846191,
        8.206632614135742,
        8.136537551879883,
        7.99823784828186,
        8.235325336456299,
        8.106781482696533,
        8.164561748504639,
        8.122750997543335,
        8.058653831481934,
        7.943995475769043,
        8.053930282592773,
        8.138601064682007,
        8.042407512664795,
        8.023940563201904,
        7.909526824951172,
        7.928882122039795,
        7.856747388839722,
        8.022114753723145,
        7.929898738861084,
        8.056505918502808,
        8.001991271972656,
        7.968695163726807,
        8.034164190292358,
        7.8370888233184814,
        7.859509706497192,
        7.972336769104004,
        7.936487197875977,
        7.85558295249939,
        7.937942981719971,
        7.86896276473999,
        7.799963474273682,
        7.831544637680054,
        7.876255989074707,
        7.848258972167969,
        7.824321985244751,
        7.735275506973267,
        7.7585670948028564,
        7.74250864982605,
        7.771770238876343,
        7.824921369552612,
        7.757467985153198,
        7.692886829376221,
        7.7997658252716064,
        7.540244102478027,
        7.651256084442139,
        7.731875896453857,
        7.707576274871826,
        7.713887929916382,
        7.714792251586914,
        7.69143009185791,
        7.718808889389038,
        7.6182825565338135,
        7.730245590209961,
        7.666578531265259,
        7.682602643966675,
        7.69619607925415,
        7.695805072784424,
        7.713862895965576,
        7.615589618682861,
        7.64709198474884,
        7.569443464279175,
        7.56378698348999,
        7.518696069717407,
        7.6095898151397705,
        7.568585753440857,
        7.5895678997039795,
        7.642231702804565,
        7.578667879104614,
        7.606562376022339,
        7.634274005889893,
        7.635295152664185,
        7.7368323802948,
        7.508731842041016,
        7.507662534713745,
        7.482251167297363,
        7.493825674057007,
        7.640081167221069,
        7.656113147735596,
        7.43203067779541,
        7.354586124420166,
        7.431969881057739,
        7.423317909240723,
        7.4418792724609375,
        7.3986170291900635,
        7.379114866256714,
        7.425719857215881,
        7.512403964996338,
        7.427059173583984,
        7.340658187866211,
        7.3898210525512695,
        7.182497024536133,
        7.387757778167725,
        7.3419036865234375,
        7.319505929946899,
        7.3138651847839355,
        7.434913873672485,
        7.322104573249817,
        7.383488059043884,
        7.331949949264526,
        7.254382848739624,
        7.202334761619568,
        7.296254396438599,
        7.14017915725708,
        7.340400218963623,
        7.260892629623413,
        6.9842952489852905,
        7.202364206314087,
        7.141562223434448,
        7.057709097862244,
        7.053845643997192,
        7.191881418228149,
        7.2690969705581665,
        6.797323822975159,
        6.99480664730072,
        6.7082823514938354,
        7.2446054220199585,
        6.79134476184845,
        7.029590129852295,
        6.901339173316956,
        7.044287204742432,
        6.87233293056488,
        6.8227784633636475,
        6.804022192955017,
        6.959227919578552,
        6.193690538406372,
        6.494243502616882,
        6.521273732185364,
        6.741534948348999,
        6.784630179405212,
        6.571478724479675,
        6.931548714637756,
        6.1150147914886475,
        6.352109670639038,
        6.215437293052673,
        6.528005480766296,
        6.827592849731445,
        6.253069281578064,
        6.429380178451538,
        6.27180027961731,
        6.24886417388916,
        6.45175302028656,
        5.936132550239563,
        6.452596545219421,
        6.661818027496338,
        6.491793632507324,
        6.0272605419158936,
        6.133116960525513,
        5.702094793319702,
        5.890199065208435,
        6.190218687057495,
        6.284961581230164,
        6.726733684539795,
        6.159924030303955,
        5.769365310668945,
        5.644260287284851,
        5.9713454246521,
        6.202973484992981,
        5.910824537277222,
        6.234723091125488,
        6.354920029640198,
        6.247594952583313,
        6.730129718780518,
        6.099500060081482,
        5.996883749961853,
        6.372496843338013,
        5.11735063791275,
        5.76471209526062,
        6.438829302787781,
        5.96972382068634,
        5.437412619590759,
        4.5492172837257385,
        5.5418009757995605,
        5.421412229537964,
        5.55306601524353,
        5.5305702686309814,
        6.097954511642456,
        5.852115273475647,
        6.139211177825928,
        5.731010556221008,
        5.541930317878723,
        5.269502282142639,
        5.102535367012024,
        5.625063180923462,
        5.814043998718262,
        5.8792078495025635,
        6.079957008361816,
        5.457414627075195,
        5.970500707626343,
        5.669725298881531,
        4.905460715293884,
        5.307332873344421,
        5.383538722991943,
        5.734883785247803,
        6.03250253200531,
        5.449198961257935,
        5.211222052574158,
        5.3024173974990845,
        5.954876899719238,
        5.59157121181488,
        5.774479866027832,
        5.285765647888184,
        4.8702073097229,
        5.889968514442444,
        5.460813045501709,
        4.663229465484619,
        5.065009891986847,
        5.7936484813690186,
        5.448806643486023,
        6.073894262313843,
        5.603837013244629,
        3.713721215724945,
        4.153987109661102,
        4.228563964366913,
        4.524303495883942,
        5.142618536949158,
        5.621895909309387,
        5.498722195625305,
        4.1710599064826965,
        4.96304714679718,
        5.07242739200592,
        5.4866697788238525,
        5.061460256576538,
        5.766664624214172,
        4.444344580173492,
        5.4413116574287415,
        4.764382362365723,
        4.34705126285553,
