{
  "timestamp": "20260424_034451",
  "config": {
    "model_size": "700M",
    "batch_size": 4,
    "gradient_accumulation": 4,
    "max_steps": 500,
    "max_seq_len": 1024,
    "learning_rate": 0.0006,
    "Kx": 1,
    "Ku": 1,
    "Kv": 1
  },
  "results": {
    "DDP": {
      "final_loss": 7.889057874679565,
      "avg_loss": 7.898873801231384,
      "total_time_seconds": 841.1789581775665,
      "tokens_per_second_per_gpu": 9738.712458699818,
      "tokens_per_second_cluster": 29216.137376099454,
      "peak_memory_gb": 26.510022144,
      "mfu": 0.1693037650488437,
      "gpu_name": "NVIDIA H100 NVL",
      "sync_counts": {
        "all": 500
      },
      "losses": [
        11.081168174743652,
        10.939703464508057,
        10.599576950073242,
        10.308928966522217,
        9.841371536254883,
        9.640717267990112,
        9.221338987350464,
        9.213601350784302,
        9.187512636184692,
        9.2613046169281,
        8.80231261253357,
        9.056695222854614,
        8.899804830551147,
        8.826537609100342,
        8.723196744918823,
        8.754346132278442,
        8.79182505607605,
        8.557075023651123,
        8.786463737487793,
        8.527861595153809,
        8.678274393081665,
        8.477226734161377,
        8.403433322906494,
        8.58187484741211,
        8.58354926109314,
        8.57881236076355,
        8.470475673675537,
        8.52342939376831,
        8.586830615997314,
        8.443663120269775,
        8.545857429504395,
        8.345865726470947,
        8.385377645492554,
        8.327648878097534,
        8.493961572647095,
        8.592518091201782,
        8.515250205993652,
        8.28919768333435,
        8.382551431655884,
        8.331236124038696,
        8.379555225372314,
        8.323635339736938,
        8.354560136795044,
        8.218757629394531,
        8.491760492324829,
        8.391175508499146,
        8.346005916595459,
        8.236222982406616,
        8.46697187423706,
        8.350017547607422,
        8.374614477157593,
        8.4734525680542,
        8.286734819412231,
        8.231096744537354,
        8.292933940887451,
        8.415591716766357,
        8.397710084915161,
        8.282933235168457,
        8.280998945236206,
        8.25623607635498,
        8.187494993209839,
        8.375864028930664,
        8.255518674850464,
        8.378854036331177,
        8.297056436538696,
        8.332336187362671,
        8.356234788894653,
        8.195500135421753,
        8.35115122795105,
        8.333153247833252,
        8.352288484573364,
        8.254352331161499,
        8.37272047996521,
        8.255858659744263,
        8.334555387496948,
        8.254550457000732,
        8.948392868041992,
        9.40219783782959,
        8.287449836730957,
        8.170230150222778,
        8.245330810546875,
        8.349686622619629,
        8.282047986984253,
        8.423812627792358,
        8.282962083816528,
        8.238359451293945,
        8.301621198654175,
        8.160391330718994,
        8.223903179168701,
        8.27639102935791,
        8.303132772445679,
        8.262369871139526,
        8.228002548217773,
        8.189446687698364,
        8.192657947540283,
        8.22534704208374,
        8.25540018081665,
        8.215693473815918,
        8.276390552520752,
        8.265186786651611,
        8.187244176864624,
        8.312867879867554,
        8.219295501708984,
        8.239014148712158,
        8.1376371383667,
        8.215505123138428,
        8.16889500617981,
        8.235229969024658,
        8.255069494247437,
        8.16572380065918,
        8.289992570877075,
        8.23376202583313,
        8.1897451877594,
        8.186940908432007,
        8.278115510940552,
        8.264880895614624,
        8.107311964035034,
        8.24436354637146,
        8.222994089126587,
        8.26334023475647,
        8.259901762008667,
        8.303728580474854,
        8.164706707000732,
        8.128223896026611,
        8.211157083511353,
        8.183044910430908,
        8.17597222328186,
        8.218657493591309,
        8.27678394317627,
        8.102325916290283,
        8.213623523712158,
        8.195751190185547,
        8.191166639328003,
        8.122200727462769,
        8.153546810150146,
        8.213719129562378,
        8.268660545349121,
        8.120084762573242,
        8.137924909591675,
        8.24223780632019,
        8.206388473510742,
        8.213143587112427,
        8.252529859542847,
        8.255804538726807,
        8.100677013397217,
        8.135683298110962,
        8.276779651641846,
        8.207365274429321,
        8.196819543838501,
        8.082932233810425,
        8.182858228683472,
        8.23469090461731,
        8.185199975967407,
        8.180153131484985,
        8.111574172973633,
        8.16038727760315,
        8.18839168548584,
        8.152697801589966,
        8.132191181182861,
        8.222608089447021,
        8.149762392044067,
        8.178683757781982,
        8.137561082839966,
        8.105259656906128,
        8.106977462768555,
        8.108735084533691,
        8.094757795333862,
        8.237387657165527,
        8.185590744018555,
        8.22009015083313,
        8.179664373397827,
        8.089810132980347,
        8.150903940200806,
        8.037205457687378,
        8.162755012512207,
        8.121466159820557,
        8.234006643295288,
        8.23277759552002,
        8.211268901824951,
        8.181325674057007,
        8.151752948760986,
        8.236012697219849,
        8.140485525131226,
        8.138507843017578,
        8.080980062484741,
        8.059532642364502,
        8.205394983291626,
        8.120421171188354,
        8.18068242073059,
        8.151422023773193,
        8.105631589889526,
        8.061743021011353,
        8.035989999771118,
        8.138230085372925,
        8.249222755432129,
        8.062988758087158,
        8.126559972763062,
        8.148547649383545,
        8.02454161643982,
        8.05587124824524,
        8.116055250167847,
        8.125665664672852,
        8.10416579246521,
        8.245306968688965,
        8.214524745941162,
        8.214765548706055,
        8.183428049087524,
        8.079314231872559,
        8.097610712051392,
        8.10481858253479,
        8.18867564201355,
        8.170565128326416,
        8.176695585250854,
        8.190030813217163,
        8.006559133529663,
        8.067685604095459,
        8.089736700057983,
        8.042904376983643,
        8.07404351234436,
        8.152453660964966,
        8.129899740219116,
        8.060593843460083,
        8.14315676689148,
        8.074943780899048,
        8.07271671295166,
        8.008931398391724,
        8.046691417694092,
        7.973856449127197,
        8.070201635360718,
        8.055668830871582,
        8.015977621078491,
        7.953502178192139,
        8.049386739730835,
        8.066892147064209,
        7.970225811004639,
        8.040414571762085,
        8.08931851387024,
        8.078775882720947,
        8.016517877578735,
        7.9949328899383545,
        8.044124603271484,
        8.03209924697876,
        8.025172710418701,
        8.038654088973999,
        8.04899263381958,
        8.03254747390747,
        8.000486135482788,
        8.011299848556519,
        7.9827399253845215,
        8.075934648513794,
        7.9836647510528564,
        8.001809358596802,
        8.002646446228027,
        7.992321729660034,
        8.023231983184814,
        8.00123643875122,
        8.013745069503784,
        8.127939939498901,
        8.05505633354187,
        8.040302753448486,
        8.055185079574585,
        8.047967195510864,
        8.050953388214111,
        8.040383577346802,
        7.923253297805786,
        8.00189208984375,
        8.29005241394043,
        8.118138551712036,
        8.015197277069092,
        8.063490867614746,
        7.9816367626190186,
        8.066622257232666,
