{
  "timestamp": "20260422_101633",
  "config": {
    "model_size": "125M",
    "batch_size": 4,
    "gradient_accumulation": 4,
    "max_steps": 500,
    "max_seq_len": 1024,
    "learning_rate": 0.0006,
    "Kx": 32,
    "Ku": 96,
    "Kv": 192
  },
  "results": {
    "DESLOC": {
      "final_loss": 8.235233783721924,
      "avg_loss": 8.149793727397919,
      "total_time_seconds": 154.24720311164856,
      "tokens_per_second_per_gpu": 53109.552943208924,
      "tokens_per_second_cluster": 106219.10588641785,
      "peak_memory_gb": 9.816805888,
      "mfu": 0.12701033562421984,
      "gpu_name": "NVIDIA A100 80GB PCIe",
      "sync_counts": {
        "x": 15,
        "u": 5,
        "v": 2
      },
      "losses": [
        11.03377914428711,
        10.958616256713867,
        10.869407653808594,
        10.722185134887695,
        10.652622938156128,
        10.445294618606567,
        10.46399188041687,
        10.183766841888428,
        10.056155443191528,
        9.9741051197052,
        9.817070245742798,
        12.275423049926758,
        9.908586263656616,
        9.605557203292847,
        9.276057481765747,
        9.461711883544922,
        9.387325048446655,
        9.510875225067139,
        9.31521463394165,
        9.321897268295288,
        9.200886726379395,
        9.288013458251953,
        9.261308193206787,
        8.972158193588257,
        9.074662685394287,
        9.020057439804077,
        8.821832656860352,
        8.924885749816895,
        8.871643543243408,
        8.860541343688965,
        8.763007879257202,
        8.533121585845947,
        8.802950620651245,
        8.639063119888306,
        8.635578155517578,
        8.480069160461426,
        8.484156131744385,
        8.590596199035645,
        8.477723836898804,
        8.790693759918213,
        8.549224138259888,
        8.670632123947144,
        8.610972881317139,
        8.534980058670044,
        8.530105590820312,
        8.423964977264404,
        8.433600902557373,
        8.39732050895691,
        8.594264507293701,
        8.588790893554688,
        8.37044072151184,
        8.280611515045166,
        8.44979977607727,
        8.604646682739258,
        8.648537635803223,
        8.568939208984375,
        8.552834510803223,
        8.557378053665161,
        8.565351247787476,
        8.479588985443115,
        8.515486240386963,
        8.416642189025879,
        8.323094129562378,
        8.43730616569519,
        8.279634237289429,
        8.290374040603638,
        8.376726627349854,
        8.180445194244385,
        8.350491762161255,
        8.404385328292847,
        8.511159420013428,
        8.279249906539917,
        8.411218166351318,
        8.196409225463867,
        8.300845623016357,
        8.474619150161743,
        8.286431789398193,
        8.316227436065674,
        8.328975915908813,
        8.395341157913208,
        8.364219903945923,
        8.4160475730896,
        8.382173776626587,
        8.406227588653564,
        8.296478033065796,
        8.134060621261597,
        8.312449932098389,
        8.271891117095947,
        8.346966028213501,
        8.162075519561768,
        8.283790588378906,
        8.399567365646362,
        8.320220470428467,
        8.282936573028564,
        8.27758526802063,
        8.154621124267578,
        8.17549180984497,
        57.854116439819336,
        48.10585403442383,
        47.09473133087158,
        27.913445472717285,
        14.648433208465576,
        11.487556219100952,
        8.996654748916626,
        8.573575019836426,
        8.4990873336792,
        8.452577352523804,
        8.702757120132446,
        8.640636682510376,
        8.371690034866333,
        8.406248092651367,
        8.499167442321777,
        8.488861799240112,
        8.609155416488647,
        8.877694845199585,
        8.749213695526123,
        8.523040056228638,
        8.607642650604248,
        8.423254251480103,
        8.555294036865234,
        8.518539428710938,
        8.34907865524292,
        8.499997615814209,
        8.511829137802124,
        8.575055122375488,
        8.475683689117432,
        8.492920875549316,
        8.455264329910278,
        8.427230596542358,
        16.681419849395752,
        11.109535694122314,
        8.229989767074585,
        8.256305694580078,
        8.446275472640991,
        8.410124778747559,
        8.168698787689209,
        8.46315050125122,
        8.256917715072632,
        8.43366551399231,
        8.404004335403442,
        8.312385082244873,
        8.596545696258545,
        8.550804138183594,
        8.355977535247803,
        8.34616208076477,
        8.263294696807861,
        8.2942955493927,
        8.260963916778564,
        8.36931586265564,
        8.301971673965454,
        8.38522219657898,
        8.40490174293518,
        8.492063760757446,
        8.41185998916626,
        8.248683452606201,
        8.424663543701172,
        8.351973295211792,
        8.166068315505981,
        8.328971862792969,
        8.364534854888916,
        8.26435399055481,
        8.234330892562866,
        8.23249363899231,
        8.312158107757568,
        8.184165000915527,
        8.273130893707275,
        8.189875841140747,
        8.367243528366089,
        8.264872074127197,
        8.282561779022217,
        8.311749458312988,
        8.324389219284058,
        8.444909811019897,
        8.422685146331787,
        8.2877836227417,
        8.353846311569214,
        8.21097707748413,
        8.222686290740967,
        8.289299488067627,
        8.315201044082642,
        8.346117973327637,
        8.3661048412323,
        8.382564306259155,
        8.332308530807495,
        8.28813886642456,
        8.235414028167725,
        8.206942319869995,
        8.26138949394226,
        8.264609336853027,
        8.166273355484009,
        8.258151769638062,
        8.101799726486206,
        8.212010622024536,
        8.194425344467163,
        8.053978681564331,
        8.214210987091064,
        8.194687128067017,
        8.185948848724365,
        8.191192626953125,
        8.190425157546997,
        8.225518465042114,
        8.21873164176941,
        8.196057796478271,
        8.141522645950317,
        8.186258792877197,
        8.193033456802368,
        8.207031488418579,
        8.215892791748047,
        8.167195081710815,
        8.395164251327515,
        8.217197895050049,
        8.165111541748047,
        8.24385929107666,
        8.153834104537964,
        8.207388401031494,
        8.236488580703735,
        8.313100814819336,
        8.125936269760132,
        8.179800748825073,
        8.13796615600586,
        8.248182773590088,
        8.160199165344238,
        8.151060104370117,
        7.978499412536621,
        8.173473834991455,
        8.176330089569092,
        8.100728750228882,
        8.169719457626343,
        8.268014430999756,
        8.163818836212158,
        8.151901960372925,
        8.144092321395874,
        8.223565340042114,
        8.210678577423096,
        8.167198419570923,
        8.124333620071411,
        8.324858903884888,
        8.340540170669556,
        8.159482479095459,
        8.19463562965393,
        8.219749689102173,
        8.230226039886475,
        8.040288925170898,
        8.128518342971802,
        8.189013242721558,
        8.315372228622437,
        8.17474913597107,
        8.216752529144287,
        8.105316162109375,
        8.198139190673828,
        8.181965589523315,
        8.179383277893066,
        8.197715044021606,
        8.194949626922607,
        8.18704891204834,
        8.075498342514038,
        8.089802980422974,
        8.254318237304688,
        8.0802161693573,
        8.079487085342407,
        8.20596981048584,
        8.020395994186401,
        8.11043381690979,
        8.056143045425415,
        8.19621753692627,
        8.104010105133057,
        8.18305253982544,
        8.167184114456177,
        8.107903957366943,
        8.210261583328247,
