{
  "timestamp": "20260424_023942",
  "config": {
    "model_size": "125M",
    "batch_size": 4,
    "gradient_accumulation": 4,
    "max_steps": 500,
    "max_seq_len": 1024,
    "learning_rate": 0.0006,
    "Kx": 32,
    "Ku": 96,
    "Kv": 192
  },
  "results": {
    "DESLOC": {
      "final_loss": 5.501878499984741,
      "avg_loss": 5.292761867642403,
      "total_time_seconds": 146.70805764198303,
      "tokens_per_second_per_gpu": 55838.787123685004,
      "tokens_per_second_cluster": 167516.361371055,
      "peak_memory_gb": 6.180077056,
      "mfu": 0.15604351587112464,
      "gpu_name": "NVIDIA H100 NVL",
      "sync_counts": {
        "x": 47,
        "u": 5,
        "v": 47
      },
      "losses": [
        11.003260612487793,
        10.902622699737549,
        10.791308403015137,
        10.730135917663574,
        10.56330919265747,
        10.518217086791992,
        10.26228666305542,
        10.206774234771729,
        10.174072742462158,
        9.979228019714355,
        9.803219318389893,
        9.796739101409912,
        9.640040874481201,
        9.560983180999756,
        9.593909502029419,
        9.403205871582031,
        9.363821268081665,
        9.28914737701416,
        9.15341067314148,
        9.029775857925415,
        9.068366765975952,
        8.960407972335815,
        8.84121584892273,
        8.957427740097046,
        8.823069095611572,
        8.779235363006592,
        8.768501043319702,
        8.67162299156189,
        8.679842948913574,
        8.757404088973999,
        8.652507543563843,
        8.585300922393799,
        8.578513383865356,
        8.536327838897705,
        8.601060390472412,
        8.648072242736816,
        8.580828666687012,
        8.528579235076904,
        8.536710739135742,
        8.354199409484863,
        8.500126600265503,
        8.42943024635315,
        8.326425552368164,
        8.245504379272461,
        8.515355825424194,
        8.375299215316772,
        8.292383670806885,
        8.216336011886597,
        8.392224073410034,
        8.2957444190979,
        8.327511072158813,
        8.315121412277222,
        8.244635105133057,
        8.148777961730957,
        8.213177919387817,
        8.289767503738403,
        8.254252910614014,
        8.148289918899536,
        8.125288486480713,
        8.076205730438232,
        8.071765661239624,
        8.218485832214355,
        8.093204259872437,
        8.19272255897522,
        8.146929502487183,
        8.180273294448853,
        8.100455522537231,
        8.044565677642822,
        8.08381199836731,
        8.11381196975708,
        8.062486410140991,
        8.126183032989502,
        8.102753400802612,
        8.01844835281372,
        8.16903829574585,
        7.976996183395386,
        8.039031744003296,
        7.9940948486328125,
        8.052687883377075,
        7.942342042922974,
        7.905649423599243,
        8.022807836532593,
        8.008699893951416,
        8.167436599731445,
        7.977478981018066,
        7.941179275512695,
        8.142123460769653,
        7.8659446239471436,
        7.846266984939575,
        7.973330974578857,
        7.983617782592773,
        7.930715084075928,
        7.897143125534058,
        7.798225402832031,
        7.855257034301758,
        7.840507745742798,
        7.889904260635376,
        7.947853326797485,
        8.024572134017944,
        7.932389497756958,
        7.965787887573242,
        8.096123456954956,
        8.05616044998169,
        9.230048418045044,
        7.985168933868408,
        8.113128423690796,
        8.25970983505249,
        8.191327810287476,
        8.234907627105713,
        8.090516090393066,
        8.188008546829224,
        8.64708423614502,
        8.1582350730896,
        8.21625566482544,
        8.34104299545288,
        8.43428635597229,
        8.132014751434326,
        8.244788885116577,
        8.190991163253784,
        8.252326726913452,
        8.625183820724487,
        8.352155447006226,
        8.240638256072998,
        8.153373003005981,
        8.261289358139038,
        8.115755081176758,
        8.213833332061768,
        8.24971055984497,
        8.09778904914856,
        7.893974304199219,
        8.151585817337036,
        8.017067670822144,
        7.898991107940674,
        7.962318420410156,
        7.878823280334473,
        7.9866907596588135,
        8.09805417060852,
        7.904626846313477,
        7.992797374725342,
        8.051711320877075,
        7.988377332687378,
        7.976937770843506,
        8.059964895248413,
        7.987684011459351,
        7.975742340087891,
        7.964502811431885,
        8.064494132995605,
        8.046008110046387,
        7.97738242149353,
        7.928030490875244,
        7.943991661071777,
        8.067540407180786,
        7.99780011177063,
        8.030411958694458,
        7.87474250793457,
        8.003034830093384,
        7.985598802566528,
        7.9938201904296875,
        7.906671762466431,
        8.072425365447998,
        7.819581985473633,
        7.8424623012542725,
        7.750093936920166,
        7.6883039474487305,
        7.755857467651367,
        7.678841829299927,
        7.725867748260498,
        7.8658692836761475,
        7.825549840927124,
        7.797622203826904,
        7.826749801635742,
        7.689440011978149,
        7.81172776222229,
        7.6946306228637695,
        7.865014314651489,
        7.838096618652344,
        7.8767335414886475,
        7.8654398918151855,
        7.901108264923096,
        7.752504467964172,
        7.805252313613892,
        7.885609865188599,
        7.82496452331543,
        7.75801420211792,
        7.815227270126343,
        7.719937801361084,
        7.886613845825195,
        7.813538312911987,
        7.879401445388794,
        7.8737688064575195,
        7.786240577697754,
        7.752733945846558,
        7.540015697479248,
        7.6083245277404785,
        7.726546287536621,
        7.5677878856658936,
        7.56725001335144,
        7.599991321563721,
        7.522524356842041,
        7.646484613418579,
        7.595799446105957,
        7.628522634506226,
        7.590867519378662,
        7.725658893585205,
        7.655410051345825,
        7.794546365737915,
        7.654807806015015,
        7.688705921173096,
        7.590473651885986,
        7.594239950180054,
        7.7661848068237305,
        7.723848581314087,
        7.7990477085113525,
        7.730198621749878,
        7.634809732437134,
        7.625605821609497,
        7.78344464302063,
        7.635908842086792,
        7.628850698471069,
        7.738232135772705,
        7.7347917556762695,
        7.7474870681762695,
        7.742190837860107,
        7.666492462158203,
        7.445838451385498,
        7.409782648086548,
        7.5090203285217285,
        7.494644641876221,
        7.520552158355713,
        7.423127174377441,
        7.4189512729644775,
        7.389940023422241,
        7.564208984375,
        7.435878038406372,
        7.43512749671936,
        7.477863788604736,
        7.523009777069092,
        7.462733268737793,
        7.557769536972046,
        7.4291603565216064,
        7.576291799545288,
        7.492043972015381,
        7.54181170463562,
        7.6128504276275635,
        7.558222770690918,
        7.439632415771484,
        7.567243576049805,
        7.562581777572632,
        7.530624151229858,
        7.554809093475342,
        7.507478475570679,
        7.618636131286621,
        7.571969985961914,
        7.625391721725464,
        7.539512634277344,
        7.507140159606934,
        7.257397413253784,
        7.2704596519470215,
        7.355402946472168,
        7.361203670501709,
        7.323044300079346,
        7.219964265823364,
        7.260455369949341,
        7.322071313858032,
        7.279126882553101,
        7.229514837265015,
        7.326145648956299,
        7.366918563842773,
        7.278077840805054,
