{
  "timestamp": "20260423_100839",
  "config": {
    "model_size": "125M",
    "batch_size": 4,
    "gradient_accumulation": 8,
    "max_steps": 500,
    "max_seq_len": 1024,
    "learning_rate": 0.0006,
    "Kx": 32,
    "Ku": 96,
    "Kv": 192
  },
  "results": {
    "DESLOC": {
      "final_loss": 3.3949333131313324,
      "avg_loss": 3.608420728854835,
      "total_time_seconds": 278.2556118965149,
      "tokens_per_second_per_gpu": 58881.11254371868,
      "tokens_per_second_cluster": 117762.22508743736,
      "peak_memory_gb": 6.180077056,
      "mfu": 0.16454540460152625,
      "gpu_name": "NVIDIA H100 NVL",
      "sync_counts": {
        "x": 47,
        "u": 5,
        "v": 47
      },
      "losses": [
        10.922890901565552,
        10.837183237075806,
        10.772605180740356,
        10.573174953460693,
        10.436121702194214,
        10.362580299377441,
        10.189310789108276,
        9.990436792373657,
        9.877423286437988,
        9.676719188690186,
        9.710342407226562,
        9.585113763809204,
        9.484488368034363,
        9.38103449344635,
        9.39488160610199,
        9.189425587654114,
        9.063492059707642,
        9.029724597930908,
        8.913204193115234,
        8.86018192768097,
        8.85726284980774,
        8.72925078868866,
        8.705400943756104,
        8.70500385761261,
        8.655813336372375,
        8.576659321784973,
        8.604324460029602,
        8.473597526550293,
        8.459785342216492,
        8.521806716918945,
        8.435396790504456,
        8.393890142440796,
        8.382091164588928,
        8.304677128791809,
        8.328676342964172,
        8.328603029251099,
        8.290698289871216,
        8.378986239433289,
        8.163273692131042,
        8.18907642364502,
        8.206716775894165,
        8.149877309799194,
        8.156367421150208,
        8.078856468200684,
        8.118981719017029,
        8.104981780052185,
        8.09705138206482,
        8.025909543037415,
        8.097254753112793,
        8.106870889663696,
        8.03480064868927,
        8.098079323768616,
        8.058069705963135,
        7.9888046979904175,
        7.959062457084656,
        7.9435940980911255,
        7.954829931259155,
        7.987703919410706,
        7.886103391647339,
        7.978689193725586,
        7.9071433544158936,
        7.844156861305237,
        7.866376638412476,
        7.841768145561218,
        7.815072059631348,
        7.887625336647034,
        7.857233166694641,
        7.782496929168701,
        7.792602062225342,
        7.749894976615906,
        7.719520211219788,
        7.75297212600708,
        7.8571308851242065,
        7.833505868911743,
        7.8385169506073,
        7.706353545188904,
        7.740941286087036,
        7.793136239051819,
        7.732318639755249,
        7.745898962020874,
        7.673401951789856,
        7.681759238243103,
        7.6792508363723755,
        7.627435922622681,
        7.642900347709656,
        7.657242059707642,
        7.635328531265259,
        7.621212601661682,
        7.601311922073364,
        7.594001889228821,
        7.635799884796143,
        7.632467865943909,
        7.565587997436523,
        7.521771669387817,
        7.605504631996155,
        7.611948847770691,
        7.655635237693787,
        7.611805558204651,
        7.6009814739227295,
        7.590126633644104,
        7.697296500205994,
        7.751754283905029,
        7.731750249862671,
        7.82629930973053,
        7.801565527915955,
        7.8360631465911865,
        7.78668475151062,
        7.8195189237594604,
        7.729840874671936,
        7.783045411109924,
        7.777455568313599,
        7.734246850013733,
        7.826767325401306,
        7.761417627334595,
        7.770056247711182,
        7.773581385612488,
        7.77976667881012,
        7.7800740003585815,
        7.7652363777160645,
        7.733616590499878,
        7.750208258628845,
        7.783123731613159,
        7.692492127418518,
        7.702204346656799,
        7.723557233810425,
        7.73631751537323,
        7.694346308708191,
        7.64029335975647,
        7.628262400627136,
        7.504034399986267,
        7.522739410400391,
        7.458632230758667,
        7.474940299987793,
        7.461716651916504,
        7.51449453830719,
        7.473849534988403,
        7.374192953109741,
        7.509121775627136,
        7.452491998672485,
        7.490351676940918,
        7.494217753410339,
        7.529529094696045,
        7.603107571601868,
        7.51413631439209,
        7.493678331375122,
        7.453679263591766,
        7.434583783149719,
        7.511182427406311,
        7.477597713470459,
        7.430328011512756,
        7.460331320762634,
        7.480545401573181,
        7.429011940956116,
        7.510270714759827,
        7.462851107120514,
        7.414581656455994,
        7.497355222702026,
        7.403961181640625,
        7.435233473777771,
        7.421871662139893,
        7.233245491981506,
        7.26620078086853,
        7.15951132774353,
        7.233357906341553,
        7.211540937423706,
        7.245667934417725,
        7.230928182601929,
        7.094738125801086,
        7.215673446655273,
        7.210372805595398,
        7.000199854373932,
        7.196970224380493,
        7.140442728996277,
        7.152698516845703,
        7.209028959274292,
        7.267353773117065,
        7.1633201241493225,
        7.140252113342285,
        7.1013782024383545,
        7.162560880184174,
        7.17474102973938,
        7.179679036140442,
        7.176178932189941,
        7.157676577568054,
        7.119095087051392,
        7.1151639223098755,
        7.12452232837677,
        7.141078352928162,
        7.189373254776001,
        7.099867761135101,
        7.120804667472839,
        7.017441630363464,
        7.048165321350098,
        7.1142919063568115,
        6.929058074951172,
        6.879319489002228,
        6.97231650352478,
        6.9510040283203125,
        6.8598610162734985,
        7.057544708251953,
        6.853240370750427,
        6.833811163902283,
        6.819099068641663,
        6.646838009357452,
        6.84007066488266,
        6.733008980751038,
        6.871005177497864,
        6.8011195063591,
        6.8488234877586365,
        6.80472207069397,
        6.66671895980835,
        6.76807963848114,
        6.834128260612488,
        6.618772923946381,
        6.914559364318848,
        6.560983955860138,
        6.6325037479400635,
        6.711468994617462,
        6.751907825469971,
        6.776167571544647,
        6.6357181668281555,
        6.625455379486084,
        6.755077838897705,
        6.7653438448905945,
        6.41024124622345,
        6.439544498920441,
        6.3465574979782104,
        6.423208653926849,
        6.656079471111298,
        6.43484890460968,
        6.165538847446442,
        6.5057361125946045,
        6.258350849151611,
        6.232455790042877,
        6.250621318817139,
        6.311367988586426,
        6.283635377883911,
        6.322272181510925,
        6.1293253898620605,
        6.184871315956116,
        6.097807586193085,
        6.153527200222015,
        6.220877707004547,
        5.922927260398865,
        5.9207600355148315,
        6.031202018260956,
        6.024298906326294,
        5.874310374259949,
        5.619413197040558,
        5.62127411365509,
        5.763909995555878,
        5.564763247966766,
        6.109993577003479,
        6.01099169254303,
        5.781901776790619,
        5.668337404727936,
        5.851522207260132,
        5.305753529071808,
        4.796096235513687,
        5.611171841621399,
        4.976680397987366,
        5.47936886548996,
        5.382763981819153,
        5.357219576835632,
        5.001293122768402,
        5.48928228020668,
        5.389881491661072,
        4.913173139095306,
        5.6089768409729,
