{
  "timestamp": "20260424_021758",
  "config": {
    "model_size": "125M",
    "batch_size": 4,
    "gradient_accumulation": 1,
    "max_steps": 10,
    "max_seq_len": 1024,
    "learning_rate": 0.0006,
    "Kx": 1,
    "Ku": 1,
    "Kv": 1
  },
  "results": {
    "DDP": {
      "final_loss": 9.457573890686035,
      "avg_loss": 10.39530029296875,
      "total_time_seconds": 1.5966720581054688,
      "tokens_per_second_per_gpu": 25653.358053125256,
      "tokens_per_second_cluster": 76960.07415937577,
      "peak_memory_gb": 6.168989696,
      "mfu": 0.0716892395181079,
      "gpu_name": "NVIDIA H100 NVL",
      "sync_counts": {
        "all": 10
      },
      "losses": [
        10.93910026550293,
        10.845283508300781,
        10.888151168823242,
        10.748048782348633,
        10.500297546386719,
        10.480449676513672,
        10.289050102233887,
        9.796600341796875,
        10.008447647094727,
        9.457573890686035
      ]
    }
  }
}