{
  "timestamp": "20260423_144416",
  "config": {
    "model_size": "700M",
    "batch_size": 4,
    "gradient_accumulation": 8,
    "max_steps": 500,
    "max_seq_len": 1024,
    "learning_rate": 0.0006,
    "Kx": 32,
    "Ku": 96,
    "Kv": 192
  },
  "results": {
    "DESLOC": {
      "final_loss": 7.054235339164734,
      "avg_loss": 7.228333367705345,
      "total_time_seconds": 1273.9765746593475,
      "tokens_per_second_per_gpu": 12860.519043987106,
      "tokens_per_second_cluster": 25721.03808797421,
      "peak_memory_gb": 23.413277184,
      "mfu": 0.22357517011238068,
      "gpu_name": "NVIDIA H100 NVL",
      "sync_counts": {
        "x": 47,
        "u": 5,
        "v": 47
      },
      "losses": [
        11.050992488861084,
        10.89754867553711,
        10.672081232070923,
        10.364089250564575,
        10.149954080581665,
        10.057768106460571,
        9.836331009864807,
        9.628908395767212,
        9.436182022094727,
        9.27782392501831,
        9.143520593643188,
        9.130054116249084,
        8.974980235099792,
        8.901190757751465,
        8.830787301063538,
        8.779849529266357,
        8.670293927192688,
        8.667294263839722,
        8.577206492424011,
        8.524973154067993,
        8.538552284240723,
        8.52246880531311,
        8.504762768745422,
        8.483255624771118,
        8.4993577003479,
        9.413116812705994,
        8.544901609420776,
        8.385616540908813,
        8.409371376037598,
        8.506164073944092,
        8.446424961090088,
        8.649524092674255,
        8.386589288711548,
        8.309359550476074,
        8.381869435310364,
        8.408256649971008,
        8.387417316436768,
        8.286109805107117,
        8.24626886844635,
        8.236744284629822,
        8.296756267547607,
        8.272521138191223,
        8.263136506080627,
        8.199431777000427,
        8.299227118492126,
        8.299660801887512,
        8.23727560043335,
        8.182429313659668,
        8.278119683265686,
        15.792709589004517,
        8.256152510643005,
        8.373838901519775,
        8.29666805267334,
        8.240495204925537,
        8.16926908493042,
        8.196228742599487,
        8.231151342391968,
        8.307193398475647,
        8.18973982334137,
        8.243160367012024,
        8.213557004928589,
        8.21005630493164,
        8.143821716308594,
        8.150652170181274,
        8.148820161819458,
        8.243502497673035,
        8.187649726867676,
        8.127584099769592,
        8.141637444496155,
        8.150145530700684,
        8.175390005111694,
        8.127955794334412,
        8.277365684509277,
        8.260046124458313,
        8.363104581832886,
        8.19473111629486,
        8.202319145202637,
        8.309456825256348,
        8.182443261146545,
        8.145469069480896,
        8.163747668266296,
        8.146090865135193,
        8.145941376686096,
        8.150548100471497,
        8.124633550643921,
        8.200219631195068,
        8.215030074119568,
        8.124202966690063,
        8.048238515853882,
        8.112433671951294,
        8.13656234741211,
        8.201891779899597,
        8.10975980758667,
        8.07967746257782,
        8.180729866027832,
        8.128310680389404,
        8.119184851646423,
        8.070873022079468,
        8.112890839576721,
        8.135815501213074,
        8.242717504501343,
        8.244018197059631,
        8.274609088897705,
        8.420641660690308,
        8.385210752487183,
        8.369060277938843,
        8.332266688346863,
        8.271659016609192,
        8.283739447593689,
        8.311676740646362,
        8.292940139770508,
        8.29236352443695,
        8.320155501365662,
        8.246315479278564,
        8.315076112747192,
        8.356865286827087,
        8.337170958518982,
        8.339045524597168,
        8.310941457748413,
        8.243147730827332,
        8.298713684082031,
        8.351826429367065,
        8.232176303863525,
        8.21902060508728,
        8.239963054656982,
        8.299927234649658,
        8.235215306282043,
        8.311910629272461,
        8.189372062683105,
        8.122653007507324,
        8.252956748008728,
        8.112549543380737,
        8.23203718662262,
        8.17305076122284,
        8.213641881942749,
        8.278729796409607,
        8.152183413505554,
        8.267253041267395,
        8.216028094291687,
        8.221437335014343,
        8.158154845237732,
        8.230014562606812,
        8.301686882972717,
        8.242619276046753,
        8.184802651405334,
        8.240068674087524,
        8.282887578010559,
        8.207669854164124,
        8.188685417175293,
        8.201708197593689,
        8.208605885505676,
        8.318929076194763,
        8.135472655296326,
        8.211920738220215,
        8.216742396354675,
        8.158061146736145,
        8.226622343063354,
        8.262669682502747,
        8.196581602096558,
        8.200207471847534,
        8.005317687988281,
        8.071295857429504,
        8.028579711914062,
        8.01561176776886,
        7.952027440071106,
        7.9921464920043945,
        7.99515175819397,
        7.96928346157074,
        7.9717875719070435,
        8.081691861152649,
        7.977450847625732,
        8.045424222946167,
        8.140808701515198,
        8.050829648971558,
        8.067845940589905,
        8.10875129699707,
        8.06682801246643,
        8.099623084068298,
        8.048961639404297,
        8.096335649490356,
        8.093876242637634,
        8.068287253379822,
        8.094648122787476,
        8.089666604995728,
        8.202620267868042,
        8.052662253379822,
        8.11509370803833,
        8.06247878074646,
        8.205819010734558,
        8.086491227149963,
        8.02933120727539,
        8.063609600067139,
        7.948336839675903,
        7.9324904680252075,
        7.915640830993652,
        7.825224280357361,
        7.904587984085083,
        7.862971067428589,
        7.883783221244812,
        7.949612259864807,
        7.94643247127533,
        7.9693886041641235,
        7.959760427474976,
        7.953043341636658,
        7.961795687675476,
        7.949979305267334,
        7.963489770889282,
        8.01240062713623,
        7.986297965049744,
        7.952216386795044,
        8.028858542442322,
        8.011608123779297,
        8.008187055587769,
        7.968225121498108,
        8.067384719848633,
        7.951611399650574,
        8.017748355865479,
        7.987371802330017,
        7.976662635803223,
        8.027565360069275,
        7.985462665557861,
        7.994304180145264,
        7.91129469871521,
        8.00940454006195,
        7.821676015853882,
        7.829828977584839,
        7.825408220291138,
        7.853968977928162,
        7.854338049888611,
        7.8597904443740845,
        7.854207277297974,
        7.831504464149475,
        7.881735801696777,
        7.889840841293335,
        7.8988670110702515,
        7.879821300506592,
        7.90619969367981,
        7.954706788063049,
        7.909829139709473,
        7.908708572387695,
        7.8819801807403564,
        7.920552849769592,
        7.971821069717407,
        7.963729619979858,
        7.91046416759491,
        7.946478843688965,
        7.948765754699707,
        7.998622179031372,
        7.999189853668213,
        7.939011454582214,
        7.927882075309753,
        7.992544412612915,
        7.98445987701416,
        7.898427963256836,
        7.954453468322754,
        7.912226915359497,
        7.758715391159058,
        7.76872181892395,
        7.751191973686218,
        7.79788076877594,
        7.849831581115723,
        7.8730210065841675,
        7.783367156982422,
        7.826106667518616,
        7.823357582092285,
        7.891127705574036,
        7.84274959564209,
        7.795966386795044,
        7.868610858917236,
        7.871493339538574,
