{
  "timestamp": "20260423_042726",
  "config": {
    "model_size": "125M",
    "batch_size": 4,
    "gradient_accumulation": 8,
    "max_steps": 500,
    "max_seq_len": 1024,
    "learning_rate": 0.0006,
    "Kx": 32,
    "Ku": 96,
    "Kv": 192
  },
  "results": {
    "DESLOC": {
      "final_loss": 3.354353368282318,
      "avg_loss": 3.6006875478848817,
      "total_time_seconds": 281.94402146339417,
      "tokens_per_second_per_gpu": 58110.82609576524,
      "tokens_per_second_cluster": 116221.65219153048,
      "peak_memory_gb": 6.180077056,
      "mfu": 0.16239281118469054,
      "gpu_name": "NVIDIA H100 NVL",
      "sync_counts": {
        "x": 47,
        "u": 100,
        "v": 47
      },
      "losses": [
        11.010971069335938,
        10.861051559448242,
        10.74959683418274,
        10.596957921981812,
        10.409521341323853,
        10.324409246444702,
        10.168362617492676,
        10.073152542114258,
        9.832982182502747,
        9.663055181503296,
        9.631541967391968,
        9.658632040023804,
        9.442679047584534,
        9.40721344947815,
        9.425615668296814,
        9.26418650150299,
        9.139109373092651,
        9.06269121170044,
        8.937081217765808,
        8.892803192138672,
        8.833316326141357,
        8.76501977443695,
        8.716807126998901,
        8.69677197933197,
        8.655580997467041,
        8.590501070022583,
        8.628431558609009,
        8.481956005096436,
        8.46597158908844,
        8.53075397014618,
        8.418529033660889,
        8.448938131332397,
        8.407314896583557,
        8.327709317207336,
        8.346988439559937,
        8.430167078971863,
        8.344553828239441,
        8.265304684638977,
        8.182469010353088,
        8.20016360282898,
        8.214067339897156,
        8.196886539459229,
        8.177290558815002,
        8.088764309883118,
        8.086093783378601,
        8.089418411254883,
        8.080081105232239,
        8.018519401550293,
        8.077483892440796,
        8.0553617477417,
        7.99252724647522,
        8.064657330513,
        8.021311163902283,
        7.996490120887756,
        7.935711860656738,
        7.941100358963013,
        7.961827516555786,
        7.99089789390564,
        7.874228477478027,
        7.932251214981079,
        7.925351023674011,
        7.837769150733948,
        7.853103995323181,
        7.806442737579346,
        7.814360976219177,
        7.863787293434143,
        7.846709251403809,
        7.768556833267212,
        7.792829155921936,
        7.744854927062988,
        7.756965398788452,
        7.697551727294922,
        7.821631073951721,
        7.7793121337890625,
        7.8425902128219604,
        7.703429341316223,
        7.729851126670837,
        7.754863500595093,
        7.690683603286743,
        7.731231927871704,
        7.646352410316467,
        7.667043209075928,
        7.632221937179565,
        7.648993372917175,
        7.64809775352478,
        7.679731845855713,
        7.632754325866699,
        7.625257611274719,
        7.566914081573486,
        7.573642611503601,
        7.622108578681946,
        7.636512756347656,
        7.595170736312866,
        7.505444288253784,
        7.539020538330078,
        7.627227544784546,
        7.620263576507568,
        7.556450963020325,
        7.59629499912262,
        7.560650587081909,
        7.67975127696991,
        7.728918552398682,
        7.701213359832764,
        7.760943651199341,
        7.777211546897888,
        7.791335582733154,
        7.831774950027466,
        7.821956515312195,
        8.057446002960205,
        7.825335264205933,
        7.824599385261536,
        7.760051131248474,
        7.843689203262329,
        7.893783211708069,
        7.806292653083801,
        7.808151841163635,
        7.9077194929122925,
        7.837658882141113,
        7.81207537651062,
        7.773971796035767,
        7.7997578382492065,
        7.761172771453857,
        7.715498924255371,
        7.704945087432861,
        7.731523394584656,
        7.74232017993927,
        7.708751201629639,
        7.693143367767334,
        7.641312003135681,
        7.540326952934265,
        7.512365460395813,
        7.452128648757935,
        7.4583024978637695,
        7.46344530582428,
        7.524952054023743,
        7.472588777542114,
        7.401745557785034,
        7.478059530258179,
        7.423704266548157,
        7.469822406768799,
        7.468814492225647,
        7.522223949432373,
        7.575825810432434,
        7.538032293319702,
        7.456941604614258,
        7.451681613922119,
        7.476069211959839,
        7.4950995445251465,
        7.435766696929932,
        7.430692791938782,
        7.440384149551392,
        7.463058948516846,
        7.415177941322327,
        7.50381875038147,
        7.41150975227356,
        7.3852022886276245,
        7.465720772743225,
        7.398226499557495,
        7.38788378238678,
        7.444814682006836,
        7.218111276626587,
        7.253484725952148,
        7.175976276397705,
        7.252655863761902,
        7.2321635484695435,
        7.224187612533569,
        7.208008408546448,
        7.1131134033203125,
        7.191969037055969,
        7.173325061798096,
        7.021974682807922,
        7.1823625564575195,
        7.14366888999939,
        7.157987952232361,
        7.2314534187316895,
        7.2743308544158936,
        7.170281171798706,
        7.177363276481628,
        7.115143537521362,
        7.155043721199036,
        7.175039291381836,
        7.214942932128906,
        7.117227613925934,
        7.136303126811981,
        7.09799599647522,
        7.143943965435028,
        7.090160012245178,
        7.110935688018799,
        7.181079208850861,
        7.059841215610504,
        7.088151574134827,
        6.995473504066467,
        7.033498585224152,
        7.0807435512542725,
        6.9450995326042175,
        6.832401633262634,
        6.924219727516174,
        6.959988057613373,
        6.850655674934387,
        7.067629277706146,
        6.768167853355408,
        6.79418408870697,
        6.79666006565094,
        6.641330063343048,
        6.824029386043549,
        6.720859587192535,
        6.8378326296806335,
        6.760693609714508,
        6.810439229011536,
        6.764736771583557,
        6.672101974487305,
        6.672856092453003,
        6.799306035041809,
        6.6533690094947815,
        6.863874435424805,
        6.549014866352081,
        6.626147270202637,
        6.654124855995178,
        6.71473902463913,
        6.717122316360474,
        6.611500144004822,
        6.579317927360535,
        6.736651122570038,
        6.686103820800781,
        6.364654362201691,
        6.41334342956543,
        6.304597795009613,
        6.36643260717392,
        6.596974968910217,
        6.403621077537537,
        6.115738391876221,
        6.421863675117493,
        6.2459158301353455,
        6.121851861476898,
        6.204825401306152,
        6.264971017837524,
        6.252208650112152,
        6.280382931232452,
        6.12787264585495,
        6.130125880241394,
        6.055501401424408,
        6.1051817536354065,
        6.107703983783722,
        5.8820273876190186,
        5.836865186691284,
        5.955477595329285,
        5.935702621936798,
        5.735443115234375,
        5.548657864332199,
        5.52007669210434,
        5.6108298897743225,
        5.500231921672821,
        6.142013132572174,
        5.975832283496857,
        5.689856171607971,
        5.636088013648987,
        5.793389797210693,
        5.248117506504059,
        4.6955470740795135,
        5.544273912906647,
        4.917816936969757,
        5.469508409500122,
        5.373429834842682,
        5.352597087621689,
        4.953094512224197,
        5.396604627370834,
        5.341675341129303,
        4.858791410923004,
        5.545215547084808,
