{
  "timestamp": "20260423_121136",
  "config": {
    "model_size": "125M",
    "batch_size": 4,
    "gradient_accumulation": 8,
    "max_steps": 500,
    "max_seq_len": 1024,
    "learning_rate": 0.0006,
    "Kx": 32,
    "Ku": 32,
    "Kv": 192
  },
  "results": {
    "DESLOC": {
      "final_loss": 3.3809084594249725,
      "avg_loss": 3.5930881383270026,
      "total_time_seconds": 278.85933661460876,
      "tokens_per_second_per_gpu": 58753.636148260426,
      "tokens_per_second_cluster": 117507.27229652085,
      "peak_memory_gb": 6.180077056,
      "mfu": 0.16418916719089227,
      "gpu_name": "NVIDIA H100 NVL",
      "sync_counts": {
        "x": 47,
        "u": 15,
        "v": 47
      },
      "losses": [
        10.922890901565552,
        10.837172508239746,
        10.772586822509766,
        10.573164224624634,
        10.436099529266357,
        10.362589597702026,
        10.18931245803833,
        9.99042820930481,
        9.877408504486084,
        9.676702737808228,
        9.707781434059143,
        9.58506166934967,
        9.484475493431091,
        9.38100266456604,
        9.394458413124084,
        9.189432382583618,
        9.063477635383606,
        9.03062915802002,
        8.915820837020874,
        8.862074732780457,
        8.856985092163086,
        8.726640105247498,
        8.705189943313599,
        8.68313753604889,
        8.648948669433594,
        8.57449221611023,
        8.604015707969666,
        8.483943581581116,
        8.468726515769958,
        8.529022216796875,
        8.443298101425171,
        8.399018287658691,
        8.387386441230774,
        8.307689547538757,
        8.336598753929138,
        8.333840727806091,
        8.284140467643738,
        8.184095025062561,
        8.136749148368835,
        8.17173719406128,
        8.191825270652771,
        8.142463326454163,
        8.147424459457397,
        8.06724226474762,
        8.101749062538147,
        8.096098780632019,
        8.093340158462524,
        8.038240551948547,
        8.11415708065033,
        8.09609079360962,
        8.027182221412659,
        8.089826107025146,
        8.051676750183105,
        7.995715379714966,
        7.955186247825623,
        7.939709901809692,
        7.950374960899353,
        7.9860600233078,
        7.88386857509613,
        7.977025628089905,
        7.9029780626297,
        7.842326402664185,
        7.861673593521118,
        7.8366711139678955,
        7.811389327049255,
        7.8743016719818115,
        7.853596925735474,
        7.786670923233032,
        7.792196154594421,
        7.748762130737305,
        7.719485878944397,
        7.744466304779053,
        7.852259039878845,
        7.82226037979126,
        7.839477777481079,
        7.703135013580322,
        7.737547755241394,
        7.787047982215881,
        7.72805917263031,
        7.743841528892517,
        7.66711151599884,
        7.676570177078247,
        7.680057048797607,
        7.622528672218323,
        7.642329454421997,
        7.656794309616089,
        7.631415009498596,
        7.616219997406006,
        7.602829217910767,
        7.592536926269531,
        7.634470224380493,
        7.63292396068573,
        7.560041308403015,
        7.520100355148315,
        7.6207802295684814,
        7.613957762718201,
        7.65189266204834,
        7.611159563064575,
        7.608134031295776,
        7.597283601760864,
        7.691595673561096,
        7.763764023780823,
        7.752155423164368,
        7.8393794298172,
        7.794865965843201,
        7.817768931388855,
        7.784888505935669,
        7.8161609172821045,
        7.7328197956085205,
        7.729716897010803,
        7.7654091119766235,
        7.697619557380676,
        7.810078978538513,
        7.742750763893127,
        7.754267692565918,
        7.75633430480957,
        7.750104904174805,
        7.756176471710205,
        7.763678550720215,
        7.74258291721344,
        7.737867474555969,
        7.756333112716675,
        7.694779396057129,
        7.692503929138184,
        7.708190679550171,
        7.726970911026001,
        7.6915522813797,
        7.636863470077515,
        7.62616240978241,
        7.498149991035461,
        7.517566204071045,
        7.46039342880249,
        7.461447596549988,
        7.459768533706665,
        7.516171216964722,
        7.4674742221832275,
        7.376662731170654,
        7.509814262390137,
        7.4439908266067505,
        7.472623109817505,
        7.464504361152649,
        7.522978663444519,
        7.5795228481292725,
        7.522525191307068,
        7.483106970787048,
        7.439197540283203,
        7.42919135093689,
        7.522238492965698,
        7.4459651708602905,
        7.41492235660553,
        7.462137937545776,
        7.498178243637085,
        7.411128759384155,
        7.531893372535706,
        7.484769940376282,
        7.40185022354126,
        7.479064583778381,
        7.402707815170288,
        7.400645613670349,
        7.419042229652405,
        7.225378751754761,
        7.270267486572266,
        7.1727811098098755,
        7.222140431404114,
        7.211352348327637,
        7.242342829704285,
        7.2257239818573,
        7.071694016456604,
        7.208806037902832,
        7.191111922264099,
        6.982789695262909,
        7.16947078704834,
        7.136796355247498,
        7.150366425514221,
        7.182035207748413,
        7.255519092082977,
        7.1353232860565186,
        7.122913241386414,
        7.096627116203308,
        7.1336963176727295,
        7.16670686006546,
        7.18144679069519,
        7.180797457695007,
        7.144209682941437,
        7.137081503868103,
        7.115798234939575,
        7.109802305698395,
        7.137337684631348,
        7.186151504516602,
        7.100731313228607,
        7.101426720619202,
        7.0248143672943115,
        7.036424040794373,
        7.090437054634094,
        6.911843359470367,
        6.877930164337158,
        6.9520180225372314,
        6.905827343463898,
        6.857306063175201,
        7.04399561882019,
        6.835876762866974,
        6.816111266613007,
        6.800347983837128,
        6.632035315036774,
        6.828772604465485,
        6.721704125404358,
        6.858570754528046,
        6.769700884819031,
        6.825187087059021,
        6.7798912525177,
        6.635439872741699,
        6.731717824935913,
        6.80055844783783,
        6.610610067844391,
        6.8979679346084595,
        6.553649067878723,
        6.617132782936096,
        6.709144592285156,
        6.722085237503052,
        6.745089948177338,
        6.6353729367256165,
        6.600310146808624,
        6.743159294128418,
        6.747527241706848,
        6.378405749797821,
        6.414781868457794,
        6.3503899574279785,
        6.408452272415161,
        6.642961859703064,
        6.417013347148895,
        6.144410014152527,
        6.460404455661774,
        6.256325423717499,
        6.192807853221893,
        6.215067684650421,
        6.288854122161865,
        6.273353934288025,
        6.295225083827972,
        6.103662014007568,
        6.166153609752655,
        6.091863393783569,
        6.121814966201782,
        6.188703656196594,
        5.908893346786499,
        5.888600766658783,
        6.003604412078857,
        6.013839960098267,
        5.829098641872406,
        5.590126156806946,
        5.601303279399872,
        5.704575955867767,
        5.503166854381561,
        6.07241153717041,
        5.984819769859314,
        5.7485544085502625,
        5.655811190605164,
        5.795632541179657,
        5.2756853103637695,
        4.761027485132217,
        5.574401080608368,
        4.9627565741539,
        5.446830213069916,
        5.360744774341583,
        5.322334468364716,
        4.985808372497559,
        5.461944878101349,
        5.376920759677887,
        4.883989632129669,
        5.585697770118713,
        5.635063290596008,
