{
  "timestamp": "20260423_115702",
  "config": {
    "model_size": "125M",
    "batch_size": 4,
    "gradient_accumulation": 8,
    "max_steps": 500,
    "max_seq_len": 1024,
    "learning_rate": 0.0006,
    "Kx": 32,
    "Ku": 96,
    "Kv": 192
  },
  "results": {
    "DESLOC": {
      "final_loss": 3.4264655709266663,
      "avg_loss": 3.5934652131795883,
      "total_time_seconds": 277.71299600601196,
      "tokens_per_second_per_gpu": 58996.15875248891,
      "tokens_per_second_cluster": 117992.31750497782,
      "peak_memory_gb": 6.180077056,
      "mfu": 0.16486690540462187,
      "gpu_name": "NVIDIA H100 NVL",
      "sync_counts": {
        "x": 47,
        "u": 5,
        "v": 47
      },
      "losses": [
        10.922890901565552,
        10.837176084518433,
        10.772582292556763,
        10.573158740997314,
        10.436114072799683,
        10.36258602142334,
        10.189313888549805,
        9.990421056747437,
        9.877411603927612,
        9.676697969436646,
        9.707842350006104,
        9.585072875022888,
        9.48447859287262,
        9.381025314331055,
        9.394218564033508,
        9.189475297927856,
        9.063514113426208,
        9.031367421150208,
        8.917758584022522,
        8.863459467887878,
        8.857614755630493,
        8.726277112960815,
        8.707063555717468,
        8.68281614780426,
        8.650080442428589,
        8.576778531074524,
        8.609009623527527,
        8.473358631134033,
        8.462140560150146,
        8.595010638237,
        8.449424862861633,
        8.413304090499878,
        8.40164589881897,
        8.320779919624329,
        8.345540642738342,
        8.377597332000732,
        8.311054587364197,
        8.215345859527588,
        8.156673073768616,
        8.188556909561157,
        8.206122159957886,
        8.154043555259705,
        8.150417804718018,
        8.071104884147644,
        8.115907788276672,
        8.101069569587708,
        8.096449375152588,
        8.023472905158997,
        8.086651086807251,
        8.090384006500244,
        8.023801445960999,
        8.09652841091156,
        8.04410707950592,
        7.989066481590271,
        7.949301600456238,
        7.933207869529724,
        7.942429423332214,
        7.979005575180054,
        7.8739014863967896,
        7.96996283531189,
        7.90037477016449,
        7.8375091552734375,
        7.85482120513916,
        7.822704076766968,
        7.812745094299316,
        7.883633375167847,
        7.8532949686050415,
        7.786307215690613,
        7.794770240783691,
        7.752370595932007,
        7.732823610305786,
        7.739174127578735,
        7.829067587852478,
        7.831915974617004,
        7.854716539382935,
        7.714667916297913,
        7.742151260375977,
        7.795653343200684,
        7.7349934577941895,
        7.740187406539917,
        7.680816173553467,
        7.681535601615906,
        7.685431241989136,
        7.622715353965759,
        7.641229152679443,
        7.658201336860657,
        7.636166095733643,
        7.622791171073914,
        7.610057592391968,
        7.594924330711365,
        7.640948176383972,
        7.645569682121277,
        7.579290390014648,
        7.528684616088867,
        7.614474892616272,
        7.620322823524475,
        7.658882737159729,
        7.616331219673157,
        7.604689002037048,
        7.597485542297363,
        7.6945658922195435,
        7.75058376789093,
        7.7278876304626465,
        7.867021679878235,
        7.805170893669128,
        7.827915668487549,
        7.792944550514221,
        7.842674016952515,
        7.735564112663269,
        7.726343750953674,
        7.767940402030945,
        7.695858597755432,
        7.809958577156067,
        7.750970840454102,
        7.761547327041626,
        7.753798842430115,
        7.771442294120789,
        7.773060083389282,
        7.758151173591614,
        7.738187313079834,
        7.736624717712402,
        7.753022193908691,
        7.693471550941467,
        7.696102738380432,
        7.714898943901062,
        7.728158116340637,
        7.689702868461609,
        7.635897397994995,
        7.617464065551758,
        7.501719832420349,
        7.521362066268921,
        7.446681022644043,
        7.453532099723816,
        7.459276556968689,
        7.505143642425537,
        7.467906713485718,
        7.366911888122559,
        7.497096538543701,
        7.43696928024292,
        7.484529495239258,
        7.460432291030884,
        7.5240830183029175,
        7.580703616142273,
        7.513754606246948,
        7.483689188957214,
        7.442496657371521,
        7.430827498435974,
        7.486082315444946,
        7.426626086235046,
        7.39712131023407,
        7.45195734500885,
        7.471754550933838,
        7.408743381500244,
        7.527116179466248,
        7.48464959859848,
        7.404089331626892,
        7.467476963996887,
        7.384681701660156,
        7.431041598320007,
        7.424700975418091,
        7.209741830825806,
        7.243730306625366,
        7.146047234535217,
        7.217464447021484,
        7.190558552742004,
        7.236058354377747,
        7.213699102401733,
        7.081678867340088,
        7.210307717323303,
        7.190195322036743,
        6.989959299564362,
        7.17698347568512,
        7.143023490905762,
        7.153419137001038,
        7.2005695104599,
        7.257646560668945,
        7.141116261482239,
        7.124235153198242,
        7.072508990764618,
        7.1425923109054565,
        7.15263968706131,
        7.169692635536194,
        7.165553569793701,
        7.160510301589966,
        7.108805418014526,
        7.117431879043579,
        7.109503746032715,
        7.100053906440735,
        7.178877353668213,
        7.067555367946625,
        7.109012722969055,
        7.025251805782318,
        7.018798112869263,
        7.093096315860748,
        6.911068677902222,
        6.881010830402374,
        6.947755694389343,
        6.900289297103882,
        6.864431619644165,
        7.041727721691132,
        6.8381712436676025,
        6.79518586397171,
        6.802621304988861,
        6.625484943389893,
        6.808496952056885,
        6.723321616649628,
        6.865495145320892,
        6.765790820121765,
        6.793785035610199,
        6.770161271095276,
        6.664762496948242,
        6.71643191576004,
        6.779650092124939,
        6.6039804220199585,
        6.866130709648132,
        6.529536008834839,
        6.617646753787994,
        6.707519173622131,
        6.729532361030579,
        6.736564457416534,
        6.634089529514313,
        6.587429106235504,
        6.71438205242157,
        6.751033842563629,
        6.389596104621887,
        6.395648419857025,
        6.337454676628113,
        6.389993190765381,
        6.6442959904670715,
        6.396694123744965,
        6.128507733345032,
        6.454276025295258,
        6.2465930581092834,
        6.177175164222717,
        6.205319583415985,
        6.275383293628693,
        6.264634490013123,
        6.308351099491119,
        6.075872361660004,
        6.144298017024994,
        6.056917071342468,
        6.095093488693237,
        6.158007025718689,
        5.883416056632996,
        5.874236464500427,
        5.9909955859184265,
        5.998536050319672,
        5.816471993923187,
        5.5850149393081665,
        5.582336902618408,
        5.714094877243042,
        5.480233550071716,
        6.070979058742523,
        5.96974778175354,
        5.736665308475494,
        5.646090745925903,
        5.8140116930007935,
        5.255461812019348,
        4.746135622262955,
        5.5681112408638,
        4.9398000836372375,
        5.460280418395996,
        5.352032542228699,
        5.298605382442474,
        4.972450405359268,
        5.442760229110718,
        5.348407328128815,
        4.875426888465881,
        5.567679226398468,
