{
  "timestamp": "20260424_024221",
  "config": {
    "model_size": "125M",
    "batch_size": 4,
    "gradient_accumulation": 4,
    "max_steps": 500,
    "max_seq_len": 1024,
    "learning_rate": 0.0006,
    "Kx": 32,
    "Ku": 96,
    "Kv": 192
  },
  "results": {
    "DESLOC": {
      "final_loss": 5.552157819271088,
      "avg_loss": 5.422639891505241,
      "total_time_seconds": 147.330078125,
      "tokens_per_second_per_gpu": 55603.03845796933,
      "tokens_per_second_cluster": 166809.115373908,
      "peak_memory_gb": 6.180077056,
      "mfu": 0.15538470767425755,
      "gpu_name": "NVIDIA H100 NVL",
      "sync_counts": {
        "x": 47,
        "u": 5,
        "v": 47
      },
      "losses": [
        11.006279468536377,
        10.88763952255249,
        10.732438087463379,
        10.659594535827637,
        10.562157154083252,
        10.50277328491211,
        10.302597045898438,
        10.222108840942383,
        10.15708589553833,
        9.98764419555664,
        9.79511833190918,
        10.083239555358887,
        9.671285152435303,
        9.533642292022705,
        9.459940195083618,
        9.345061302185059,
        9.333167791366577,
        9.263164520263672,
        9.159443855285645,
        8.988357782363892,
        9.067179918289185,
        8.953206300735474,
        8.818028688430786,
        8.947848081588745,
        8.820482969284058,
        8.86177372932434,
        8.735930681228638,
        8.637842893600464,
        8.695451021194458,
        8.827763557434082,
        8.65155029296875,
        8.643587350845337,
        8.623044490814209,
        8.569058179855347,
        8.624569416046143,
        8.701518058776855,
        8.571340084075928,
        8.543995380401611,
        9.192453384399414,
        8.367989778518677,
        8.481863021850586,
        8.433016777038574,
        8.399826526641846,
        8.276113510131836,
        8.467005252838135,
        8.409821033477783,
        8.319421768188477,
        8.256717920303345,
        8.388084411621094,
        8.31529426574707,
        8.32087254524231,
        8.299301385879517,
        8.22991418838501,
        8.152148008346558,
        8.223445653915405,
        8.312979221343994,
        8.236443281173706,
        8.170743465423584,
        8.112818002700806,
        8.093522787094116,
        8.043926000595093,
        8.216193914413452,
        8.113784313201904,
        8.201815128326416,
        8.129544496536255,
        8.193073034286499,
        8.115140199661255,
        8.118929862976074,
        8.106372833251953,
        8.113704919815063,
        8.064121961593628,
        8.10640835762024,
        8.131968975067139,
        8.056155443191528,
        8.26531720161438,
        8.032766580581665,
        8.049717426300049,
        8.017507076263428,
        8.091103076934814,
        7.966881036758423,
        7.922091245651245,
        8.051174640655518,
        7.985100507736206,
        8.178319215774536,
        7.995675086975098,
        7.974634885787964,
        8.042017221450806,
        7.87902307510376,
        7.884831428527832,
        7.961222171783447,
        7.96992564201355,
        7.907010078430176,
        7.911449909210205,
        7.790920257568359,
        7.895934581756592,
        7.8829615116119385,
        7.877887964248657,
        7.867066860198975,
        7.9905312061309814,
        8.05431318283081,
        7.971577167510986,
        9.020472526550293,
        8.1143217086792,
        8.117466926574707,
        8.055684804916382,
        8.266104698181152,
        8.092339754104614,
        8.22102689743042,
        8.193703651428223,
        8.101173877716064,
        8.258581399917603,
        10.986600637435913,
        8.206385612487793,
        8.21126389503479,
        8.38750672340393,
        8.327162027359009,
        8.144869327545166,
        8.195706367492676,
        8.188747644424438,
        8.321284532546997,
        8.23647689819336,
        8.393075227737427,
        8.26441240310669,
        8.228822231292725,
        8.257051467895508,
        8.160396575927734,
        8.249019384384155,
        8.26003646850586,
        8.139641284942627,
        7.92676305770874,
        8.172537803649902,
        8.028883934020996,
        7.948213338851929,
        8.00979232788086,
        7.921602725982666,
        8.060358047485352,
        8.12073278427124,
        7.952113151550293,
        8.10130000114441,
        8.136309146881104,
        8.046687841415405,
        8.046812057495117,
        8.145024061203003,
        8.035334348678589,
        8.027762413024902,
        8.091471195220947,
        8.115135192871094,
        8.068562746047974,
        8.07497525215149,
        7.928093433380127,
        8.027522563934326,
        8.143738031387329,
        8.094492435455322,
        8.08480453491211,
        7.977055788040161,
        8.049540042877197,
        8.056183338165283,
        8.130597591400146,
        7.973246812820435,
        8.104469299316406,
        7.858354330062866,
        7.9380881786346436,
        7.8444952964782715,
        7.803003787994385,
        7.815799951553345,
        7.6985533237457275,
        7.798465967178345,
        7.92413592338562,
        7.93232798576355,
        7.821744203567505,
        7.880276679992676,
        7.78377890586853,
        7.848388433456421,
        7.807074546813965,
        7.900151014328003,
        7.8923211097717285,
        7.93410062789917,
        7.978133916854858,
        7.925200700759888,
        7.859776735305786,
        7.844332695007324,
        7.959200620651245,
        7.868888854980469,
        7.842435121536255,
        7.89567756652832,
        7.787647724151611,
        7.9686362743377686,
        7.883930206298828,
        7.962905645370483,
        7.918172597885132,
        7.846552848815918,
        7.886256456375122,
        7.591323375701904,
        7.644115924835205,
        7.806525707244873,
        7.634077548980713,
        7.664777040481567,
        7.676325798034668,
        7.6032633781433105,
        7.655402183532715,
        7.640242099761963,
        7.713746547698975,
        7.667902231216431,
        7.784488916397095,
        7.718456745147705,
        7.801557540893555,
        7.717905521392822,
        7.685089826583862,
        7.657853364944458,
        7.644782066345215,
        7.80159854888916,
        7.717010259628296,
        7.782113313674927,
        7.720455169677734,
        7.635278940200806,
        7.683845281600952,
        7.717458486557007,
        7.681137323379517,
        7.695431470870972,
        7.795049667358398,
        7.7585813999176025,
        7.718909978866577,
        7.755549669265747,
        7.7508580684661865,
        7.528937101364136,
        7.447118520736694,
        7.552536964416504,
        7.557295799255371,
        7.590374231338501,
        7.498621225357056,
        7.495023488998413,
        7.4407126903533936,
        7.6159234046936035,
        7.525664567947388,
        7.46552038192749,
        7.530939340591431,
        7.546947956085205,
        7.520648956298828,
        7.600399017333984,
        7.4967241287231445,
        7.608798027038574,
        7.521130084991455,
        7.584414958953857,
        7.637781620025635,
        7.574504375457764,
        7.579591751098633,
        7.623621225357056,
        7.597580671310425,
        7.521273851394653,
        7.607466220855713,
        7.542731761932373,
        7.65873384475708,
        7.560683250427246,
        7.606446981430054,
        7.568303346633911,
        7.5345423221588135,
        7.291799068450928,
        7.299033880233765,
        7.423282861709595,
        7.4033074378967285,
        7.384957551956177,
        7.319854021072388,
        7.306229114532471,
        7.396435260772705,
        7.343197345733643,
        7.313292503356934,
        7.358907222747803,
        7.457494497299194,
        7.364572525024414,
        7.401152968406677,
