{
  "timestamp": "20260422_102159",
  "config": {
    "model_size": "125M",
    "batch_size": 4,
    "gradient_accumulation": 4,
    "max_steps": 500,
    "max_seq_len": 1024,
    "learning_rate": 0.0006,
    "Kx": 32,
    "Ku": 96,
    "Kv": 192
  },
  "results": {
    "DESLOC": {
      "final_loss": 8.350313425064087,
      "avg_loss": 8.22130176782608,
      "total_time_seconds": 154.5938699245453,
      "tokens_per_second_per_gpu": 52990.45818568602,
      "tokens_per_second_cluster": 105980.91637137203,
      "peak_memory_gb": 9.816805888,
      "mfu": 0.1267255231133662,
      "gpu_name": "NVIDIA A100 80GB PCIe",
      "sync_counts": {
        "x": 15,
        "u": 5,
        "v": 2
      },
      "losses": [
        11.027018547058105,
        10.925207138061523,
        10.83782434463501,
        10.747261047363281,
        10.671228408813477,
        10.492080450057983,
        10.406524181365967,
        10.18049669265747,
        10.058966159820557,
        9.875459432601929,
        9.822152853012085,
        11.048853158950806,
        9.95626950263977,
        9.578329801559448,
        9.308940410614014,
        9.453233480453491,
        9.41276741027832,
        9.529895782470703,
        9.316150188446045,
        9.360446214675903,
        9.122105360031128,
        9.272446870803833,
        9.265485048294067,
        8.940316915512085,
        9.122501611709595,
        9.051841259002686,
        8.884085893630981,
        9.015184164047241,
        8.878829002380371,
        8.842873811721802,
        8.806495666503906,
        8.480385780334473,
        8.67064619064331,
        8.635607719421387,
        8.697615385055542,
        8.446023941040039,
        8.512869834899902,
        8.635887145996094,
        8.483685970306396,
        8.782846927642822,
        8.551478862762451,
        8.666117429733276,
        8.613880395889282,
        8.507704734802246,
        8.511723279953003,
        8.427708148956299,
        8.43166184425354,
        8.402905464172363,
        8.60326862335205,
        8.513659954071045,
        8.383388042449951,
        8.291117668151855,
        8.469486713409424,
        8.57334017753601,
        8.635129928588867,
        8.572425127029419,
        8.545448541641235,
        8.53751277923584,
        8.569742679595947,
        8.475856304168701,
        8.501464605331421,
        8.405893564224243,
        8.319782018661499,
        8.41977310180664,
        8.299147367477417,
        8.242566108703613,
        8.351083278656006,
        8.179391384124756,
        8.333470582962036,
        8.341048240661621,
        8.47279953956604,
        8.234297752380371,
        8.356489181518555,
        8.140662431716919,
        8.238345384597778,
        9.25395941734314,
        8.23981261253357,
        8.298368453979492,
        8.319452047348022,
        8.375640392303467,
        8.315483331680298,
        8.341568231582642,
        8.29128623008728,
        8.319011926651001,
        8.191352128982544,
        8.058173179626465,
        8.228422164916992,
        8.213544607162476,
        8.291469097137451,
        8.126433849334717,
        8.258151054382324,
        8.347370624542236,
        8.285978555679321,
        8.23128056526184,
        8.232151508331299,
        8.105171203613281,
        8.138412714004517,
        31.168528079986572,
        22.875576972961426,
        20.423908710479736,
        13.565872192382812,
        8.849340200424194,
        8.686363697052002,
        8.494601964950562,
        8.59507131576538,
        8.373196601867676,
        8.363926887512207,
        8.476010799407959,
        8.529619932174683,
        8.308058261871338,
        8.324835538864136,
        8.337637662887573,
        8.356801748275757,
        8.433956384658813,
        8.484317541122437,
        8.499183177947998,
        8.379519939422607,
        8.376842975616455,
        8.329453945159912,
        8.38015627861023,
        8.390535593032837,
        8.247119903564453,
        8.412349939346313,
        8.415180444717407,
        8.499865293502808,
        8.340100049972534,
        8.296733856201172,
        8.356848239898682,
        8.300299882888794,
        8.473978281021118,
        8.212173700332642,
        8.222096920013428,
        8.22118091583252,
        8.395985841751099,
        8.329671144485474,
        8.163933515548706,
        8.328519105911255,
        8.12312912940979,
        8.309627294540405,
        8.322077751159668,
        8.230335235595703,
        8.387572526931763,
        8.427760124206543,
        8.23184609413147,
        8.272601842880249,
        8.180253744125366,
        8.233002662658691,
        8.173638343811035,
        8.290970087051392,
        8.20350456237793,
        8.27859377861023,
        8.279134035110474,
        8.325687170028687,
        8.27866005897522,
        8.18505334854126,
        8.336049795150757,
        8.252653360366821,
        8.097020149230957,
        8.260125398635864,
        8.33653712272644,
        8.240490198135376,
        8.204010248184204,
        8.216510772705078,
        8.266530752182007,
        8.130545139312744,
        8.267668008804321,
        8.135021924972534,
        8.295251846313477,
        8.228972911834717,
        8.173966884613037,
        8.227165460586548,
        8.25477933883667,
        8.327519416809082,
        8.350803136825562,
        8.18766736984253,
        8.327769041061401,
        8.11385703086853,
        8.126830577850342,
        8.238789319992065,
        8.238606691360474,
        8.267859697341919,
        8.318473100662231,
        8.3115234375,
        8.260269403457642,
        8.214248418807983,
        8.169800519943237,
        8.162882566452026,
        8.210280895233154,
        8.223267078399658,
        8.095292568206787,
        8.19800615310669,
        8.064427375793457,
        8.15057897567749,
        8.152296781539917,
        7.972776174545288,
        8.139923095703125,
        8.145226955413818,
        8.127057313919067,
        8.123311042785645,
        8.155463218688965,
        8.167727947235107,
        8.15296459197998,
        8.103119373321533,
        8.05458402633667,
        8.111838340759277,
        8.147468566894531,
        8.137519836425781,
        8.138494491577148,
        8.072887659072876,
        8.259363412857056,
        8.140662431716919,
        8.07345199584961,
        8.2307448387146,
        8.111475229263306,
        8.126421451568604,
        8.172293663024902,
        8.197040796279907,
        8.04889464378357,
        8.073437690734863,
        8.104267120361328,
        8.16610336303711,
        8.119174242019653,
        8.053821086883545,
        7.94378137588501,
        8.080661296844482,
        8.122203588485718,
        8.031526327133179,
        8.098294496536255,
        8.192325592041016,
        8.086217403411865,
        8.124631643295288,
        8.0734121799469,
        8.172278642654419,
        8.127098798751831,
        8.100662231445312,
        8.071261882781982,
        8.242444038391113,
        8.267767190933228,
        8.105656623840332,
        8.142099857330322,
        8.17522644996643,
        8.164504051208496,
        8.027637243270874,
        8.086057901382446,
        8.147278785705566,
        8.27495789527893,
        8.12207841873169,
        8.184146881103516,
        8.032740116119385,
        8.124849557876587,
        8.14471960067749,
        8.1436767578125,
        8.184936285018921,
        8.149067401885986,
        8.132117748260498,
        8.040735244750977,
        8.047591924667358,
        8.229548931121826,
        8.041324138641357,
        8.050745725631714,
        8.148688793182373,
        8.009838104248047,
        8.069331407546997,
        8.01444387435913,
        8.127032041549683,
        8.080907344818115,
        8.158560991287231,
        8.11683201789856,
        8.080958604812622,
        8.176447629928589,
