{
  "timestamp": "20260424_023704",
  "config": {
    "model_size": "125M",
    "batch_size": 4,
    "gradient_accumulation": 4,
    "max_steps": 500,
    "max_seq_len": 1024,
    "learning_rate": 0.0006,
    "Kx": 32,
    "Ku": 96,
    "Kv": 192
  },
  "results": {
    "DESLOC": {
      "final_loss": 5.502112925052643,
      "avg_loss": 5.404391582012177,
      "total_time_seconds": 146.55071473121643,
      "tokens_per_second_per_gpu": 55898.73795583094,
      "tokens_per_second_cluster": 167696.21386749283,
      "peak_memory_gb": 6.180077056,
      "mfu": 0.15621105064595295,
      "gpu_name": "NVIDIA H100 NVL",
      "sync_counts": {
        "x": 47,
        "u": 5,
        "v": 47
      },
      "losses": [
        10.941823959350586,
        10.864331722259521,
        10.738992691040039,
        10.693049907684326,
        10.568094253540039,
        10.505655288696289,
        10.279166221618652,
        10.228403568267822,
        10.150903224945068,
        9.989831924438477,
        9.785598278045654,
        9.68966007232666,
        9.589313507080078,
        9.533509254455566,
        9.42537784576416,
        9.310952186584473,
        9.3003511428833,
        9.371956825256348,
        9.163475513458252,
        9.007301807403564,
        9.075622320175171,
        8.942362546920776,
        9.711122751235962,
        8.980093955993652,
        8.831644058227539,
        8.838748216629028,
        10.506018877029419,
        8.682300567626953,
        8.723862409591675,
        8.748677492141724,
        8.699856042861938,
        8.614868640899658,
        8.619244813919067,
        8.562572717666626,
        8.620387077331543,
        8.66973066329956,
        8.595537662506104,
        8.533708810806274,
        8.785138845443726,
        8.392945766448975,
        8.488137006759644,
        8.44512128829956,
        8.401973247528076,
        8.273646354675293,
        8.492409467697144,
        8.365593194961548,
        8.34355616569519,
        8.19361925125122,
        8.371033191680908,
        8.352221250534058,
        8.36612606048584,
        8.342248678207397,
        8.263187408447266,
        10.397886276245117,
        8.245790958404541,
        8.336682081222534,
        8.311514377593994,
        8.17736554145813,
        8.129573822021484,
        8.168954610824585,
        8.091535806655884,
        8.245722532272339,
        8.154706478118896,
        8.246898889541626,
        8.177249431610107,
        8.20639157295227,
        8.136759042739868,
        8.066959857940674,
        8.113509178161621,
        8.13162088394165,
        8.083091735839844,
        8.171675443649292,
        8.122211217880249,
        8.061451196670532,
        8.179573774337769,
        7.998834133148193,
        8.043071985244751,
        8.030299425125122,
        8.077751636505127,
        7.976948022842407,
        7.950042009353638,
        8.04374384880066,
        8.027130126953125,
        8.173692226409912,
        7.999568700790405,
        7.972624778747559,
        8.141693115234375,
        7.899189472198486,
        7.859126329421997,
        7.997565031051636,
        7.994108438491821,
        7.9310142993927,
        7.922751188278198,
        7.804230690002441,
        7.921476602554321,
        7.900367021560669,
        7.921850204467773,
        7.964985370635986,
        8.04561972618103,
        7.962294101715088,
        8.012076377868652,
        9.39831280708313,
        8.043216943740845,
        8.11257553100586,
        7.966910362243652,
        8.191275835037231,
        8.024431705474854,
        8.16202712059021,
        8.847601413726807,
        8.05915904045105,
        8.200214385986328,
        8.160217046737671,
        8.101934671401978,
        8.177777528762817,
        8.26750659942627,
        8.276085615158081,
        8.130055665969849,
        8.225394010543823,
        8.177313089370728,
        8.323654890060425,
        8.217999696731567,
        8.310346126556396,
        8.304295539855957,
        8.176739931106567,
        8.260478258132935,
        8.12926197052002,
        8.204854726791382,
        8.211045980453491,
        8.094447135925293,
        7.885633230209351,
        8.131097078323364,
        8.039326429367065,
        7.99505615234375,
        8.006385803222656,
        7.956011056900024,
        8.079225063323975,
        8.145918130874634,
        8.171547174453735,
        8.085379838943481,
        8.123580932617188,
        8.05294942855835,
        8.070213794708252,
        8.130710124969482,
        8.07965087890625,
        8.006954431533813,
        8.083027839660645,
        8.160821199417114,
        8.100663423538208,
        8.037746906280518,
        7.958810806274414,
        7.991973876953125,
        8.10139274597168,
        8.034197092056274,
        8.06498908996582,
        7.951352119445801,
        8.00800371170044,
        8.052382946014404,
        8.06973648071289,
        7.9298622608184814,
        8.088295459747314,
        7.808951139450073,
        7.859490633010864,
        7.806730508804321,
        7.750457048416138,
        7.813036203384399,
        7.7006731033325195,
        7.76480507850647,
        7.914555311203003,
        7.856703758239746,
        7.802982568740845,
        7.818964719772339,
        7.775903701782227,
        7.815049648284912,
        7.713047981262207,
        7.857112169265747,
        7.86496901512146,
        7.848572015762329,
        7.912247657775879,
        7.915765762329102,
        7.831326246261597,
        7.768222093582153,
        7.899340391159058,
        7.838047027587891,
        7.783659219741821,
        7.857185363769531,
        7.7338645458221436,
        7.904124736785889,
        7.8014349937438965,
        7.904546022415161,
        7.888458013534546,
        7.801330804824829,
        7.799083948135376,
        7.617614507675171,
        7.633745908737183,
        7.76173210144043,
        7.592223644256592,
        7.616795301437378,
        7.620409250259399,
        7.564080476760864,
        7.624624729156494,
        7.591663599014282,
        7.625185489654541,
        7.631724834442139,
        7.718206167221069,
        7.653741121292114,
        7.772483825683594,
        7.697035074234009,
        7.690605163574219,
        7.636732339859009,
        7.621252059936523,
        7.824307918548584,
        7.695202350616455,
        7.775273561477661,
        7.744488954544067,
        7.6369805335998535,
        7.646440505981445,
        7.718183755874634,
        7.655712842941284,
        7.643455982208252,
        7.739954233169556,
        7.727251768112183,
        7.740013122558594,
        7.681379556655884,
        7.6633946895599365,
        7.508608102798462,
        7.410418748855591,
        7.517757892608643,
        7.531888723373413,
        7.529761791229248,
        7.407312631607056,
        7.435785531997681,
        7.436886548995972,
        7.539213418960571,
        7.495453596115112,
        7.486777305603027,
        7.472513437271118,
        7.516023397445679,
        7.510696172714233,
        7.519875526428223,
        7.429933786392212,
        7.560534477233887,
        7.472768306732178,
        7.551884889602661,
        7.637260913848877,
        7.5866780281066895,
        7.539442300796509,
        7.598334550857544,
        7.539044618606567,
        7.5219526290893555,
        7.60362434387207,
        7.567114353179932,
        7.665935516357422,
        7.5554540157318115,
        7.595215082168579,
        7.65498423576355,
        7.544268608093262,
        7.2335920333862305,
        7.2812933921813965,
        7.392168760299683,
        7.434429168701172,
        7.334908485412598,
        7.245213985443115,
        7.3117899894714355,
        7.4034833908081055,
        7.328755617141724,
        7.289386510848999,
        7.349992036819458,
        7.410335063934326,
        7.371122121810913,
