{
  "timestamp": "20260424_022756",
  "config": {
    "model_size": "125M",
    "batch_size": 4,
    "gradient_accumulation": 4,
    "max_steps": 500,
    "max_seq_len": 1024,
    "learning_rate": 0.0006,
    "Kx": 1,
    "Ku": 1,
    "Kv": 1
  },
  "results": {
    "DDP": {
      "final_loss": 3.8330492079257965,
      "avg_loss": 3.187780736833811,
      "total_time_seconds": 187.81640553474426,
      "tokens_per_second_per_gpu": 43617.063039173954,
      "tokens_per_second_cluster": 130851.18911752186,
      "peak_memory_gb": 6.676655104,
      "mfu": 0.12188946463914566,
      "gpu_name": "NVIDIA H100 NVL",
      "sync_counts": {
        "all": 500
      },
      "losses": [
        11.006279468536377,
        10.751594066619873,
        10.668622016906738,
        10.411824703216553,
        10.167736768722534,
        9.89877200126648,
        9.482027530670166,
        9.371566772460938,
        9.165140390396118,
        9.22652006149292,
        8.844098091125488,
        8.826560258865356,
        8.803793907165527,
        8.72918176651001,
        8.588768720626831,
        8.615783214569092,
        8.60686182975769,
        8.489816427230835,
        10.059579849243164,
        8.320068359375,
        8.546567916870117,
        8.386569261550903,
        8.32811188697815,
        8.510823249816895,
        8.376884460449219,
        8.428589344024658,
        8.275698184967041,
        8.260588645935059,
        8.318529844284058,
        8.28101396560669,
        8.243698835372925,
        8.171265840530396,
        8.218334913253784,
        8.134934425354004,
        8.222933530807495,
        8.33196759223938,
        8.27482795715332,
        8.038494110107422,
        8.205794095993042,
        8.027292490005493,
        8.172399520874023,
        8.045545101165771,
        7.974262952804565,
        7.94446587562561,
        8.15413498878479,
        8.04006028175354,
        7.973035097122192,
        7.868445634841919,
        8.014514446258545,
        8.000983476638794,
        7.990528106689453,
        8.024006843566895,
        7.928417444229126,
        7.765942573547363,
        7.883954763412476,
        7.923410654067993,
        7.912520885467529,
        7.783255338668823,
        7.821866035461426,
        7.792543888092041,
        7.751995801925659,
        7.870899438858032,
        7.800580024719238,
        7.863431215286255,
        7.817281484603882,
        7.808675289154053,
        7.830106496810913,
        7.656188488006592,
        7.760810375213623,
        7.730579137802124,
        7.6858696937561035,
        7.659321546554565,
        7.724173545837402,
        7.676548480987549,
        7.6914379596710205,
        7.632301568984985,
        7.696755409240723,
        7.650087594985962,
        7.6591315269470215,
        7.636973142623901,
        7.576549053192139,
        7.658147096633911,
        7.570761680603027,
        7.683533191680908,
        7.659853219985962,
        7.521979093551636,
        7.6477086544036865,
        7.36052942276001,
        7.544888973236084,
        7.602310657501221,
        7.610173940658569,
        7.548764944076538,
        7.617962121963501,
        7.535025358200073,
        7.5595033168792725,
        7.509534120559692,
        7.628796339035034,
        7.47385311126709,
        7.571115493774414,
        7.5539422035217285,
        7.507738351821899,
        7.512460470199585,
        7.527630567550659,
        7.4541778564453125,
        7.404555559158325,
        7.419928312301636,
        7.354004621505737,
        7.449665069580078,
        7.411268949508667,
        7.369713306427002,
        7.441445827484131,
        7.414416551589966,
        7.459702253341675,
        7.45662260055542,
        7.511763095855713,
        7.573404788970947,
        7.317806601524353,
        7.2938878536224365,
        7.344452142715454,
        7.293086528778076,
        7.411109924316406,
        7.435696125030518,
        7.2993433475494385,
        7.148705720901489,
        7.230756044387817,
        7.195336103439331,
        7.238190054893494,
        7.1762001514434814,
        7.165815949440002,
        7.141077756881714,
        7.3119282722473145,
        7.145127058029175,
        7.021211504936218,
        7.319057583808899,
        6.8650349378585815,
        7.1974416971206665,
        7.164228439331055,
        7.115099549293518,
        7.131752252578735,
        7.2236610651016235,
        7.127247333526611,
        7.135371208190918,
        7.126960039138794,
        6.944729328155518,
        6.676494836807251,
        6.993303298950195,
        6.793388485908508,
        7.062204837799072,
        7.023851752281189,
        6.563862085342407,
        6.893261194229126,
        6.8103625774383545,
        6.775541424751282,
        6.675075054168701,
        6.8720608949661255,
        6.958179831504822,
        6.248454928398132,
        6.480844259262085,
        6.339772462844849,
        7.144674897193909,
        6.402178764343262,
        6.759384751319885,
        6.517425179481506,
        6.7644853591918945,
        6.647101163864136,
        6.548949480056763,
        6.478403091430664,
        6.718526005744934,
        5.660412669181824,
        6.024230480194092,
        6.134219288825989,
        6.341038942337036,
        6.54120409488678,
        6.253221750259399,
        6.68577516078949,
        5.651998281478882,
        5.871797800064087,
        5.662097692489624,
        6.1760969161987305,
        6.58607542514801,
        5.821956992149353,
        6.017845630645752,
        5.913355588912964,
        5.869901776313782,
        6.176193714141846,
        5.639512419700623,
        6.12034285068512,
        6.305848121643066,
        6.341015100479126,
        5.671730160713196,
        5.717130064964294,
        5.279762148857117,
        5.574559450149536,
        5.8677308559417725,
        6.01185142993927,
        6.45201301574707,
        5.89658784866333,
        5.322250962257385,
        5.210816144943237,
        5.732070565223694,
        5.902660965919495,
        5.603605389595032,
        6.054613351821899,
        6.107073783874512,
        5.940677642822266,
        6.596354126930237,
        5.848558783531189,
        5.6733845472335815,
        6.117575645446777,
        4.914977967739105,
        5.55321741104126,
        6.1682679653167725,
        5.58012068271637,
        5.057038486003876,
        4.112306177616119,
        5.2597328424453735,
        5.066433548927307,
        5.295671224594116,
        5.202750325202942,
        5.804746627807617,
        5.532382845878601,
        5.965868353843689,
        5.396755337715149,
        5.197136998176575,
        5.010215222835541,
        4.834251165390015,
        5.389312148094177,
        5.635295391082764,
        5.655472040176392,
        5.828678488731384,
        5.266331255435944,
        5.682935118675232,
        5.304360389709473,
        4.643621325492859,
        5.1652384996414185,
        5.033476829528809,
        5.628842115402222,
        5.86570131778717,
        5.21203887462616,
        4.914721369743347,
        5.133561968803406,
        5.7897502183914185,
        5.393343865871429,
        5.629421353340149,
        5.177265226840973,
        4.694810390472412,
        5.724321603775024,
        5.37838876247406,
        4.33223682641983,
        4.771061420440674,
        5.62079930305481,
        5.386977553367615,
        5.876965880393982,
        5.271188139915466,
        3.5693609714508057,
        3.9470797181129456,
        4.027705371379852,
        4.339911043643951,
        5.043704330921173,
        5.378349542617798,
        5.4789310693740845,
        3.9014763832092285,
        4.869063138961792,
        4.949910640716553,
        5.298640727996826,
        4.870145797729492,
        5.760180354118347,
        4.318270444869995,
        5.297493100166321,
        4.585176467895508,
