{
  "timestamp": "20260424_030200",
  "config": {
    "model_size": "700M",
    "batch_size": 4,
    "gradient_accumulation": 4,
    "max_steps": 500,
    "max_seq_len": 1024,
    "learning_rate": 0.0006,
    "Kx": 1,
    "Ku": 1,
    "Kv": 1
  },
  "results": {
    "DDP": {
      "final_loss": 7.71486496925354,
      "avg_loss": 7.699042322635651,
      "total_time_seconds": 842.7151479721069,
      "tokens_per_second_per_gpu": 9720.959709473678,
      "tokens_per_second_cluster": 29162.879128421035,
      "peak_memory_gb": 26.510022144,
      "mfu": 0.16899514034134777,
      "gpu_name": "NVIDIA H100 NVL",
      "sync_counts": {
        "all": 500
      },
      "losses": [
        11.102102756500244,
        10.81938648223877,
        10.506783485412598,
        10.231004476547241,
        9.86440110206604,
        9.637599468231201,
        9.21602988243103,
        9.230979681015015,
        9.18327784538269,
        9.27719497680664,
        8.849714040756226,
        8.937136173248291,
        15.659094333648682,
        8.754884719848633,
        8.711888074874878,
        8.863692998886108,
        8.83711862564087,
        8.659701585769653,
        8.798343658447266,
        8.609979391098022,
        8.748905181884766,
        8.494577407836914,
        8.421863794326782,
        8.551367044448853,
        8.623183727264404,
        8.632506608963013,
        8.539416313171387,
        8.52028226852417,
        8.58136510848999,
        8.458796501159668,
        8.492698192596436,
        8.37632966041565,
        8.398892402648926,
        8.347658634185791,
        8.509328365325928,
        8.571193218231201,
        8.495547771453857,
        8.334162712097168,
        8.366173505783081,
        8.315285444259644,
        8.362513065338135,
        8.348564863204956,
        8.35236668586731,
        8.258763790130615,
        8.485389232635498,
        8.368687152862549,
        8.332179307937622,
        8.219696521759033,
        8.487678050994873,
        8.350226879119873,
        8.36097764968872,
        8.448183298110962,
        8.256085634231567,
        8.20144271850586,
        8.289214134216309,
        8.397687435150146,
        8.341191530227661,
        8.25899052619934,
        8.239195823669434,
        8.237155199050903,
        8.176973342895508,
        8.369014263153076,
        8.246949911117554,
        8.372564554214478,
        8.362390756607056,
        8.311914205551147,
        8.322938919067383,
        8.152652025222778,
        8.344776630401611,
        8.305246353149414,
        8.313043594360352,
        8.223001718521118,
        8.353440284729004,
        8.245480298995972,
        8.323360443115234,
        8.186951875686646,
        8.303766965866089,
        8.231043100357056,
        8.273186206817627,
        8.145236015319824,
        8.220186471939087,
        8.287265300750732,
        8.23936676979065,
        8.394887208938599,
        8.226717948913574,
        8.198798894882202,
        8.279835939407349,
        8.114309310913086,
        8.197100639343262,
        8.245199203491211,
        8.295263528823853,
        8.28010892868042,
        8.215645790100098,
        8.17705512046814,
        8.200643301010132,
        8.242981910705566,
        8.229633569717407,
        8.168844223022461,
        8.226888656616211,
        8.229703426361084,
        8.147207736968994,
        8.248237133026123,
        8.236143827438354,
        8.237486600875854,
        8.076627731323242,
        8.151139736175537,
        8.153789281845093,
        8.18490982055664,
        8.24171781539917,
        8.105501890182495,
        8.216735601425171,
        8.189641952514648,
        8.161195516586304,
        8.172634840011597,
        8.245018005371094,
        8.245350122451782,
        8.107564926147461,
        8.217174053192139,
        8.21422791481018,
        8.165175199508667,
        8.220722675323486,
        8.267415523529053,
        8.140233039855957,
        8.112501382827759,
        8.119065523147583,
        8.155875444412231,
        8.142191410064697,
        8.192047595977783,
        8.23021149635315,
        8.0454261302948,
        8.157165050506592,
        8.177192687988281,
        8.143123865127563,
        8.137561321258545,
        8.069699764251709,
        8.179555892944336,
        8.192377090454102,
        8.045241594314575,
        8.049347400665283,
        8.167295217514038,
        8.138115882873535,
        8.143412351608276,
        8.140116691589355,
        8.109846591949463,
        8.035258769989014,
        8.034029245376587,
        8.143178224563599,
        8.122838497161865,
        8.06160044670105,
        7.954829931259155,
        8.066835403442383,
        8.11084794998169,
        8.109096765518188,
        8.064149379730225,
        8.051652193069458,
        8.053371906280518,
        8.062283277511597,
        8.070160865783691,
        8.017000198364258,
        8.076566696166992,
        8.016713380813599,
        8.046719789505005,
        8.036197423934937,
        7.964747905731201,
        8.041911125183105,
        8.008930683135986,
        7.996209144592285,
        8.07716417312622,
        8.049092769622803,
        8.057190895080566,
        8.039011716842651,
        7.996203660964966,
        8.052029371261597,
        7.936164379119873,
        7.985915899276733,
        7.989083528518677,
        8.087405920028687,
        8.046721696853638,
        7.9929962158203125,
        7.994859218597412,
        8.0235116481781,
        7.987187623977661,
        8.00088095664978,
        8.021430969238281,
        7.922762393951416,
        7.920523643493652,
        8.073199033737183,
        7.94501256942749,
        8.032076358795166,
        8.026569843292236,
        7.925159692764282,
        7.966522932052612,
        7.925766229629517,
        7.971673250198364,
        8.006839036941528,
        7.868519306182861,
        8.0142183303833,
        8.01765751838684,
        7.901378393173218,
        7.939645051956177,
        7.944339752197266,
        7.921001672744751,
        7.942610740661621,
        8.012722730636597,
        7.985923528671265,
        7.975808620452881,
        7.993208885192871,
        7.938238859176636,
        7.957120895385742,
        7.913654088973999,
        7.994620084762573,
        7.87563681602478,
        7.951007604598999,
        8.002078533172607,
        7.892909288406372,
        7.92151141166687,
        8.0061354637146,
        7.921612501144409,
        7.925000905990601,
        7.987692594528198,
        7.888736724853516,
        7.916574001312256,
        7.936624765396118,
        7.956336498260498,
        7.909801483154297,
        7.936864852905273,
        7.9344563484191895,
        7.87695050239563,
        7.953228235244751,
        7.906144142150879,
        7.878340482711792,
        7.923057317733765,
        7.930268049240112,
        7.913133859634399,
        7.885849475860596,
        7.8993000984191895,
        7.921806573867798,
        7.916009187698364,
        7.900983572006226,
        7.8526670932769775,
        7.929614543914795,
        7.897213935852051,
        7.889979362487793,
        7.91282844543457,
        7.901519298553467,
        7.922811031341553,
        7.864161491394043,
        7.920056343078613,
        7.860585451126099,
        7.974964618682861,
        7.941495656967163,
        7.878851652145386,
        7.851105690002441,
        7.902008533477783,
        7.911881685256958,
        7.934353828430176,
        7.882627487182617,
        7.9934351444244385,
        7.8729541301727295,
        7.895592927932739,
        7.877636671066284,
        7.859712600708008,
        7.851250886917114,
        7.912914752960205,
        7.846023797988892,
        7.846121788024902,
        7.8713603019714355,
        7.914786338806152,
        7.830646753311157,
        7.9114930629730225,
        7.918137550354004,
