{
  "timestamp": "20260423_153719",
  "config": {
    "model_size": "700M",
    "batch_size": 4,
    "gradient_accumulation": 8,
    "max_steps": 500,
    "max_seq_len": 1024,
    "learning_rate": 0.0006,
    "Kx": 32,
    "Ku": 96,
    "Kv": 192
  },
  "results": {
    "DDP": {
      "final_loss": 7.622787356376648,
      "avg_loss": 7.734312208890915,
      "total_time_seconds": 1561.6974482536316,
      "tokens_per_second_per_gpu": 10491.148601364119,
      "tokens_per_second_cluster": 20982.297202728238,
      "peak_memory_gb": 26.511113728,
      "mfu": 0.18238457757433257,
      "gpu_name": "NVIDIA H100 NVL",
      "sync_counts": {
        "all": 500
      },
      "losses": [
        11.050992488861084,
        10.83409070968628,
        10.511783480644226,
        9.98099935054779,
        9.580672979354858,
        9.333464980125427,
        9.259597063064575,
        8.94699490070343,
        8.753692865371704,
        8.858465671539307,
        8.743170976638794,
        8.799983620643616,
        8.739595174789429,
        8.67178213596344,
        15.793363690376282,
        8.644020438194275,
        8.572232484817505,
        8.525169730186462,
        8.55581545829773,
        8.453644275665283,
        8.411067008972168,
        8.495317697525024,
        8.487294435501099,
        8.438260674476624,
        8.481060981750488,
        8.348411202430725,
        8.5630042552948,
        8.276658058166504,
        8.377734541893005,
        8.489651799201965,
        8.413500189781189,
        8.392781257629395,
        8.418492913246155,
        8.273094534873962,
        8.41843056678772,
        8.390766501426697,
        8.418679356575012,
        8.325029850006104,
        8.229098081588745,
        8.290849208831787,
        8.338331580162048,
        8.313494443893433,
        8.308376550674438,
        8.274167776107788,
        8.301743745803833,
        8.305309295654297,
        8.295341968536377,
        8.268861293792725,
        8.366961002349854,
        8.294995427131653,
        8.299990773200989,
        8.425387978553772,
        8.36364197731018,
        8.293129563331604,
        8.245586395263672,
        8.267878413200378,
        8.253677248954773,
        8.375452280044556,
        8.255751729011536,
        8.283036947250366,
        8.258477091789246,
        8.230038523674011,
        8.184152007102966,
        8.231097936630249,
        8.219464778900146,
        8.331851601600647,
        8.242051839828491,
        8.19240403175354,
        8.213318943977356,
        8.247737288475037,
        8.250266551971436,
        8.191527128219604,
        8.339908719062805,
        8.358354806900024,
        8.288913607597351,
        8.276631593704224,
        8.28172743320465,
        8.370796918869019,
        8.233581185340881,
        8.236571192741394,
        8.219221830368042,
        8.25704038143158,
        8.225218415260315,
        8.210210800170898,
        8.212821245193481,
        8.320471167564392,
        8.218403697013855,
        8.192171216011047,
        8.138466119766235,
        8.16871452331543,
        8.222660899162292,
        8.350013494491577,
        8.222612261772156,
        8.203874111175537,
        8.291258454322815,
        8.253297924995422,
        8.2776437997818,
        8.24293577671051,
        8.231001734733582,
        8.245361328125,
        8.264117121696472,
        8.30769395828247,
        8.272844195365906,
        8.248016476631165,
        8.27970266342163,
        8.267151951789856,
        8.23934018611908,
        8.195529580116272,
        8.178872466087341,
        8.179081201553345,
        8.150373101234436,
        8.165659308433533,
        8.24377155303955,
        8.15162968635559,
        8.221130609512329,
        8.249488353729248,
        8.206523776054382,
        8.192385196685791,
        8.188052296638489,
        8.18973445892334,
        8.236480593681335,
        8.221850514411926,
        8.214525938034058,
        8.197973489761353,
        8.183483719825745,
        8.18525779247284,
        8.14246654510498,
        8.235310554504395,
        8.201022267341614,
        8.218364953994751,
        8.230915069580078,
        8.164570808410645,
        8.225897908210754,
        8.19382631778717,
        8.222245931625366,
        8.252121448516846,
        8.115072846412659,
        8.191517949104309,
        8.129310250282288,
        8.19177258014679,
        8.17400348186493,
        8.245802521705627,
        8.250848293304443,
        8.170775175094604,
        8.141516208648682,
        8.173167824745178,
        8.206198573112488,
        8.149520874023438,
        8.190571665763855,
        8.189711570739746,
        8.150398135185242,
        8.161033391952515,
        8.128893375396729,
        8.197540760040283,
        8.15967881679535,
        8.068615794181824,
        8.12917935848236,
        8.133800148963928,
        8.115899682044983,
        8.19774842262268,
        8.151683449745178,
        8.243932962417603,
        8.116090655326843,
        8.172246813774109,
        8.116035461425781,
        8.134360432624817,
        8.087950229644775,
        8.111853003501892,
        8.073023319244385,
        8.115023136138916,
        8.096172213554382,
        8.21229338645935,
        8.159864068031311,
        8.185338258743286,
        8.105089664459229,
        8.181790709495544,
        8.181889653205872,
        8.127952933311462,
        8.077746629714966,
        8.116559267044067,
        8.053938388824463,
        8.10545527935028,
        8.083364725112915,
        8.129806280136108,
        8.156913757324219,
        8.088911294937134,
        8.219153881072998,
        8.044146656990051,
        8.182756543159485,
        8.07003927230835,
        8.042534828186035,
        8.101345300674438,
        8.111966609954834,
        8.107047319412231,
        8.058991432189941,
        8.022190809249878,
        8.098287105560303,
        8.061285138130188,
        8.0402352809906,
        8.102821469306946,
        8.086650133132935,
        8.042186617851257,
        8.068799495697021,
        8.021920323371887,
        8.05202829837799,
        7.999189615249634,
        8.083516836166382,
        7.9582130908966064,
        8.058791041374207,
        8.019138932228088,
        8.020705342292786,
        8.03212821483612,
        7.975419640541077,
        8.000142931938171,
        7.988162875175476,
        7.978729248046875,
        7.981737852096558,
        8.00341546535492,
        7.967889428138733,
        8.020946621894836,
        7.93256950378418,
        7.985756754875183,
        7.993578195571899,
        7.970379590988159,
        7.924643278121948,
        7.979295372962952,
        7.951252579689026,
        8.019586563110352,
        8.012441754341125,
        7.97098982334137,
        7.942955017089844,
        7.922759652137756,
        7.9495930671691895,
        7.925512194633484,
        7.9452749490737915,
        7.913112163543701,
        7.9448617696762085,
        7.968906283378601,
        7.939432621002197,
        7.9348204135894775,
        7.926587700843811,
        7.904297828674316,
        7.9444921016693115,
        7.936183333396912,
        7.927542567253113,
        7.914508938789368,
        7.943318128585815,
        7.98354697227478,
        7.972811460494995,
        7.943189024925232,
        7.90415358543396,
        7.94926130771637,
        7.93078088760376,
        7.8796738386154175,
        7.9511436223983765,
        7.8704594373703,
        7.8592623472213745,
        7.8978495597839355,
        7.9118300676345825,
        7.88538932800293,
        7.969205856323242,
        7.962738871574402,
        7.914043188095093,
        7.89851176738739,
        7.895009636878967,
        7.9479146003723145,
        7.9119203090667725,
        7.911053895950317,
        7.909327268600464,
        7.917741298675537,
        7.8842034339904785,
