{
  "timestamp": "20260423_013722",
  "config": {
    "model_size": "125M",
    "batch_size": 4,
    "gradient_accumulation": 8,
    "max_steps": 500,
    "max_seq_len": 1024,
    "learning_rate": 0.0006,
    "Kx": 32,
    "Ku": 32,
    "Kv": 32
  },
  "results": {
    "LocalAdam": {
      "final_loss": 3.809645116329193,
      "avg_loss": 4.485694341957569,
      "total_time_seconds": 534.9676945209503,
      "tokens_per_second_per_gpu": 30626.14839700077,
      "tokens_per_second_cluster": 61252.29679400154,
      "peak_memory_gb": 9.862832128,
      "mfu": 0.08558588249549759,
      "gpu_name": "NVIDIA H100 NVL",
      "sync_counts": {
        "all": 47
      },
      "losses": [
        10.922897577285767,
        10.837167739868164,
        10.753675699234009,
        10.481474876403809,
        10.22848629951477,
        9.966542720794678,
        9.707823991775513,
        9.294069647789001,
        9.081281304359436,
        8.963109612464905,
        8.825693368911743,
        8.777127265930176,
        8.740895509719849,
        8.631264925003052,
        8.597169876098633,
        9.409791469573975,
        8.469493508338928,
        8.43387770652771,
        8.431555271148682,
        8.356966972351074,
        8.380829334259033,
        8.418410897254944,
        8.423736214637756,
        8.33044445514679,
        8.364076495170593,
        8.28919541835785,
        8.479882597923279,
        8.23985493183136,
        8.305492877960205,
        8.52692437171936,
        8.389834642410278,
        8.316396236419678,
        8.315495014190674,
        8.245261073112488,
        8.310255765914917,
        8.3302983045578,
        8.321738123893738,
        8.237465858459473,
        8.15415096282959,
        8.171481847763062,
        8.247007489204407,
        8.22455894947052,
        8.217716932296753,
        8.158593535423279,
        8.217580199241638,
        8.236148476600647,
        8.193790912628174,
        8.15276849269867,
        8.240896105766296,
        8.182260990142822,
        8.192298769950867,
        8.26146411895752,
        8.410218954086304,
        8.185699701309204,
        8.156283497810364,
        8.170990109443665,
        8.181015849113464,
        8.291644930839539,
        8.182148933410645,
        8.194598913192749,
        8.137736320495605,
        8.113454461097717,
        8.359672665596008,
        8.118387699127197,
        8.129691123962402,
        8.24771785736084,
        8.153002142906189,
        8.093536019325256,
        8.078081488609314,
        8.130713701248169,
        8.121753454208374,
        8.090019345283508,
        8.212175250053406,
        8.20781135559082,
        8.156371116638184,
        8.120869755744934,
        8.095328092575073,
        8.183463215827942,
        8.092407464981079,
        8.07420015335083,
        8.080107688903809,
        8.062240958213806,
        8.038150548934937,
        8.017583012580872,
        8.023702263832092,
        8.09169054031372,
        8.014455080032349,
        7.975917339324951,
        7.952570199966431,
        7.942282557487488,
        8.012131094932556,
        8.03014874458313,
        7.9124884605407715,
        7.97564423084259,
        7.980576276779175,
        7.936520099639893,
        7.986348390579224,
        7.910897850990295,
        7.950347304344177,
        7.929229021072388,
        7.925285339355469,
        7.961640477180481,
        7.942203640937805,
        7.933980464935303,
        7.982024669647217,
        7.9188984632492065,
        7.933486223220825,
        7.873976469039917,
        7.897510766983032,
        7.833444356918335,
        7.862767338752747,
        7.860878586769104,
        7.906533241271973,
        7.874855637550354,
        7.8712944984436035,
        7.9333213567733765,
        7.874048709869385,
        7.939321994781494,
        7.939360737800598,
        7.847453236579895,
        7.915021777153015,
        7.861567378044128,
        7.840665578842163,
        7.8178898096084595,
        7.8490971326828,
        7.862626075744629,
        7.864884734153748,
        7.802678346633911,
        7.8089845180511475,
        7.815694093704224,
        7.7450361251831055,
        7.739434361457825,
        7.780662655830383,
        7.739653706550598,
        7.767497897148132,
        7.748838424682617,
        7.711472868919373,
        7.794071435928345,
        7.713688969612122,
        7.766321897506714,
        7.712192416191101,
        7.799032807350159,
        7.804684281349182,
        7.7655850648880005,
        7.774118185043335,
        7.745164752006531,
        7.744286060333252,
        7.815710783004761,
        7.731568336486816,
        7.739884376525879,
        7.759679555892944,
        7.798104166984558,
        7.73310649394989,
        7.825321078300476,
        7.780610203742981,
        7.748875260353088,
        7.761441469192505,
        7.772712707519531,
        7.756151795387268,
        7.737385392189026,
        7.641030192375183,
        7.710922360420227,
        7.627392649650574,
        7.722839951515198,
        7.6201441287994385,
        7.720569372177124,
        7.6978243589401245,
        7.6276795864105225,
        7.655189275741577,
        7.659730911254883,
        7.5475358963012695,
        7.644566178321838,
        7.611098527908325,
        7.620771884918213,
        7.641728162765503,
        7.665173530578613,
        7.629399418830872,
        7.640223145484924,
        7.618395090103149,
        7.641189455986023,
        7.691486597061157,
        7.64818263053894,
        7.669856786727905,
        7.62616765499115,
        7.5826297998428345,
        7.562848210334778,
        7.590672969818115,
        7.572179198265076,
        7.649510383605957,
        7.572256922721863,
        7.559971332550049,
        7.593268275260925,
        7.571450114250183,
        7.575088858604431,
        7.471265196800232,
        7.495666742324829,
        7.534156084060669,
        7.533057808876038,
        7.493738651275635,
        7.5944215059280396,
        7.472428917884827,
        7.4725799560546875,
        7.511309325695038,
        7.368657231330872,
        7.4578129053115845,
        7.375681042671204,
        7.482829034328461,
        7.47688364982605,
        7.410707712173462,
        7.410309255123138,
        7.386473298072815,
        7.308318555355072,
        7.40278434753418,
        7.3127599358558655,
        7.501032710075378,
        7.1034486293792725,
        7.4188700914382935,
        7.320428311824799,
        7.343262135982513,
        7.313092350959778,
        7.349928975105286,
        7.246497690677643,
        7.331072807312012,
        7.322269380092621,
        7.068308889865875,
        7.192172825336456,
        7.125724911689758,
        7.128995597362518,
        7.339454650878906,
        7.118963360786438,
        6.65329897403717,
        7.039470136165619,
        7.100299775600433,
        6.795235514640808,
        7.001198470592499,
        7.000481367111206,
        7.185141503810883,
        7.133431792259216,
        6.976598799228668,
        6.976179420948029,
        7.015500366687775,
        6.88464218378067,
        7.052638411521912,
        6.843038439750671,
        6.913655936717987,
        6.982989132404327,
        6.92928820848465,
        6.829730272293091,
        6.794599771499634,
        6.705594897270203,
        6.682369410991669,
        6.723035752773285,
        7.13569700717926,
        7.029788672924042,
        6.869556188583374,
        6.838292479515076,
        6.8838061690330505,
        6.573964416980743,
        6.203661620616913,
        6.780501127243042,
        6.341445326805115,
        6.812211334705353,
        6.6780407428741455,
        6.672541797161102,
        6.512247860431671,
        6.808500707149506,
        6.697469234466553,
        6.375856459140778,
        6.839108467102051,
        6.8861329555511475,
