{
  "timestamp": "20260422_100050",
  "config": {
    "model_size": "125M",
    "batch_size": 4,
    "gradient_accumulation": 4,
    "max_steps": 50,
    "max_seq_len": 1024,
    "learning_rate": 0.0006,
    "Kx": 32,
    "Ku": 96,
    "Kv": 192
  },
  "results": {
    "DDP": {
      "final_loss": 8.1300790309906,
      "avg_loss": 8.878518085479737,
      "total_time_seconds": 24.400402069091797,
      "tokens_per_second_per_gpu": 33573.217264222374,
      "tokens_per_second_cluster": 67146.43452844475,
      "peak_memory_gb": 10.311691264,
      "mfu": 0.08028961564171834,
      "gpu_name": "NVIDIA A100 80GB PCIe",
      "sync_counts": {
        "all": 50
      },
      "losses": [
        11.012555122375488,
        10.856067180633545,
        10.711762428283691,
        10.570459365844727,
        10.356452465057373,
        10.25697112083435,
        9.955402135848999,
        9.621692895889282,
        9.566560506820679,
        9.21998381614685,
        9.35746431350708,
        9.09210729598999,
        9.041921615600586,
        9.206836462020874,
        8.96029019355774,
        8.925463438034058,
        8.713451862335205,
        8.621454000473022,
        8.628371715545654,
        8.693070411682129,
        8.504038095474243,
        8.658116817474365,
        8.595249891281128,
        8.339727878570557,
        8.924270629882812,
        8.647742748260498,
        8.439061164855957,
        8.775885820388794,
        8.593498945236206,
        8.465713262557983,
        8.442991495132446,
        8.547031164169312,
        8.529696226119995,
        8.418902397155762,
        8.45534348487854,
        8.38494324684143,
        8.171681642532349,
        8.474952936172485,
        8.481887817382812,
        8.51524305343628,
        8.314853429794312,
        8.238540649414062,
        8.197641611099243,
        8.33252239227295,
        8.241296768188477,
        8.259835004806519,
        8.21538496017456,
        8.06047534942627,
        8.200958013534546,
        8.1300790309906
      ]
    }
  }
}