{
  "timestamp": "20260424_022440",
  "config": {
    "model_size": "125M",
    "batch_size": 4,
    "gradient_accumulation": 4,
    "max_steps": 500,
    "max_seq_len": 1024,
    "learning_rate": 0.0006,
    "Kx": 1,
    "Ku": 1,
    "Kv": 1
  },
  "results": {
    "DDP": {
      "final_loss": 3.4695709347724915,
      "avg_loss": 3.0837853333353995,
      "total_time_seconds": 187.89147329330444,
      "tokens_per_second_per_gpu": 43599.63683510019,
      "tokens_per_second_cluster": 130798.91050530056,
      "peak_memory_gb": 6.676655104,
      "mfu": 0.12184076647981898,
      "gpu_name": "NVIDIA H100 NVL",
      "sync_counts": {
        "all": 500
      },
      "losses": [
        11.003260612487793,
        10.855253219604492,
        10.632382869720459,
        10.488295078277588,
        10.089914560317993,
        9.959556579589844,
        9.559113502502441,
        9.352815628051758,
        9.254037857055664,
        10.307923793792725,
        8.828032970428467,
        8.873438358306885,
        8.877949476242065,
        8.691761255264282,
        8.635081768035889,
        8.686678171157837,
        8.662620544433594,
        8.55532693862915,
        10.159827470779419,
        8.4600191116333,
        8.590704679489136,
        8.471984624862671,
        8.345272302627563,
        8.545353889465332,
        8.468709468841553,
        8.522192478179932,
        8.419320821762085,
        8.386302471160889,
        8.430449724197388,
        8.40187668800354,
        8.44512939453125,
        8.277753591537476,
        8.308767318725586,
        8.252898931503296,
        8.350193500518799,
        8.436635255813599,
        8.415571689605713,
        8.190995931625366,
        8.293811082839966,
        8.177357912063599,
        8.26628589630127,
        8.244638681411743,
        8.197880506515503,
        8.096831798553467,
        8.427252292633057,
        8.262088775634766,
        8.251174688339233,
        8.08928918838501,
        8.323360919952393,
        8.237369060516357,
        8.21404767036438,
        8.325223445892334,
        8.121923923492432,
        7.985059499740601,
        8.11272406578064,
        8.22888970375061,
        8.153611898422241,
        8.073495149612427,
        8.077378034591675,
        8.028970956802368,
        7.999510765075684,
        8.141339302062988,
        7.989681243896484,
        8.15140700340271,
        8.067491292953491,
        8.098848819732666,
        8.100054502487183,
        7.940436124801636,
        8.050373792648315,
        8.0186607837677,
        8.00439715385437,
        7.941921710968018,
        8.021423101425171,
        7.927279472351074,
        7.931375026702881,
        7.84321665763855,
        7.944246530532837,
        7.900502920150757,
        7.920058727264404,
        7.862849950790405,
        7.831278562545776,
        7.910174369812012,
        7.823413848876953,
        7.942178010940552,
        7.860041856765747,
        7.7544496059417725,
        7.88112735748291,
        7.631913661956787,
        7.743444442749023,
        7.837509870529175,
        7.733384132385254,
        7.798614978790283,
        7.801278829574585,
        7.730334162712097,
        7.755236864089966,
        7.67746639251709,
        7.7996745109558105,
        7.652604818344116,
        7.74564528465271,
        7.752435922622681,
        7.6884870529174805,
        7.695849180221558,
        7.615951299667358,
        7.628620624542236,
        7.550960302352905,
        7.606144666671753,
        7.575618743896484,
        7.622530698776245,
        7.586975574493408,
        7.564509153366089,
        7.603903532028198,
        7.614987850189209,
        7.672738075256348,
        7.612163543701172,
        7.652308702468872,
        7.723668336868286,
        7.460050821304321,
        7.468497276306152,
        7.502067565917969,
        7.577966928482056,
        7.582663059234619,
        7.61963415145874,
        7.383887767791748,
        7.238785982131958,
        7.478900671005249,
        7.3700926303863525,
        7.434326171875,
        7.351252555847168,
        7.390580892562866,
        7.310764789581299,
        7.504512548446655,
        7.340101480484009,
        7.2771897315979,
        7.417386531829834,
        7.102333903312683,
        7.305503845214844,
        7.347912430763245,
        7.264235734939575,
        7.1986671686172485,
        7.409923315048218,
        7.266530871391296,
        7.340332984924316,
        7.341076731681824,
        7.206265926361084,
        7.113376975059509,
        7.242566823959351,
        7.036095976829529,
        7.2350263595581055,
        7.248472213745117,
        6.9195473194122314,
        7.167335271835327,
        7.161733627319336,
        7.079204440116882,
        7.051734447479248,
        7.084907412528992,
        7.223840832710266,
        6.741366386413574,
        6.826758146286011,
        6.673856973648071,
        7.258327841758728,
        6.8645259141922,
        6.984078407287598,
        6.845012068748474,
        6.997775554656982,
        6.9319868087768555,
        6.774768233299255,
        6.7533674240112305,
        6.944227695465088,
        6.21588659286499,
        6.320220232009888,
        6.474646091461182,
        6.667856216430664,
        6.7135162353515625,
        6.4940361976623535,
        6.895378112792969,
        6.029179811477661,
        6.2899099588394165,
        6.082445383071899,
        6.387065529823303,
        6.681014776229858,
        6.16797661781311,
        6.373789072036743,
        6.198888897895813,
        6.163535714149475,
        6.394949555397034,
        5.879933476448059,
        6.308430075645447,
        6.6047773361206055,
        6.457822561264038,
        5.915154337882996,
        5.974969863891602,
        5.536005735397339,
        5.891215443611145,
        6.0156097412109375,
        6.292378664016724,
        6.566045165061951,
        6.151789903640747,
        5.629724502563477,
        5.52928614616394,
        5.9601891040802,
        6.106974959373474,
        5.8354679346084595,
        6.244914889335632,
        6.269708275794983,
        6.201643586158752,
        6.64551842212677,
        6.006214261054993,
        5.689296364784241,
        6.3129847049713135,
        5.08905827999115,
        5.691720962524414,
        6.3666476011276245,
        5.823396921157837,
        5.331233501434326,
        4.35248601436615,
        5.393500208854675,
        5.223382472991943,
        5.425467491149902,
        5.374073624610901,
        5.907435715198517,
        5.750122427940369,
        5.999578595161438,
        5.333785772323608,
        5.371229767799377,
        5.177408695220947,
        4.949835658073425,
        5.527237892150879,
        5.834283351898193,
        5.772603631019592,
        5.92563784122467,
        5.332622766494751,
        5.783750772476196,
        5.5731881856918335,
        4.742217183113098,
        5.200654625892639,
        5.0569281578063965,
        5.610010385513306,
        5.872041702270508,
        5.400385737419128,
        5.01764714717865,
        5.098857998847961,
        5.786765933036804,
        5.387102961540222,
        5.649929523468018,
        5.133982539176941,
        4.785896062850952,
        5.711121201515198,
        5.336578726768494,
        4.473963797092438,
        4.97887110710144,
        5.774779558181763,
        5.4345152378082275,
        5.823458552360535,
        5.32251238822937,
        3.5427156686782837,
        4.02658087015152,
        3.9961628913879395,
        4.3332390785217285,
        4.910791635513306,
        5.370304226875305,
        5.296078205108643,
        3.9726614952087402,
        4.738390684127808,
        4.977340936660767,
        5.212745428085327,
        4.818979382514954,
        5.613403916358948,
        4.283346593379974,
        5.2373206615448,
        4.52935653924942,
        4.056623578071594,
