{
  "timestamp": "20260423_041737",
  "config": {
    "model_size": "125M",
    "batch_size": 4,
    "gradient_accumulation": 8,
    "max_steps": 500,
    "max_seq_len": 1024,
    "learning_rate": 0.0006,
    "Kx": 32,
    "Ku": 96,
    "Kv": 192
  },
  "results": {
    "DESLOC": {
      "final_loss": 3.3988129794597626,
      "avg_loss": 3.6049877900257705,
      "total_time_seconds": 280.720844745636,
      "tokens_per_second_per_gpu": 58364.03069692138,
      "tokens_per_second_cluster": 116728.06139384276,
      "peak_memory_gb": 6.180077056,
      "mfu": 0.1631004006262669,
      "gpu_name": "NVIDIA H100 NVL",
      "sync_counts": {
        "x": 47,
        "u": 100,
        "v": 47
      },
      "losses": [
        10.922890901565552,
        10.837180137634277,
        10.772634506225586,
        10.573162078857422,
        10.436140537261963,
        10.361570596694946,
        10.579013228416443,
        10.190227031707764,
        10.02060854434967,
        9.864283800125122,
        9.779542565345764,
        9.763875246047974,
        12.43329930305481,
        11.38164484500885,
        9.8242506980896,
        9.710262298583984,
        9.590395331382751,
        9.52341628074646,
        9.36705768108368,
        9.301180362701416,
        9.256898880004883,
        9.148465275764465,
        9.085793495178223,
        9.050142168998718,
        8.972233057022095,
        8.854471921920776,
        8.880477905273438,
        8.768321514129639,
        8.826565027236938,
        8.782477498054504,
        8.675584435462952,
        8.638677954673767,
        8.609479188919067,
        9.032886266708374,
        8.57573676109314,
        8.582834243774414,
        8.558420658111572,
        8.447275638580322,
        8.40524697303772,
        8.373023271560669,
        8.407675981521606,
        8.358185291290283,
        8.341728687286377,
        8.269177913665771,
        8.276855230331421,
        8.274454236030579,
        8.247586607933044,
        8.187393426895142,
        8.245758891105652,
        8.223371267318726,
        8.145675301551819,
        8.225841879844666,
        8.16557776927948,
        8.103853344917297,
        8.079681396484375,
        8.074084758758545,
        8.086021661758423,
        8.103966236114502,
        8.011881351470947,
        8.07928717136383,
        8.04413378238678,
        7.963442444801331,
        7.972845554351807,
        7.948704242706299,
        7.945197105407715,
        8.003479838371277,
        7.954154372215271,
        7.932809591293335,
        7.908382773399353,
        7.844625473022461,
        7.832686901092529,
        7.849144697189331,
        7.947133183479309,
        7.896136403083801,
        7.935629963874817,
        7.810337066650391,
        7.824617862701416,
        7.869874596595764,
        7.822472929954529,
        7.837794065475464,
        7.77057671546936,
        7.767404317855835,
        7.753150105476379,
        7.7202664613723755,
        7.732873916625977,
        7.740886688232422,
        7.70133912563324,
        7.70066773891449,
        7.696540117263794,
        7.652150273323059,
        7.712708830833435,
        7.707561612129211,
        7.639594554901123,
        7.601556301116943,
        7.653733730316162,
        7.688809514045715,
        7.717904567718506,
        7.6722424030303955,
        7.670475602149963,
        7.642801642417908,
        7.75187885761261,
        7.800163745880127,
        7.79026186466217,
        7.899484992027283,
        7.854570150375366,
        7.8789098262786865,
        7.841262221336365,
        7.892267823219299,
        7.831236839294434,
        7.7994983196258545,
        7.893478035926819,
        7.798460960388184,
        7.931254148483276,
        7.83539879322052,
        7.841671705245972,
        7.851665616035461,
        7.85742712020874,
        7.820695877075195,
        7.829052686691284,
        7.777528405189514,
        7.80683434009552,
        7.804163932800293,
        7.735543131828308,
        7.7284417152404785,
        7.779171109199524,
        7.784799098968506,
        7.705307126045227,
        7.68952751159668,
        7.6422847509384155,
        7.5510358810424805,
        7.548013210296631,
        7.494928002357483,
        7.496599078178406,
        7.492723703384399,
        7.542047619819641,
        7.494288206100464,
        7.39373505115509,
        7.535247206687927,
        7.487684369087219,
        7.498946905136108,
        7.478914499282837,
        7.5496402978897095,
        7.584905982017517,
        7.577615022659302,
        7.5028685331344604,
        7.473063230514526,
        7.47302520275116,
        7.50915002822876,
        7.452104568481445,
        7.425970077514648,
        7.500086545944214,
        7.492536306381226,
        7.426991581916809,
        7.5426939725875854,
        7.485278844833374,
        7.408534407615662,
        7.508586645126343,
        7.416663765907288,
        7.45710015296936,
        7.473698139190674,
        7.240668177604675,
        7.2774412631988525,
        7.1651946902275085,
        7.2574992179870605,
        7.233987331390381,
        7.251011848449707,
        7.244066834449768,
        7.109102129936218,
        7.223203778266907,
        7.22676157951355,
        6.990496933460236,
        7.199041366577148,
        7.168238162994385,
        7.17341935634613,
        7.2328126430511475,
        7.29757022857666,
        7.17497992515564,
        7.156160891056061,
        7.139742136001587,
        7.160081386566162,
        7.194013357162476,
        7.2161383628845215,
        7.21063494682312,
        7.168429017066956,
        7.145228862762451,
        7.1241700649261475,
        7.135074198246002,
        7.141979932785034,
        7.203602433204651,
        7.092909336090088,
        7.130164563655853,
        7.0299036502838135,
        7.063560307025909,
        7.108607470989227,
        6.928675353527069,
        6.902771592140198,
        6.969552278518677,
        6.920432090759277,
        6.89070051908493,
        7.063047230243683,
        6.853478193283081,
        6.809990286827087,
        6.808709442615509,
        6.633892357349396,
        6.829967260360718,
        6.741232454776764,
        6.886533439159393,
        6.786957561969757,
        6.815219700336456,
        6.787244081497192,
        6.6672603487968445,
        6.74657940864563,
        6.829900920391083,
        6.645122170448303,
        6.917502403259277,
        6.584031701087952,
        6.640218377113342,
        6.7075419425964355,
        6.750025391578674,
        6.765833556652069,
        6.6477090716362,
        6.632573485374451,
        6.740890085697174,
        6.747089326381683,
        6.393907964229584,
        6.436415076255798,
        6.345602452754974,
        6.3986310958862305,
        6.641175866127014,
        6.415324866771698,
        6.147252857685089,
        6.452263832092285,
        6.25629585981369,
        6.109143257141113,
        6.200750231742859,
        6.229594945907593,
        6.29407924413681,
        6.271732449531555,
        6.036788761615753,
        6.119592666625977,
        6.003287374973297,
        6.086328625679016,
        6.110366523265839,
        5.804226934909821,
        5.840275764465332,
        5.96173483133316,
        5.9374430775642395,
        5.760928750038147,
        5.579055726528168,
        5.561571300029755,
        5.673174262046814,
        5.479184687137604,
        6.044592320919037,
        5.932149529457092,
        5.699677467346191,
        5.61397522687912,
        5.8052510023117065,
        5.271486401557922,
        4.7488778829574585,
        5.577221214771271,
        4.987485229969025,
        5.484464168548584,
        5.375750422477722,
        5.334435284137726,
        4.99717715382576,
        5.471563041210175,
        5.382671564817429,
        4.9234923124313354,
        5.565127909183502,
