{
  "timestamp": "20260423_101821",
  "config": {
    "model_size": "125M",
    "batch_size": 4,
    "gradient_accumulation": 8,
    "max_steps": 500,
    "max_seq_len": 1024,
    "learning_rate": 0.0006,
    "Kx": 32,
    "Ku": 96,
    "Kv": 192
  },
  "results": {
    "DESLOC": {
      "final_loss": 3.3180855810642242,
      "avg_loss": 3.5875260393321513,
      "total_time_seconds": 278.5936985015869,
      "tokens_per_second_per_gpu": 58809.6575339685,
      "tokens_per_second_cluster": 117619.315067937,
      "peak_memory_gb": 6.180077056,
      "mfu": 0.16434572098513023,
      "gpu_name": "NVIDIA H100 NVL",
      "sync_counts": {
        "x": 47,
        "u": 5,
        "v": 47
      },
      "losses": [
        11.010971069335938,
        10.861080169677734,
        10.749611616134644,
        10.596885919570923,
        10.409469366073608,
        10.325633764266968,
        10.15531039237976,
        10.0054612159729,
        9.868477582931519,
        9.652435541152954,
        9.578031063079834,
        9.916283249855042,
        9.447952270507812,
        9.316903710365295,
        9.254887700080872,
        9.148227334022522,
        9.050133466720581,
        8.9933420419693,
        8.914767980575562,
        8.85270869731903,
        8.804932832717896,
        8.737176775932312,
        8.710136890411377,
        8.664899706840515,
        8.635436654090881,
        8.555952072143555,
        8.615456581115723,
        8.46994662284851,
        8.508636236190796,
        8.5535808801651,
        8.461519360542297,
        8.445852398872375,
        8.441178560256958,
        8.347590327262878,
        8.360412955284119,
        8.362666845321655,
        8.328646421432495,
        8.237300753593445,
        8.180704832077026,
        8.190842032432556,
        8.19884181022644,
        8.170573472976685,
        8.165124297142029,
        8.089442014694214,
        8.117600321769714,
        8.105309247970581,
        8.070183157920837,
        8.020390629768372,
        8.087164759635925,
        8.07863461971283,
        8.035462856292725,
        8.090697288513184,
        8.05350136756897,
        8.00900948047638,
        7.934918761253357,
        7.945757269859314,
        7.968232274055481,
        8.013484001159668,
        7.910510540008545,
        8.020686268806458,
        7.967328786849976,
        7.872318387031555,
        7.881593704223633,
        7.829156279563904,
        7.815285325050354,
        7.9161059856414795,
        7.892301321029663,
        7.800011515617371,
        7.832478404045105,
        7.7754141092300415,
        7.788306474685669,
        7.743423342704773,
        7.860709190368652,
        7.826348543167114,
        7.8696582317352295,
        7.738346815109253,
        7.753726840019226,
        7.814096927642822,
        7.7257102727890015,
        7.750905394554138,
        7.702050805091858,
        7.688923478126526,
        7.663458585739136,
        7.685806751251221,
        7.665483593940735,
        7.69301176071167,
        7.668977499008179,
        7.655298829078674,
        7.578583836555481,
        7.6172871589660645,
        7.666764259338379,
        7.651399612426758,
        7.61261773109436,
        7.517205238342285,
        7.591746091842651,
        7.67547082901001,
        7.6406896114349365,
        7.59341561794281,
        7.6348652839660645,
        7.5715107917785645,
        7.70395827293396,
        7.749320030212402,
        7.728343486785889,
        7.762541174888611,
        7.76145613193512,
        7.8337942361831665,
        7.848310947418213,
        7.79660165309906,
        7.788686275482178,
        7.802198886871338,
        7.8126221895217896,
        7.738771200180054,
        7.8666160106658936,
        7.8241705894470215,
        7.794124007225037,
        7.824345827102661,
        7.836066842079163,
        7.8276530504226685,
        7.767952799797058,
        7.7727556228637695,
        7.777033090591431,
        7.7687095403671265,
        7.719364643096924,
        7.680318593978882,
        7.744236707687378,
        7.77213191986084,
        7.729666590690613,
        7.688154101371765,
        7.639627695083618,
        7.54568088054657,
        7.536023139953613,
        7.488512396812439,
        7.455339312553406,
        7.465286135673523,
        7.549244046211243,
        7.477993726730347,
        7.398776292800903,
        7.510977149009705,
        7.4311829805374146,
        7.499198317527771,
        7.472000479698181,
        7.5332629680633545,
        7.584123373031616,
        7.545951724052429,
        7.479427099227905,
        7.467770338058472,
        7.494067192077637,
        7.4974294900894165,
        7.456650614738464,
        7.425663113594055,
        7.4575111865997314,
        7.484027743339539,
        7.424644947052002,
        7.510991930961609,
        7.449999690055847,
        7.411325454711914,
        7.467188715934753,
        7.408614873886108,
        7.387554407119751,
        7.480066537857056,
        7.232592701911926,
        7.2799904346466064,
        7.202549338340759,
        7.2353914976119995,
        7.233197093009949,
        7.241934537887573,
        7.220882296562195,
        7.131456971168518,
        7.202369809150696,
        7.1842650175094604,
        7.034650027751923,
        7.193448305130005,
        7.125511884689331,
        7.169660210609436,
        7.203958868980408,
        7.261128664016724,
        7.172236084938049,
        7.153422772884369,
        7.102245390415192,
        7.13292670249939,
        7.179400324821472,
        7.196315169334412,
        7.134575724601746,
        7.140573263168335,
        7.11495578289032,
        7.1382697224617,
        7.106240153312683,
        7.113478899002075,
        7.183663547039032,
        7.041724324226379,
        7.0792988538742065,
        6.995137453079224,
        7.025765895843506,
        7.082722783088684,
        6.9425060749053955,
        6.841750621795654,
        6.926733076572418,
        6.9566009640693665,
        6.8358893394470215,
        7.050243437290192,
        6.795926868915558,
        6.785351991653442,
        6.817405104637146,
        6.66065776348114,
        6.82936704158783,
        6.6846970319747925,
        6.834499955177307,
        6.766236901283264,
        6.798710405826569,
        6.734026312828064,
        6.668338239192963,
        6.667600214481354,
        6.8318891525268555,
        6.624547183513641,
        6.8075114488601685,
        6.5370378494262695,
        6.60591733455658,
        6.6336997747421265,
        6.721730649471283,
        6.7296518087387085,
        6.605864107608795,
        6.550543487071991,
        6.735024034976959,
        6.677272021770477,
        6.349089622497559,
        6.413323521614075,
        6.2666303515434265,
        6.369953215122223,
        6.610247015953064,
        6.3780142068862915,
        6.101174294948578,
        6.3977227210998535,
        6.201173365116119,
        6.0833500623703,
        6.1933019161224365,
        6.24505877494812,
        6.208278715610504,
        6.271587312221527,
        6.100771844387054,
        6.106832981109619,
        6.002190351486206,
        6.092559397220612,
        6.1036057472229,
        5.865553975105286,
        5.815091013908386,
        5.951913595199585,
        5.898891627788544,
        5.706693053245544,
        5.52412611246109,
        5.514197051525116,
        5.6097835302352905,
        5.448757767677307,
        6.110186398029327,
        5.936595976352692,
        5.670756995677948,
        5.610704243183136,
        5.803899765014648,
        5.22787481546402,
        4.675354897975922,
        5.5251975655555725,
        4.895781517028809,
        5.45905876159668,
        5.35172775387764,
        5.334265440702438,
        4.930180460214615,
        5.3862055242061615,
        5.326872706413269,
        4.816338360309601,
        5.553774118423462,
