{
  "timestamp": "20260423_015717",
  "config": {
    "model_size": "125M",
    "batch_size": 4,
    "gradient_accumulation": 8,
    "max_steps": 500,
    "max_seq_len": 1024,
    "learning_rate": 0.0006,
    "Kx": 32,
    "Ku": 96,
    "Kv": 192
  },
  "results": {
    "DESLOC": {
      "final_loss": 7.323412656784058,
      "avg_loss": 7.550834448337555,
      "total_time_seconds": 536.2279806137085,
      "tokens_per_second_per_gpu": 30554.16836183865,
      "tokens_per_second_cluster": 61108.3367236773,
      "peak_memory_gb": 9.862832128,
      "mfu": 0.08538473167654542,
      "gpu_name": "NVIDIA H100 NVL",
      "sync_counts": {
        "x": 47,
        "u": 108,
        "v": 2
      },
      "losses": [
        10.944474220275879,
        10.838479042053223,
        10.576605439186096,
        21.163411140441895,
        21.352530479431152,
        21.179545640945435,
        12.01521360874176,
        11.162798643112183,
        10.396742343902588,
        10.124274492263794,
        11.497852325439453,
        15.982492923736572,
        9.962362885475159,
        9.64192271232605,
        9.49290680885315,
        9.345889329910278,
        9.064244747161865,
        9.009402871131897,
        8.985370397567749,
        8.697473645210266,
        9.243549466133118,
        8.668426752090454,
        8.700496912002563,
        8.684531092643738,
        8.555378079414368,
        8.352515697479248,
        8.573705792427063,
        8.31566572189331,
        8.493162512779236,
        8.974574565887451,
        8.390247106552124,
        8.802102208137512,
        8.7419912815094,
        8.289106965065002,
        9.00627088546753,
        11.08411169052124,
        8.423498511314392,
        8.31498634815216,
        8.21411144733429,
        8.272308468818665,
        8.280892968177795,
        8.257015109062195,
        8.306291937828064,
        8.198309421539307,
        8.263572931289673,
        8.28440535068512,
        8.26273226737976,
        8.18129849433899,
        8.310974597930908,
        8.261803984642029,
        8.276073694229126,
        8.335351705551147,
        8.564720034599304,
        8.534114122390747,
        8.215240955352783,
        8.20552396774292,
        8.245883345603943,
        8.337451219558716,
        8.229218482971191,
        8.274767398834229,
        8.270846962928772,
        8.228400230407715,
        8.193065762519836,
        8.199580430984497,
        8.190027832984924,
        8.264000415802002,
        8.219014406204224,
        8.170760869979858,
        8.165459752082825,
        8.20156729221344,
        8.193695306777954,
        8.16692578792572,
        8.293878078460693,
        8.311590075492859,
        8.248162031173706,
        8.229223847389221,
        8.241230964660645,
        8.310448050498962,
        8.262905478477478,
        8.208254218101501,
        8.207125902175903,
        8.189022302627563,
        8.24864649772644,
        8.191688895225525,
        8.203304648399353,
        8.293718338012695,
        8.178624987602234,
        8.156200051307678,
        8.124592781066895,
        8.170108437538147,
        8.21604609489441,
        8.34372854232788,
        8.214206218719482,
        8.176120519638062,
        8.586244702339172,
        8.445519208908081,
        8.217556118965149,
        8.217196702957153,
        8.235129714012146,
        8.191185355186462,
        8.233284592628479,
        8.290340304374695,
        8.24950659275055,
        8.258006572723389,
        8.305659651756287,
        8.300190448760986,
        8.24788784980774,
        8.216552972793579,
        8.159691095352173,
        8.184571266174316,
        8.204330921173096,
        8.17763614654541,
        8.220797181129456,
        8.176103472709656,
        8.262111783027649,
        8.267640113830566,
        8.27893328666687,
        8.251349329948425,
        8.212467074394226,
        8.213865280151367,
        8.232505559921265,
        8.239522337913513,
        8.174352288246155,
        8.227386832237244,
        8.208946704864502,
        8.278708934783936,
        8.214098334312439,
        8.292961835861206,
        8.205940246582031,
        12.977023124694824,
        12.755495548248291,
        11.895433902740479,
        10.913100481033325,
        9.884002089500427,
        9.0111643075943,
        8.652363777160645,
        8.446663856506348,
        8.403693795204163,
        8.20260763168335,
        8.274138331413269,
        8.337427854537964,
        8.337934017181396,
        8.410646438598633,
        8.276582837104797,
        8.162049889564514,
        8.213510394096375,
        8.235751986503601,
        8.23802626132965,
        8.25331962108612,
        8.224485516548157,
        8.278491377830505,
        8.346370100975037,
        8.197872042655945,
        8.333271265029907,
        8.272196054458618,
        8.196207165718079,
        8.265978932380676,
        8.230236887931824,
        8.244290232658386,
        8.261114478111267,
        8.179393291473389,
        8.217954277992249,
        8.138188123703003,
        8.149958610534668,
        8.138661742210388,
        8.169201493263245,
        8.096445798873901,
        8.171931982040405,
        8.101202130317688,
        8.179325342178345,
        8.153890252113342,
        8.23746943473816,
        8.235381484031677,
        8.221816539764404,
        8.195985674858093,
        8.24599838256836,
        8.233514070510864,
        8.19204068183899,
        8.142345666885376,
        8.186254858970642,
        8.132208108901978,
        8.182479500770569,
        8.16951608657837,
        8.204917192459106,
        8.239840149879456,
        8.153396248817444,
        8.219636678695679,
        8.180681705474854,
        8.290308833122253,
        8.194997668266296,
        8.151625394821167,
        8.141185402870178,
        8.16257357597351,
        8.20313847064972,
        8.154054403305054,
        8.114949107170105,
        8.110320687294006,
        8.147244691848755,
        8.117030024528503,
        8.161070823669434,
        8.105192065238953,
        8.05908977985382,
        8.0738924741745,
        8.134052515029907,
        8.151350498199463,
        8.103506684303284,
        8.10345196723938,
        8.07546067237854,
        8.157089710235596,
        8.135011553764343,
        8.154009580612183,
        8.14989149570465,
        8.132635712623596,
        8.064419865608215,
        8.196551084518433,
        8.121663331985474,
        8.097984433174133,
        8.132426738739014,
        8.118340015411377,
        8.244991779327393,
        8.075822353363037,
        8.050708651542664,
        8.117421269416809,
        8.137304782867432,
        8.050153493881226,
        8.35997724533081,
        8.144948601722717,
        8.156565070152283,
        8.195229411125183,
        8.116612553596497,
        8.046383380889893,
        8.130653738975525,
        8.054094791412354,
        8.07738709449768,
        8.073655486106873,
        8.051188588142395,
        8.086902499198914,
        8.07251787185669,
        8.049445629119873,
        8.083218812942505,
        8.051889181137085,
        8.12589704990387,
        8.169979095458984,
        8.131386399269104,
        8.039925158023834,
        8.15562379360199,
        8.06224513053894,
        8.102859616279602,
        8.135398387908936,
        8.047364950180054,
        8.149539709091187,
        8.10231864452362,
        8.046840906143188,
        8.074472069740295,
        8.117018461227417,
        8.058627724647522,
        8.010465025901794,
        7.992266774177551,
        7.9897544384002686,
        7.991276741027832,
        8.019759774208069,
        8.013629913330078,
        7.940743565559387,
        8.028396248817444,
        7.964492321014404,
        8.010257124900818,
        7.980093002319336,
        7.921802401542664,
        7.990101099014282,
        7.997132182121277,
