{
  "timestamp": "20260424_035908",
  "config": {
    "model_size": "700M",
    "batch_size": 4,
    "gradient_accumulation": 4,
    "max_steps": 500,
    "max_seq_len": 1024,
    "learning_rate": 0.0006,
    "Kx": 1,
    "Ku": 1,
    "Kv": 1
  },
  "results": {
    "DDP": {
      "final_loss": 7.814119815826416,
      "avg_loss": 7.827921838760376,
      "total_time_seconds": 841.9690511226654,
      "tokens_per_second_per_gpu": 9729.573775992056,
      "tokens_per_second_cluster": 29188.721327976167,
      "peak_memory_gb": 26.510022144,
      "mfu": 0.16914489256990234,
      "gpu_name": "NVIDIA H100 NVL",
      "sync_counts": {
        "all": 500
      },
      "losses": [
        11.067792892456055,
        10.89336633682251,
        10.63667631149292,
        10.27272081375122,
        9.925759315490723,
        9.661332607269287,
        9.236475467681885,
        9.204338312149048,
        9.187561988830566,
        9.283066034317017,
        8.797008991241455,
        8.859835147857666,
        8.875117540359497,
        15.59226655960083,
        8.673400640487671,
        8.794303894042969,
        8.801245212554932,
        8.588869094848633,
        8.778154611587524,
        8.479026317596436,
        8.682945013046265,
        8.488633155822754,
        8.412176370620728,
        8.600256443023682,
        8.523038387298584,
        8.638001203536987,
        8.449062585830688,
        8.500783681869507,
        8.5374174118042,
        8.435511589050293,
        8.49787712097168,
        8.350683212280273,
        8.393187761306763,
        8.338223457336426,
        8.482901811599731,
        8.552114009857178,
        8.478378057479858,
        8.283900022506714,
        8.390646934509277,
        8.323461532592773,
        8.387981653213501,
        8.33169960975647,
        8.356117486953735,
        8.19529414176941,
        8.487969398498535,
        8.341227531433105,
        8.345853567123413,
        8.25567102432251,
        8.46169924736023,
        8.343678951263428,
        8.415086269378662,
        8.465020418167114,
        8.266093730926514,
        8.23872709274292,
        8.28685474395752,
        8.466062545776367,
        8.398986101150513,
        8.300124406814575,
        8.279223203659058,
        8.24368143081665,
        8.158344984054565,
        8.378942489624023,
        8.25791883468628,
        8.402379512786865,
        8.325301170349121,
        8.345237970352173,
        8.33152985572815,
        8.17655348777771,
        8.375998973846436,
        8.350098848342896,
        8.350817203521729,
        8.285907983779907,
        8.396387100219727,
        8.276319742202759,
        8.371448516845703,
        8.24111557006836,
        8.337913036346436,
        8.258690357208252,
        8.313427925109863,
        8.180387735366821,
        8.243528127670288,
        8.332972288131714,
        8.280698299407959,
        8.466411352157593,
        8.271383285522461,
        8.225675821304321,
        8.301707029342651,
        8.175314664840698,
        8.255120992660522,
        8.30813455581665,
        8.322731971740723,
        8.297855138778687,
        8.231619358062744,
        8.226076126098633,
        8.229052543640137,
        8.291539907455444,
        8.324105978012085,
        8.23051142692566,
        8.312812566757202,
        8.278395891189575,
        8.229060649871826,
        8.3379385471344,
        8.235225677490234,
        8.274236679077148,
        8.134834051132202,
        8.27310037612915,
        8.171298027038574,
        8.261398553848267,
        8.262883424758911,
        8.201372623443604,
        8.305740356445312,
        8.271944522857666,
        8.22672438621521,
        8.218525886535645,
        8.35349702835083,
        8.290802001953125,
        8.146103858947754,
        8.282325506210327,
        8.289519548416138,
        8.312981605529785,
        8.299858570098877,
        8.331924200057983,
        8.203154563903809,
        8.194035053253174,
        8.255902528762817,
        8.219818592071533,
        8.214283227920532,
        8.304874658584595,
        8.317739725112915,
        8.145509958267212,
        8.335956811904907,
        8.259948968887329,
        8.224515676498413,
        8.185298681259155,
        8.191951751708984,
        8.274946451187134,
        8.359161615371704,
        8.185435056686401,
        8.187731504440308,
        8.296603918075562,
        8.246158361434937,
        8.259220361709595,
        8.300545454025269,
        8.281669616699219,
        8.171663761138916,
        8.186454772949219,
        8.344734907150269,
        8.262048721313477,
        8.217929124832153,
        8.110556840896606,
        8.219546794891357,
        8.303060531616211,
        8.250332355499268,
        8.232298851013184,
        8.16132640838623,
        8.196610450744629,
        8.295572757720947,
        8.227444648742676,
        8.202958583831787,
        8.284660339355469,
        8.204549789428711,
        8.307953596115112,
        8.187957525253296,
        8.141709327697754,
        8.22114634513855,
        8.201230764389038,
        8.207790851593018,
        8.346713542938232,
        8.326078414916992,
        8.303707361221313,
        8.248245477676392,
        8.14829421043396,
        8.193794965744019,
        8.08059287071228,
        8.255661010742188,
        8.234344482421875,
        8.294150114059448,
        8.376314640045166,
        8.295464515686035,
        8.256943464279175,
        8.213655710220337,
        8.244917154312134,
        8.201987504959106,
        8.20094108581543,
        8.164491891860962,
        8.119771718978882,
        8.337470531463623,
        8.190545082092285,
        8.30376672744751,
        8.274983882904053,
        8.196689367294312,
        8.22066617012024,
        8.149927377700806,
        8.24682903289795,
        8.33802318572998,
        8.060238361358643,
        8.236557006835938,
        8.249266147613525,
        8.136254787445068,
        8.163499116897583,
        8.225064039230347,
        8.212715864181519,
        8.186925649642944,
        8.288887977600098,
        8.26753044128418,
        8.32303237915039,
        8.27716851234436,
        8.217061996459961,
        8.185872316360474,
        8.198339700698853,
        8.26868748664856,
        8.255192995071411,
        8.339820146560669,
        8.262717485427856,
        8.087603569030762,
        8.167248725891113,
        8.329232454299927,
        8.11387586593628,
        8.204784870147705,
        8.314109086990356,
        8.22425627708435,
        8.206642150878906,
        8.286062002182007,
        8.198542594909668,
        8.168034076690674,
        8.200816869735718,
        8.195667028427124,
        8.132065534591675,
        8.239723205566406,
        8.190302610397339,
        8.197593927383423,
        8.136653661727905,
        8.222148418426514,
        8.20387578010559,
        8.136751174926758,
        8.186234951019287,
        8.19694447517395,
        8.144550085067749,
        8.126593589782715,
        8.188198328018188,
        8.214792728424072,
        8.186503648757935,
        8.17378544807434,
        8.215017795562744,
        8.17834997177124,
        8.118720769882202,
        8.186221599578857,
        8.111600399017334,
        8.11534833908081,
        8.170167446136475,
        8.07644534111023,
        8.18843674659729,
        8.164727449417114,
        8.165645837783813,
        8.125076532363892,
        8.1395263671875,
        8.123866081237793,
        8.204121351242065,
        8.092701435089111,
        8.146150827407837,
        8.12961196899414,
        8.121050834655762,
        8.005442142486572,
        8.21482539176941,
        8.08699369430542,
        8.087357997894287,
        8.223281860351562,
        8.179242134094238,
        8.058126449584961,
        8.138493299484253,
        8.134310483932495,
        8.163126468658447,
