{
  "timestamp": "20260423_011907",
  "config": {
    "model_size": "125M",
    "batch_size": 4,
    "gradient_accumulation": 8,
    "max_steps": 500,
    "max_seq_len": 1024,
    "learning_rate": 0.0006,
    "Kx": 1,
    "Ku": 1,
    "Kv": 1
  },
  "results": {
    "DDP": {
      "final_loss": 2.196464464068413,
      "avg_loss": 2.6968822588771584,
      "total_time_seconds": 632.3795599937439,
      "tokens_per_second_per_gpu": 25908.49078069836,
      "tokens_per_second_cluster": 51816.98156139672,
      "peak_memory_gb": 10.365803008,
      "mfu": 0.07240221717888899,
      "gpu_name": "NVIDIA H100 NVL",
      "sync_counts": {
        "all": 500
      },
      "losses": [
        10.922897577285767,
        10.787061929702759,
        10.640798807144165,
        10.350178480148315,
        9.99003791809082,
        9.693385362625122,
        9.516817092895508,
        9.151890277862549,
        8.943523049354553,
        8.893255829811096,
        8.787523984909058,
        8.708956837654114,
        8.694687962532043,
        8.559032797813416,
        8.515305995941162,
        8.54859483242035,
        8.354803800582886,
        8.307194709777832,
        8.357010126113892,
        8.216882228851318,
        8.210740685462952,
        8.262864470481873,
        8.223979711532593,
        8.22263777256012,
        8.204222202301025,
        8.140187978744507,
        8.255881905555725,
        8.046924471855164,
        8.09789776802063,
        8.131880521774292,
        8.077393174171448,
        8.089463829994202,
        8.007970213890076,
        7.959250330924988,
        7.955406188964844,
        7.94562041759491,
        7.907868027687073,
        7.871881127357483,
        7.778932452201843,
        7.8296109437942505,
        7.871054530143738,
        7.775737404823303,
        7.843724489212036,
        7.780468821525574,
        7.743007659912109,
        7.7297457456588745,
        7.653346538543701,
        7.674844861030579,
        7.762277245521545,
        7.721017479896545,
        7.661527752876282,
        7.6769673228263855,
        7.684859275817871,
        7.646115064620972,
        7.63129985332489,
        7.613808631896973,
        7.591891050338745,
        7.613066554069519,
        7.524249315261841,
        7.545014262199402,
        7.5713969469070435,
        7.4742549657821655,
        7.5220030546188354,
        7.428574323654175,
        7.520821690559387,
        7.5143057107925415,
        7.472913980484009,
        7.455423712730408,
        7.455243468284607,
        7.4095379114151,
        7.411758661270142,
        7.398797512054443,
        7.535764098167419,
        7.449730217456818,
        7.465306997299194,
        7.305376410484314,
        7.362307786941528,
        7.367838025093079,
        7.3130980134010315,
        7.418611764907837,
        7.314198076725006,
        7.377586722373962,
        7.326267719268799,
        7.245834231376648,
        7.326137721538544,
        7.250924468040466,
        7.249163389205933,
        7.261364042758942,
        7.293196439743042,
        7.182347536087036,
        7.323299407958984,
        7.271671950817108,
        7.2168920040130615,
        7.1569130420684814,
        7.147308051586151,
        7.1666675209999084,
        7.294065892696381,
        7.206845819950104,
        7.163382887840271,
        7.104858696460724,
        7.170606970787048,
        7.154572010040283,
        7.134193241596222,
        7.150007665157318,
        6.976485729217529,
        6.916607439517975,
        7.057344734668732,
        6.973868191242218,
        6.879077196121216,
        7.004362761974335,
        6.954156577587128,
        6.758727729320526,
        6.927983939647675,
        6.933202743530273,
        6.8616005182266235,
        6.878016650676727,
        6.722692906856537,
        6.670856416225433,
        6.698645532131195,
        6.525901556015015,
        6.626727879047394,
        6.7648444175720215,
        6.422683119773865,
        6.4780309200286865,
        6.641499817371368,
        6.5190271735191345,
        6.4371819496154785,
        6.293767333030701,
        6.660030543804169,
        6.327982723712921,
        6.198256134986877,
        6.073574602603912,
        5.655640959739685,
        6.203295946121216,
        6.340412080287933,
        6.0922845005989075,
        5.8356475830078125,
        5.832747101783752,
        5.9237953424453735,
        5.529282033443451,
        5.9803184270858765,
        5.892211377620697,
        5.970917642116547,
        6.46082878112793,
        5.757437527179718,
        5.709817469120026,
        5.243977338075638,
        5.553470134735107,
        5.301496982574463,
        5.477259814739227,
        5.241099655628204,
        4.811780154705048,
        5.767651200294495,
        5.82091897726059,
        5.260479986667633,
        4.763574331998825,
        5.1212910413742065,
        4.78118309378624,
        5.558848202228546,
        5.085738658905029,
        5.2911341190338135,
        5.321078419685364,
        5.228189408779144,
        5.652595579624176,
        4.882959306240082,
        5.079244643449783,
        5.05749574303627,
        5.126909643411636,
        5.629919707775116,
        4.956805765628815,
        4.369140297174454,
        4.76215735077858,
        4.898092031478882,
        5.066426396369934,
        5.053568184375763,
        5.099891394376755,
        4.386463671922684,
        4.521038383245468,
        5.020390838384628,
        4.91469269990921,
        5.43071785569191,
        4.839476525783539,
        4.674418240785599,
        4.574423402547836,
        4.303824409842491,
        5.006757766008377,
        4.30093789100647,
        4.096777528524399,
        4.672774404287338,
        4.514658898115158,
        4.264588832855225,
        4.773992121219635,
        4.64176219701767,
        4.887761563062668,
        4.435236483812332,
        5.121680200099945,
        4.847997456789017,
        4.779849678277969,
        4.4912848472595215,
        5.3050218522548676,
        4.393334984779358,
        4.195080429315567,
        4.4185017347335815,
        3.9156717360019684,
        4.634562522172928,
        3.8807768523693085,
        4.458599030971527,
        4.5783268213272095,
        4.91953232884407,
        4.486227661371231,
        3.9710447788238525,
        3.666042238473892,
        4.5092781484127045,
        4.3363650143146515,
        4.794945120811462,
        3.186301976442337,
        4.697446227073669,
        4.500688135623932,
        4.697009563446045,
        4.142382562160492,
        4.484371781349182,
        3.8421189188957214,
        4.741021305322647,
        4.569240868091583,
        3.726528435945511,
        3.993560314178467,
        3.842544138431549,
        4.039161741733551,
        4.924942165613174,
        3.9277202039957047,
        3.075969710946083,
        3.990151971578598,
        3.8989080041646957,
        3.543931156396866,
        3.7679113149642944,
        3.994701564311981,
        4.4520560801029205,
        4.275856256484985,
        3.9349647760391235,
        3.88177327811718,
        3.85129976272583,
        4.11603245139122,
        3.9893901348114014,
        3.4868724644184113,
        3.6355412304401398,
        4.087655246257782,
        3.993611201643944,
        3.6657774448394775,
        3.0517233461141586,
        3.3210934549570084,
        3.6063694953918457,
        3.1879375725984573,
        4.332004278898239,
        4.161171913146973,
        3.914344161748886,
        3.7652348279953003,
        4.408219814300537,
        3.281593769788742,
        2.978536456823349,
        3.5342148542404175,
        3.058663174510002,
        3.8192335963249207,
        3.6846519112586975,
        3.618177518248558,
        3.4324974715709686,
        3.849566102027893,
        3.909635156393051,
        3.2201859802007675,
        4.229537844657898,
