{
  "timestamp": "20260424_022124",
  "config": {
    "model_size": "125M",
    "batch_size": 4,
    "gradient_accumulation": 4,
    "max_steps": 500,
    "max_seq_len": 1024,
    "learning_rate": 0.0006,
    "Kx": 1,
    "Ku": 1,
    "Kv": 1
  },
  "results": {
    "DDP": {
      "final_loss": 3.7991625368595123,
      "avg_loss": 3.161106459349394,
      "total_time_seconds": 187.02325439453125,
      "tokens_per_second_per_gpu": 43802.03962614578,
      "tokens_per_second_cluster": 131406.11887843732,
      "peak_memory_gb": 6.676655104,
      "mfu": 0.12240638842047688,
      "gpu_name": "NVIDIA H100 NVL",
      "sync_counts": {
        "all": 500
      },
      "losses": [
        10.941823959350586,
        10.805784702301025,
        10.697137832641602,
        10.49672794342041,
        10.221708536148071,
        9.965564727783203,
        9.537968397140503,
        9.507187128067017,
        9.22458028793335,
        9.295222759246826,
        8.81711196899414,
        8.835408926010132,
        8.836045026779175,
        8.707423686981201,
        8.56419062614441,
        13.072962522506714,
        8.64836049079895,
        8.551129341125488,
        8.596204280853271,
        8.502366304397583,
        8.548758268356323,
        8.432829856872559,
        8.337680101394653,
        8.499022960662842,
        8.46158766746521,
        8.483341455459595,
        8.331618785858154,
        8.367341995239258,
        8.437182903289795,
        8.310077905654907,
        8.373861074447632,
        8.277620792388916,
        8.233006477355957,
        8.185124397277832,
        8.301706790924072,
        8.361425399780273,
        8.344565629959106,
        8.131625652313232,
        8.223757266998291,
        8.123327732086182,
        8.176039934158325,
        8.082118034362793,
        8.163601875305176,
        8.0247642993927,
        8.235753059387207,
        8.149508953094482,
        8.056207418441772,
        7.937779664993286,
        8.158836841583252,
        8.101139783859253,
        8.083662033081055,
        8.149705648422241,
        7.978266000747681,
        7.866600513458252,
        7.909457683563232,
        7.992338418960571,
        7.965569734573364,
        7.899622917175293,
        7.892010927200317,
        7.87520956993103,
        7.844491243362427,
        7.974064111709595,
        7.903070688247681,
        7.98873496055603,
        7.900000810623169,
        7.923780679702759,
        7.90515661239624,
        7.764220714569092,
        7.8345959186553955,
        7.914182901382446,
        7.854030609130859,
        7.727120637893677,
        7.890084505081177,
        7.781920671463013,
        7.784115552902222,
        7.7772486209869385,
        7.841176271438599,
        7.778815269470215,
        7.7728588581085205,
        7.7570531368255615,
        7.726252794265747,
        7.688762426376343,
        7.708645343780518,
        7.810290813446045,
        7.72097635269165,
        7.702004671096802,
        7.7902727127075195,
        7.501256465911865,
        7.671815872192383,
        7.698717832565308,
        7.718721628189087,
        7.688455581665039,
        7.78643274307251,
        7.713117599487305,
        7.673699855804443,
        7.664910316467285,
        7.6837477684021,
        7.627041816711426,
        7.751498460769653,
        7.69791316986084,
        7.659087181091309,
        7.691290855407715,
        7.587905168533325,
        7.5562427043914795,
        7.59126353263855,
        7.483192682266235,
        7.472517013549805,
        7.617647886276245,
        7.599428653717041,
        7.562081336975098,
        7.6384241580963135,
        7.605152368545532,
        7.588336706161499,
        7.610129117965698,
        7.642128944396973,
        7.739041566848755,
        7.47772741317749,
        7.50480043888092,
        7.481677055358887,
        7.5215044021606445,
        7.628185033798218,
        7.649575710296631,
        7.480338096618652,
        7.32386314868927,
        7.421881198883057,
        7.390363931655884,
        7.428188323974609,
        7.3514909744262695,
        7.354962587356567,
        7.309645175933838,
        7.507550954818726,
        7.368833661079407,
        7.336728811264038,
        7.421287655830383,
        7.180696487426758,
        7.442728042602539,
        7.378117084503174,
        7.263071537017822,
        7.261806488037109,
        7.392467260360718,
        7.253089666366577,
        7.305204749107361,
        7.334410309791565,
        7.2309699058532715,
        7.040125250816345,
        7.213276386260986,
        7.133325457572937,
        7.330450654029846,
        7.2891411781311035,
        6.931978702545166,
        7.190999865531921,
        7.163602709770203,
        7.076465845108032,
        7.068901777267456,
        7.096784949302673,
        7.199516296386719,
        6.701209306716919,
        6.834536910057068,
        6.694434762001038,
        7.221658706665039,
        6.825654029846191,
        7.053447961807251,
        6.872797846794128,
        6.997443318367004,
        6.949605107307434,
        6.82389509677887,
        6.834477186203003,
        6.893261671066284,
        6.22103488445282,
        6.37960410118103,
        6.518899917602539,
        6.673447966575623,
        6.716531276702881,
        6.4537129402160645,
        6.9104262590408325,
        6.010566830635071,
        6.250649929046631,
        6.212939381599426,
        6.529539585113525,
        6.786939978599548,
        6.15656054019928,
        6.400239706039429,
        6.317115902900696,
        6.249757528305054,
        6.439420938491821,
        5.99438214302063,
        6.388596057891846,
        6.5396645069122314,
        6.62972891330719,
        6.08350932598114,
        6.051477551460266,
        5.589704155921936,
        5.814516186714172,
        6.220989465713501,
        6.400196552276611,
        6.71289324760437,
        6.215646982192993,
        5.659496188163757,
        5.607734441757202,
        6.013615250587463,
        6.166708946228027,
        5.893849730491638,
        6.2531198263168335,
        6.260472416877747,
        6.206672787666321,
        6.634588003158569,
        6.060525059700012,
        5.900901198387146,
        6.298460125923157,
        5.152085840702057,
        5.790752053260803,
        6.396162033081055,
        5.854353547096252,
        5.31488311290741,
        4.432699382305145,
        5.536553263664246,
        5.355896353721619,
        5.546423077583313,
        5.506934881210327,
        6.009382843971252,
        5.814237713813782,
        6.097197771072388,
        5.559410810470581,
        5.444975018501282,
        5.276102185249329,
        5.138142228126526,
        5.560530781745911,
        5.847786068916321,
        5.927679657936096,
        6.099020600318909,
        5.475499272346497,
        5.843937635421753,
        5.6098761558532715,
        4.902144908905029,
        5.151308536529541,
        5.27255916595459,
        5.784482836723328,
        5.892274975776672,
        5.390269756317139,
        5.093101620674133,
        5.2522571086883545,
        5.937832474708557,
        5.461563587188721,
        5.751140594482422,
        5.252284586429596,
        4.807725667953491,
        5.790587544441223,
        5.411595702171326,
        4.673686623573303,
        4.957388401031494,
        5.886508345603943,
        5.46255099773407,
        5.9690364599227905,
        5.477671146392822,
        3.717617154121399,
        4.0589282512664795,
        4.141251921653748,
        4.4229854345321655,
        5.06927889585495,
        5.560423731803894,
        5.412296712398529,
        4.076905846595764,
        4.780090630054474,
        5.075607657432556,
        5.28837513923645,
        4.898090720176697,
        5.740972936153412,
        4.433408856391907,
        5.306309938430786,
        4.648525893688202,
        4.211751341819763,
