{
  "timestamp": "20260424_031617",
  "config": {
    "model_size": "700M",
    "batch_size": 4,
    "gradient_accumulation": 4,
    "max_steps": 500,
    "max_seq_len": 1024,
    "learning_rate": 0.0006,
    "Kx": 1,
    "Ku": 1,
    "Kv": 1
  },
  "results": {
    "DDP": {
      "final_loss": 7.709228992462158,
      "avg_loss": 7.688347965478897,
      "total_time_seconds": 841.9611401557922,
      "tokens_per_second_per_gpu": 9729.665193911673,
      "tokens_per_second_cluster": 29188.99558173502,
      "peak_memory_gb": 26.510022144,
      "mfu": 0.16914648183522354,
      "gpu_name": "NVIDIA H100 NVL",
      "sync_counts": {
        "all": 500
      },
      "losses": [
        11.075492858886719,
        10.83259630203247,
        10.670518636703491,
        10.187841176986694,
        9.924438238143921,
        9.707120180130005,
        9.290432214736938,
        9.206976175308228,
        9.156446695327759,
        9.306690454483032,
        8.855535984039307,
        8.958352088928223,
        8.841231346130371,
        15.629044532775879,
        8.715377569198608,
        8.807356119155884,
        8.773580312728882,
        8.584173202514648,
        8.771450519561768,
        8.489165306091309,
        8.698198318481445,
        8.544800281524658,
        8.39229941368103,
        8.609593152999878,
        8.555776119232178,
        8.571579456329346,
        8.46847915649414,
        8.48266863822937,
        8.526295900344849,
        8.462661266326904,
        8.517041444778442,
        8.38684868812561,
        8.417443990707397,
        8.344833135604858,
        8.494947910308838,
        8.583924531936646,
        8.515576124191284,
        8.271576642990112,
        8.388235569000244,
        8.304285526275635,
        8.384101390838623,
        8.345768451690674,
        8.325952053070068,
        8.237132549285889,
        8.476652145385742,
        8.375149726867676,
        8.36039137840271,
        8.234229326248169,
        8.449524402618408,
        8.3287935256958,
        8.386122941970825,
        8.457895040512085,
        8.276283502578735,
        8.235089540481567,
        8.304707288742065,
        8.456154823303223,
        8.408372402191162,
        8.282633781433105,
        8.254111766815186,
        8.255686283111572,
        8.182983875274658,
        8.373855113983154,
        8.273766994476318,
        8.400372982025146,
        8.323485136032104,
        8.366348505020142,
        8.319048166275024,
        8.174190044403076,
        8.35958743095398,
        8.326355934143066,
        8.338855504989624,
        8.296827554702759,
        8.387568473815918,
        8.267838478088379,
        8.347425937652588,
        8.262693405151367,
        8.32505464553833,
        8.235588788986206,
        8.310648679733276,
        8.183653593063354,
        8.273227214813232,
        8.32114863395691,
        8.301400184631348,
        8.450242042541504,
        8.259824275970459,
        8.240949392318726,
        8.318511724472046,
        8.160986423492432,
        8.252909183502197,
        8.314587116241455,
        8.30680537223816,
        8.297224044799805,
        8.264904022216797,
        8.197026252746582,
        8.224632740020752,
        8.263341426849365,
        8.298093318939209,
        8.222496032714844,
        8.308491945266724,
        8.28510856628418,
        8.234522581100464,
        8.329699516296387,
        8.237993001937866,
        8.275794744491577,
        8.123509645462036,
        8.272443532943726,
        8.175519227981567,
        8.262887716293335,
        8.248631477355957,
        8.167042255401611,
        8.288001298904419,
        8.2453293800354,
        8.217758417129517,
        8.196019172668457,
        8.342249631881714,
        8.303744554519653,
        8.121578216552734,
        8.284541845321655,
        8.259722471237183,
        8.289938688278198,
        8.271841764450073,
        8.330123901367188,
        8.166621208190918,
        8.17900276184082,
        8.253509759902954,
        8.19304633140564,
        8.200570821762085,
        8.299573421478271,
        8.327316284179688,
        8.127796411514282,
        8.317797422409058,
        8.218470811843872,
        8.196658611297607,
        8.166271209716797,
        8.18444299697876,
        8.22727084159851,
        8.306519269943237,
        8.174594640731812,
        8.156717300415039,
        8.250606536865234,
        8.234107494354248,
        8.22900938987732,
        8.261680603027344,
        8.238959312438965,
        8.11726975440979,
        8.141353130340576,
        8.277864933013916,
        8.25071382522583,
        8.203373908996582,
        8.079972982406616,
        8.17782998085022,
        8.261728525161743,
        8.203438997268677,
        8.176351070404053,
        8.141531229019165,
        8.156060934066772,
        8.22616958618164,
        8.163768291473389,
        8.1443030834198,
        8.235499858856201,
        8.164367914199829,
        8.217670202255249,
        8.1418616771698,
        8.102367639541626,
        8.116063117980957,
        8.102877378463745,
        8.113829612731934,
        8.255486011505127,
        8.192979097366333,
        8.210750818252563,
        8.166290521621704,
        8.090774536132812,
        8.124059677124023,
        8.026799201965332,
        8.150517225265503,
        8.075673580169678,
        8.229042291641235,
        8.192008256912231,
        8.141206979751587,
        8.127103805541992,
        8.1239595413208,
        8.122675657272339,
        8.091682434082031,
        8.128863334655762,
        8.006486892700195,
        7.97859525680542,
        8.160916566848755,
        8.049469947814941,
        8.108929872512817,
        8.110888719558716,
        8.032123565673828,
        8.03451657295227,
        7.992969274520874,
        8.052011728286743,
        8.141799211502075,
        7.946814298629761,
        8.090014219284058,
        8.086026430130005,
        7.943390607833862,
        8.009735584259033,
        7.983435153961182,
        7.998420476913452,
        8.012521266937256,
        8.111463785171509,
        8.079567909240723,
        8.049818992614746,
        8.049861669540405,
        7.9964141845703125,
        8.01829481124878,
        7.956634759902954,
        8.078465223312378,
        7.952200651168823,
        8.03563141822815,
        8.075207710266113,
        7.925662994384766,
        7.979649305343628,
        8.053195476531982,
        7.957153558731079,
        7.979472398757935,
        8.060258388519287,
        7.9600231647491455,
        7.967822551727295,
        7.972946643829346,
        8.000455617904663,
        7.966873645782471,
        7.9760401248931885,
        7.971480131149292,
        7.903989791870117,
        7.9938108921051025,
        7.940246105194092,
        7.928351163864136,
        7.936682939529419,
        7.956106662750244,
        7.971702575683594,
        7.891343593597412,
        7.942952871322632,
        7.941982746124268,
        7.966559171676636,
        7.923067092895508,
        7.887069940567017,
        7.960893630981445,
        7.937194108963013,
        7.941805362701416,
        7.948995351791382,
        7.93221116065979,
        7.947635889053345,
        7.907294988632202,
        7.926091909408569,
        7.891544818878174,
        7.9855334758758545,
        7.947327613830566,
        7.933080434799194,
        7.874235153198242,
        7.934405565261841,
        7.926663875579834,
        7.953160762786865,
        7.896117210388184,
        8.038296937942505,
        7.913083553314209,
        7.911696672439575,
        7.908342361450195,
        7.889541149139404,
        7.8678319454193115,
        7.9311442375183105,
        7.8635852336883545,
        7.860131502151489,
        7.9054954051971436,
        7.923310041427612,
        7.849643230438232,
        7.932746648788452,
        7.9144206047058105,
