{
  "timestamp": "20260424_023113",
  "config": {
    "model_size": "125M",
    "batch_size": 4,
    "gradient_accumulation": 4,
    "max_steps": 500,
    "max_seq_len": 1024,
    "learning_rate": 0.0006,
    "Kx": 1,
    "Ku": 1,
    "Kv": 1
  },
  "results": {
    "DDP": {
      "final_loss": 3.7581484615802765,
      "avg_loss": 3.1666053660213946,
      "total_time_seconds": 188.18704223632812,
      "tokens_per_second_per_gpu": 43531.158695359925,
      "tokens_per_second_cluster": 130593.47608607978,
      "peak_memory_gb": 6.676655104,
      "mfu": 0.12164940183463577,
      "gpu_name": "NVIDIA H100 NVL",
      "sync_counts": {
        "all": 500
      },
      "losses": [
        10.929780006408691,
        10.860488414764404,
        10.624258995056152,
        10.388553857803345,
        10.152223587036133,
        9.898150205612183,
        9.500538349151611,
        9.806914329528809,
        9.23623275756836,
        9.225553750991821,
        8.8578519821167,
        8.815920114517212,
        8.858241081237793,
        8.724186182022095,
        8.609390258789062,
        9.222316026687622,
        8.692285776138306,
        8.535934448242188,
        8.621833801269531,
        8.400614023208618,
        8.575291395187378,
        8.427230596542358,
        8.401485204696655,
        8.526002168655396,
        8.501519680023193,
        8.489814281463623,
        8.384787797927856,
        8.380800247192383,
        8.470509052276611,
        8.324172496795654,
        8.364899396896362,
        8.264389038085938,
        8.281236171722412,
        8.210994958877563,
        8.341634273529053,
        8.428481101989746,
        8.345065832138062,
        8.2190101146698,
        8.23230242729187,
        8.147902965545654,
        8.218015670776367,
        8.139957904815674,
        8.13973093032837,
        8.02825927734375,
        8.32354474067688,
        8.178109169006348,
        8.089121103286743,
        7.9955339431762695,
        8.23840618133545,
        8.186398029327393,
        8.124030590057373,
        8.146045207977295,
        8.068391799926758,
        7.9343297481536865,
        8.02501368522644,
        8.1395742893219,
        8.029375314712524,
        8.01951813697815,
        7.964632749557495,
        7.914710521697998,
        7.863226890563965,
        8.038743734359741,
        7.947678089141846,
        8.00491452217102,
        7.928196430206299,
        7.9755072593688965,
        7.965487003326416,
        7.80851411819458,
        7.9015936851501465,
        7.904675006866455,
        7.894147634506226,
        7.818167686462402,
        7.924521207809448,
        7.818309545516968,
        7.792528867721558,
        7.814848899841309,
        7.850592851638794,
        7.82623815536499,
        7.830977201461792,
        7.7372941970825195,
        7.739543914794922,
        7.783595085144043,
        7.721857070922852,
        7.821200132369995,
        7.722594499588013,
        7.661078691482544,
        7.8024303913116455,
        7.506910085678101,
        7.647069931030273,
        7.757754802703857,
        7.715027570724487,
        7.761324405670166,
        7.800387620925903,
        7.696199655532837,
        7.698193788528442,
        7.657489776611328,
        7.727261304855347,
        7.61455225944519,
        7.754806995391846,
        7.775424957275391,
        7.726866722106934,
        7.694438695907593,
        7.651592254638672,
        7.539661407470703,
        7.621315240859985,
        7.615314722061157,
        7.487674713134766,
        7.603893280029297,
        7.557104110717773,
        7.578587770462036,
        7.669581651687622,
        7.61410927772522,
        7.632154703140259,
        7.571460485458374,
        7.646943092346191,
        7.6882405281066895,
        7.476508617401123,
        7.497896194458008,
        7.507067918777466,
        7.552696228027344,
        7.607644081115723,
        7.625428915023804,
        7.438867568969727,
        7.369335174560547,
        7.447464466094971,
        7.401143908500671,
        7.4098756313323975,
        7.347519636154175,
        7.329054832458496,
        7.38591742515564,
        7.493334054946899,
        7.35057008266449,
        7.254417061805725,
        7.429393410682678,
        7.181885838508606,
        7.3368130922317505,
        7.378493785858154,
        7.31341028213501,
        7.353258371353149,
        7.404199123382568,
        7.344494581222534,
        7.358727812767029,
        7.295448660850525,
        7.324257850646973,
        7.049662351608276,
        7.184899926185608,
        7.116130113601685,
        7.326977610588074,
        7.198991656303406,
        6.885760307312012,
        7.2103188037872314,
        7.20106053352356,
        7.120248913764954,
        7.0409780740737915,
        7.145228862762451,
        7.281674027442932,
        6.785715341567993,
        6.878262758255005,
        6.679967164993286,
        7.284260869026184,
        6.805307745933533,
        7.01703941822052,
        6.898974180221558,
        7.056073904037476,
        6.934692025184631,
        6.78157639503479,
        6.796112895011902,
        6.935622811317444,
        6.223598122596741,
        6.413042902946472,
        6.477259635925293,
        6.674737334251404,
        6.748950839042664,
        6.460986018180847,
        6.923788905143738,
        6.113431334495544,
        6.2651485204696655,
        6.099277377128601,
        6.459694743156433,
        6.6873215436935425,
        6.11747145652771,
        6.377954721450806,
        6.2342917919158936,
        6.278257608413696,
        6.468345522880554,
        5.920143961906433,
        6.46263325214386,
        6.641833305358887,
        6.56838858127594,
        5.98832905292511,
        6.028930902481079,
        5.652872085571289,
        5.8360865116119385,
        6.042355537414551,
        6.438373804092407,
        6.711004853248596,
        6.16818904876709,
        5.722975969314575,
        5.678605318069458,
        5.905648469924927,
        6.121587038040161,
        5.819815635681152,
        6.293045520782471,
        6.219273090362549,
        6.302436947822571,
        6.697386860847473,
        6.116949558258057,
        5.910141110420227,
        6.319813966751099,
        5.170133829116821,
        5.711621284484863,
        6.46411657333374,
        5.90584933757782,
        5.391381025314331,
        4.49806934595108,
        5.617892265319824,
        5.3219252824783325,
        5.5825337171554565,
        5.485624194145203,
        5.988674283027649,
        5.78258204460144,
        6.172000169754028,
        5.541216492652893,
        5.349743366241455,
        5.223979830741882,
        5.056856751441956,
        5.638357996940613,
        5.916618227958679,
        5.825451731681824,
        6.09534752368927,
        5.439438045024872,
        5.905450940132141,
        5.579686641693115,
        4.871092796325684,
        5.284103155136108,
        5.253694295883179,
        5.691555380821228,
        5.954630732536316,
        5.457475423812866,
        5.156222939491272,
        5.318673491477966,
        5.933336615562439,
        5.517933130264282,
        5.7073527574539185,
        5.257884919643402,
        4.795162558555603,
        5.75539243221283,
        5.459455490112305,
        4.579398036003113,
        4.939771413803101,
        5.910096287727356,
        5.372654676437378,
        6.0571383237838745,
        5.511048197746277,
        3.639216661453247,
        4.097108900547028,
        4.129201769828796,
        4.641938030719757,
        5.043379068374634,
        5.593164086341858,
        5.500951051712036,
        4.02010315656662,
        4.847219824790955,
        5.0602346658706665,
        5.380726337432861,
        4.947207272052765,
        5.7770790457725525,
        4.400391340255737,
        5.446609020233154,
        4.8112088441848755,
        4.178642451763153,
