{
  "timestamp": "20260422_100941",
  "config": {
    "model_size": "125M",
    "batch_size": 4,
    "gradient_accumulation": 4,
    "max_steps": 500,
    "max_seq_len": 1024,
    "learning_rate": 0.0006,
    "Kx": 32,
    "Ku": 96,
    "Kv": 192
  },
  "results": {
    "DDP": {
      "final_loss": 4.2359665632247925,
      "avg_loss": 4.428815886974335,
      "total_time_seconds": 237.85618233680725,
      "tokens_per_second_per_gpu": 34440.97992121991,
      "tokens_per_second_cluster": 68881.95984243981,
      "peak_memory_gb": 10.311691264,
      "mfu": 0.08236485107865144,
      "gpu_name": "NVIDIA A100 80GB PCIe",
      "sync_counts": {
        "all": 500
      },
      "losses": [
        11.009485721588135,
        10.893645763397217,
        10.76156997680664,
        10.666347980499268,
        10.399153709411621,
        10.116464376449585,
        9.897212266921997,
        9.714816808700562,
        9.447851419448853,
        10.641485691070557,
        9.188230752944946,
        9.1354398727417,
        9.216190814971924,
        9.046945333480835,
        8.851234197616577,
        8.929610967636108,
        8.817497968673706,
        8.999553680419922,
        8.881916999816895,
        8.857965230941772,
        8.770059585571289,
        8.835124492645264,
        8.738157272338867,
        8.575806617736816,
        8.701448917388916,
        8.57337474822998,
        8.486680269241333,
        8.630328178405762,
        8.502763748168945,
        8.58901047706604,
        8.399940252304077,
        8.194568872451782,
        8.351064205169678,
        8.445045948028564,
        8.537834882736206,
        8.320048332214355,
        8.3884437084198,
        8.380759239196777,
        8.365268230438232,
        8.444788455963135,
        8.322734355926514,
        8.434947729110718,
        8.406563758850098,
        8.269018173217773,
        8.302207708358765,
        8.214803695678711,
        8.28513216972351,
        8.177961587905884,
        8.432677507400513,
        8.28031301498413,
        8.176891803741455,
        8.131763219833374,
        8.247688293457031,
        8.322004318237305,
        8.350563049316406,
        8.376498699188232,
        8.312729358673096,
        8.277916669845581,
        8.316856145858765,
        8.162009000778198,
        8.173630475997925,
        8.13638949394226,
        8.054824829101562,
        8.192597389221191,
        8.175519943237305,
        8.114003896713257,
        8.19156002998352,
        8.077833890914917,
        8.118429183959961,
        8.160496711730957,
        8.306476593017578,
        8.062741994857788,
        8.105310201644897,
        8.044037103652954,
        8.022129774093628,
        8.224485158920288,
        8.092834949493408,
        8.022104978561401,
        8.050486326217651,
        8.125051736831665,
        8.008745193481445,
        8.096917390823364,
        8.051805973052979,
        8.102270603179932,
        8.027337789535522,
        7.937532901763916,
        8.051321506500244,
        7.94370436668396,
        7.941107511520386,
        7.937742233276367,
        8.01963758468628,
        7.966883420944214,
        8.038194179534912,
        8.024393081665039,
        7.922927141189575,
        7.828080177307129,
        7.930602550506592,
        8.078276634216309,
        7.914959907531738,
        7.908534288406372,
        7.947246789932251,
        7.9324188232421875,
        8.05842399597168,
        7.9123358726501465,
        7.95429801940918,
        7.92376971244812,
        7.90322732925415,
        7.845809698104858,
        7.944769859313965,
        7.829391956329346,
        7.855364561080933,
        7.86854100227356,
        7.742455005645752,
        7.8799803256988525,
        7.930194139480591,
        7.9697229862213135,
        7.733462810516357,
        7.794198751449585,
        7.874187231063843,
        7.814008712768555,
        7.944624423980713,
        7.753676652908325,
        7.8251261711120605,
        7.872373819351196,
        7.878412246704102,
        7.79210638999939,
        7.808831691741943,
        7.854633092880249,
        7.797263860702515,
        7.794434547424316,
        7.760264873504639,
        7.72739315032959,
        7.799404144287109,
        7.86909294128418,
        7.777342081069946,
        7.706570386886597,
        7.813139200210571,
        7.752609729766846,
        7.669510364532471,
        7.805960178375244,
        7.78475546836853,
        7.833732604980469,
        7.8681800365448,
        7.677565336227417,
        7.77272891998291,
        7.706520080566406,
        7.794174432754517,
        7.641394376754761,
        7.7546045780181885,
        7.674228191375732,
        7.711316108703613,
        7.73171067237854,
        7.771811008453369,
        7.682720899581909,
        7.584370136260986,
        7.75766134262085,
        7.659163475036621,
        7.686389923095703,
        7.737404108047485,
        7.683263301849365,
        7.666191816329956,
        7.748686790466309,
        7.677584171295166,
        7.786263942718506,
        7.6250669956207275,
        7.659792900085449,
        7.529749631881714,
        7.769174337387085,
        7.654379844665527,
        7.572699069976807,
        7.6941142082214355,
        7.701047658920288,
        7.734270811080933,
        7.66270112991333,
        7.646333932876587,
        7.726223945617676,
        7.566592693328857,
        7.617249011993408,
        7.587652683258057,
        7.71270227432251,
        7.577256679534912,
        7.638578176498413,
        7.652592182159424,
        7.6259400844573975,
        7.578173041343689,
        7.551628828048706,
        7.552593469619751,
        7.5415003299713135,
        7.583234548568726,
        7.535202980041504,
        7.542115926742554,
        7.4058310985565186,
        7.378210067749023,
        7.465245962142944,
        7.453429579734802,
        7.594066858291626,
        7.5366209745407104,
        7.5096471309661865,
        7.426039218902588,
        7.420724630355835,
        7.518160343170166,
        7.5064074993133545,
        7.363542914390564,
        7.332869052886963,
        7.489222526550293,
        7.438689112663269,
        7.40927267074585,
        7.484081864356995,
        7.272214651107788,
        7.331287145614624,
        7.425278902053833,
        7.329432964324951,
        7.373116493225098,
        7.426620841026306,
        7.4039753675460815,
        7.47599470615387,
        7.432032227516174,
        7.350506544113159,
        7.390607118606567,
        7.255587220191956,
        7.250126838684082,
        7.437406539916992,
        7.386570453643799,
        6.98613166809082,
        7.153071641921997,
        7.413451194763184,
        7.1435792446136475,
        7.17974853515625,
        7.341779947280884,
        7.197363376617432,
        7.339576482772827,
        7.170513033866882,
        7.160358548164368,
        7.142377257347107,
        7.194074869155884,
        7.080691576004028,
        7.278103590011597,
        7.2501949071884155,
        7.1347280740737915,
        7.237584471702576,
        7.061703085899353,
        6.9263821840286255,
        7.261857628822327,
        7.340078234672546,
        7.062620043754578,
        7.030717492103577,
        7.047621369361877,
        7.149778485298157,
        6.9348859786987305,
        6.808217644691467,
        6.825538754463196,
        6.580601692199707,
        7.539380669593811,
        7.112719297409058,
        7.067340850830078,
        7.000713467597961,
        7.26979672908783,
        6.5759981870651245,
        6.756638407707214,
        6.503635883331299,
        6.87837815284729,
        6.457132935523987,
        6.901559472084045,
        6.219735383987427,
        7.17505145072937,
        7.061293244361877,
        6.909332036972046,
        7.165936350822449,
        6.704708218574524,
        6.939031481742859,
