{
  "timestamp": "20260424_021808",
  "config": {
    "model_size": "125M",
    "batch_size": 4,
    "gradient_accumulation": 1,
    "max_steps": 10,
    "max_seq_len": 1024,
    "learning_rate": 0.0006,
    "Kx": 32,
    "Ku": 96,
    "Kv": 192
  },
  "results": {
    "DESLOC": {
      "final_loss": 10.290363311767578,
      "avg_loss": 10.665150260925293,
      "total_time_seconds": 2.11830735206604,
      "tokens_per_second_per_gpu": 19336.193097781892,
      "tokens_per_second_cluster": 58008.579293345676,
      "peak_memory_gb": 5.67688448,
      "mfu": 0.05403569292895734,
      "gpu_name": "NVIDIA H100 NVL",
      "sync_counts": {
        "x": 6,
        "u": 0,
        "v": 6
      },
      "losses": [
        10.93910026550293,
        10.802093505859375,
        10.811861038208008,
        10.739473342895508,
        10.638269424438477,
        10.76407241821289,
        10.652826309204102,
        10.529338836669922,
        10.48410415649414,
        10.290363311767578
      ]
    }
  }
}